protein_id,molecular_weight,logp,h_bond_donors,h_bond_acceptors,rotatable_bonds,polar_surface_area,compound_clogp,protein_length,protein_pi,hydrophobicity,binding_site_size,mw_ratio,logp_pi_interaction,binding_affinity
PID_361,499.67141530112326,2.487232587538428,1,7,4,113.35081706662132,4.050695616519293,678,6.019657217105079,0.81253403121251,12.512165404542444,0.7369784886447246,14.972287596194638,5.996664621837803
PID_165,436.1735698828815,3.2832219939267238,3,4,4,71.9811318524487,3.704408407970221,876,6.447407819905116,0.6514165159382422,11.538420295659154,0.4979150341128784,21.168271158127624,6.445742378174561
PID_226,602.3029856408025,3.03805770554144,0,5,5,79.86812509044209,2.4519091990542217,312,7.597055601179965,0.5130382534887084,12.071822442394431,1.9304582873102645,23.08029330859155,6.043437632293975
PID_224,426.5846625276664,0.6595779995693216,2,4,5,88.1986764351942,1.771935995309609,1418,4.249453713432249,0.61357131201758,15.85044759917829,0.3008354460702866,2.802846179568068,4.845054928329515
PID_313,607.9212815507392,3.5018082130433363,1,11,4,80.24229176786437,3.5801511722182644,657,5.282395058850025,0.6527199374182909,15.6120280541127,0.9252987542629212,18.497934401620554,6.233966955142608
PID_477,526.7434729152909,2.274367053397714,0,3,5,124.78780872847337,2.783815219142318,839,6.382959255477441,0.4987176007064832,12.237889980939988,0.6278229712935529,14.517192233837893,5.938336101146682
PID_249,403.0525614065048,4.488868502648607,0,2,5,93.11870041158797,4.035317792869435,1308,4.552729573785369,0.6171409545606291,17.56613124307788,0.3081441600967162,20.43660438484196,6.596270153697496
PID_164,504.2560043585965,4.906355206439837,1,7,6,89.56669970530447,0.9031602073006952,775,5.227529319122204,0.5491065654238814,15.890644488299126,0.6506529088498019,25.648115691692123,7.00971600532088
PID_327,403.65823071875377,1.088660203446539,0,5,9,100.5444301509312,3.13120086687609,1497,7.878734050771453,0.7440229305838849,16.48447806213534,0.2696447766992343,8.577264214614022,5.029621087300386
PID_176,403.4270246429743,2.3559128321506786,2,1,3,52.02952152014548,3.7974196514360816,999,6.36516757636949,0.5640827642123517,13.441896866752913,0.4038308554984727,14.995779971958315,6.3561949663373145
PID_290,258.6719755342202,2.090145348336703,3,4,3,87.57158416962508,1.1644801545411256,452,5.016508658900307,0.6782126525954608,18.384797094536864,0.5722831317128766,10.48523223829127,5.6300161617621445
PID_240,277.5082167486967,4.744212262897623,1,9,8,64.57342187877833,1.5400044007637863,1157,6.435396770531325,0.6046284422496075,14.447798566024684,0.2398515270083809,30.530888275366472,7.028122171696053
PID_222,348.71688796655764,3.103227738034084,6,9,9,93.32902310123596,2.1604472779168766,868,5.545675434912333,0.7430515157279423,18.304467456215004,0.4017475667817484,17.209493835754184,6.295124593034735
PID_339,481.4247332595274,0.4942064533898698,3,5,7,82.15488194366246,1.864561583898458,927,6.438707475058569,0.6517206578314219,13.603883321734438,0.5193362818333629,3.182050785663539,5.029405482268586
PID_158,359.1975924478789,4.45312704531384,1,2,5,107.15411656722634,2.3934171548930943,1483,4.229449648612499,0.6868101385447005,14.756284057095586,0.2422101095400397,18.834276617029435,11.170882798731965
PID_478,308.76962986647084,1.6411124077197912,1,8,2,61.21224207863009,2.4961079278626577,811,7.026330493203358,0.4144576812364414,15.23937407160722,0.380727040525858,11.53099815313595,2.2924131827770435
PID_494,596.5648768921554,3.5898989453994923,4,2,4,51.8733085907669,4.223444283652022,1345,6.020608738936229,0.7731725173710496,11.706539525262606,0.4435426593993721,21.613376962570136,6.357755247281158
PID_213,427.4223699513464,3.916065406937288,3,7,4,60.94929839326915,0.7057984629333647,1178,6.191336729811827,0.701189666976717,16.324987534663222,0.362837325934929,24.245679590316325,6.9356322585060575
PID_181,456.7528204687924,5.540987893757976,0,9,2,69.75827334192277,3.490996440989167,878,7.52211896254014,0.6426842177072578,18.06756844679822,0.5202196132901963,41.67997010684223,8.216137502782155
PID_313,307.52518137865434,1.5367694013213318,0,3,5,83.35429523318956,4.552863037090133,768,7.018440172949611,0.7065849682754421,14.568341951346456,0.4004234132534561,10.785724102793358,5.571430116072559
PID_356,395.5617275474817,-1.029268233731238,3,3,8,71.71368868351821,3.9343916699932375,742,6.117992973126666,0.7187849243842807,16.019550163056802,0.5331020586893285,-6.297055821430209,4.267684073473866
PID_423,461.0922589709866,3.7757743171305433,3,6,6,50.32136834179994,5.588546901570279,718,5.1600967650655605,0.6083627482663752,19.195742387754528,0.6421897757256081,19.483360839442938,5.947246500999905
PID_102,487.5698018345672,5.358419529409156,2,2,8,48.04030905332596,3.870615362329308,209,4.891853597686778,0.7548724541486701,16.08079499288101,2.332869865237164,26.21260385285527,7.090076314240112
PID_364,389.9361310081195,3.8144891229119375,1,9,10,72.79127350620566,2.6967993324510435,356,7.255240283121381,0.6954897743202215,13.29056339499098,1.0953262106969648,27.67503514407904,6.850492625945496
PID_437,420.8306250206723,2.7625457215519287,4,5,6,59.722475983177695,2.1773347355682544,1211,4.583127266952362,0.6247394012762661,13.208681102791758,0.3475067093482017,12.66109862264723,5.865272031860298
PID_424,389.8293387770603,4.710683894955966,2,5,6,70.40473844968002,0.1359261983383288,924,7.6014479637741506,0.6796650761657868,16.02567978441836,0.4218932237846973,35.80801850129671,7.41057029629434
PID_377,635.2278184508938,2.039680700443297,1,3,4,113.18776735883024,2.242282102187629,340,7.712721023460283,0.7882239063622635,15.724108701939862,1.868317113090864,15.73148821945521,6.17789317855928
PID_200,448.6502775262066,4.214536654034329,2,6,11,50.758213120849504,4.07810271581851,838,4.204866988173839,0.7283975941015451,16.665209518583094,0.5353821927520365,17.721566046997577,6.309234154334105
PID_217,344.22890710441,4.25820523874994,2,6,4,87.49002733866806,0.7412039837284738,336,7.039202063225522,0.5336932845727957,15.228476248873347,1.024490794953601,29.974367102246305,2.818212973065478
PID_179,532.2544912103189,5.09031486124832,2,4,6,50.38005367221866,5.317170785488226,890,6.939804377299826,0.7086683814212422,16.395428451897462,0.5980387541688976,35.325789355925444,13.27583256081832
PID_232,327.9156350028978,7.639490058366617,1,6,3,46.626738540631024,3.291766056161156,642,7.343659165623231,0.6954157905191857,19.996556916214107,0.5107720171384701,56.10181118781156,8.8455277663161
PID_138,470.8863595004755,4.088623950768151,0,8,9,89.28229703295517,1.4734505022979856,1490,6.938288330021982,0.766411352371157,18.17973121591673,0.3160311137587084,28.36805184346303,7.19493244108723
PID_102,254.03298761202245,2.736554561438752,3,4,3,96.87340830684325,3.074364724018704,875,5.345221168651733,0.6532819512929802,16.015145096233464,0.2903234144137399,14.627489370972876,6.293943391605643
PID_363,469.68612358691234,0.8463861426663226,6,4,14,107.77409412142649,2.2133414950441392,1132,8.497575843720764,0.5131835185543058,14.103293959487392,0.4149170703064597,7.192230440381339,5.270408102536306
PID_151,523.8466579995411,2.4579303033664126,4,9,5,75.56803809280503,2.051254285401372,1316,5.170623828860512,0.5805405593008712,14.522432726586214,0.3980597705163686,12.70903299626472,5.622318225310591
PID_296,467.1368281189971,2.886076342830344,2,5,5,86.87420316653024,5.169003776356076,840,6.887429550021407,0.7707945569752295,16.477382792014396,0.5561152715702347,19.877647487227424,6.617328421806263
PID_489,438.4351717611759,2.713867403098112,1,7,7,70.36618314791394,2.3921391561695624,1359,7.88150464874606,0.669795648669918,15.262950674147575,0.3226160204276497,21.38935855359816,6.924883502765325
PID_481,419.8896304410711,3.728532308050583,4,2,5,112.32349906274588,2.62764632598954,310,5.311096629367226,0.6400212186573023,17.379056028694556,1.3544826788421649,19.802595373774253,6.079888858549092
PID_254,302.1478009632573,2.2663701014266997,2,4,5,57.217084412247125,4.388055374680672,1267,4.799856023461024,0.7795623782592556,18.80121901033808,0.2384749810286166,10.878250182724916,5.740158792718207
PID_476,378.0155791605291,5.181546000986707,3,4,4,92.52028969857818,2.7125741123091407,1090,4.9806771996186505,0.7589602467345986,14.694702117018709,0.3468032836335129,25.80760802588969,7.014671059591679
PID_313,403.93612290402126,3.5003105973772954,2,7,11,53.36945848224372,3.7174335207133664,410,6.973965633891679,0.576425444637199,8.972350382648989,0.9852100558634664,24.411045814056116,6.765642055475305
PID_155,555.7122226218916,3.4860495182920785,3,3,5,82.74977341426965,2.233845850305737,542,4.970475472409968,0.7700996333626334,21.102566777371838,1.0252993037304272,17.32732362627736,5.870033576779255
PID_126,273.69598446372663,3.7327860257884686,2,3,9,85.66486561360774,3.2570550210283784,610,8.145525675563864,0.6959544941900423,15.58548510929604,0.4486819417438141,30.405504414445964,7.211132121600966
PID_144,482.40839693947953,4.737647397001452,2,3,8,129.3529204289984,1.6228127509364718,958,6.438430250709643,0.6841308397393867,17.18247686018092,0.5035578256153231,30.503012318049944,7.435003651243307
PID_468,382.3077999694041,2.512825266387115,3,10,4,73.94150836852283,1.698754794173028,431,6.650491607256063,0.6881011676245506,20.41810262571038,0.8870250579336523,16.711523344608487,5.691425908152446
PID_132,511.1676288840868,3.044410956835003,2,3,8,101.66757621827792,3.277105148605247,1003,6.417592575118009,0.625543980119699,13.90838058669762,0.5096387127458493,19.53778915219223,6.854947941986599
PID_226,553.099952249595,1.4811936147901776,2,2,6,81.11512713820585,4.282045031500447,1393,7.043189166563891,0.6334437258949919,18.569069300828783,0.3970566778532627,10.432326821273788,5.801114924555031
PID_194,543.1280119116199,2.271113210417753,3,6,6,110.55302647901776,0.4078573221148418,433,8.442973464582623,0.9193248986743284,15.593939740124592,1.2543372099575516,19.174948570620145,5.954781070983295
PID_383,366.07824767773616,2.7856686896830114,5,4,10,89.83940434497934,2.306599941487298,719,6.976122630604371,0.6582640447981597,23.22961101063713,0.5091491622777972,19.43316638746368,6.539097820267116
PID_449,419.07876241487855,4.811583771069092,3,6,5,101.88814374355869,0.4483413499541906,501,8.940539014119084,0.7097075691947554,18.30133417278012,0.8364845557183205,43.01815242494544,8.074705656223243
PID_208,547.5545127122359,3.790384867051317,2,4,8,82.29888216574123,3.203493643962714,452,5.579202448750348,0.5672643101845318,12.620781548415312,1.2114037891863627,21.147324531958965,5.682559732574524
PID_180,402.082576215471,4.776346943251959,3,9,4,52.30428142656482,2.391987895882148,507,9.24596359307432,0.7018768044631125,7.120230826458146,0.7930622805038876,44.16192994519943,8.296741778758154
PID_291,339.3665025993972,4.085697274893335,3,5,10,90.80183651176948,3.878582826204136,1002,5.234129321730794,0.7049398833667251,18.02534627397226,0.3386891243506957,21.3850679062348,7.002144512742598
PID_134,330.37933759193294,3.3451673706012555,2,2,6,74.25898433170619,1.0483210081871823,586,9.28847439635592,0.5774874645582264,17.236381333199873,0.5637872655152439,31.07150147335502,7.59006615077306
PID_361,531.2525822394198,3.8980435240994415,0,3,4,60.395202255436445,3.8027474134625816,1346,5.620259736583424,0.5466148690044524,7.93975665789237,0.394689882793031,21.908017069945856,6.779271433708328
PID_320,585.6240028570824,2.625862013582627,2,7,11,111.3539865039276,1.9038520227952829,331,5.573132681556926,0.5771163746371774,11.225967030931605,1.7692568062147502,14.634277405156215,5.739817144208291
PID_285,442.7989878419666,-0.1582257374146438,1,6,5,105.18049993351435,1.755595024738495,1459,5.83823539034671,0.8027538858144362,16.44247043369036,0.3034948511596755,-0.9237590998378792,4.906803555482724
PID_227,550.3532897892024,3.298581256720544,2,4,9,45.70253950249529,2.8130119068133586,420,6.697551695986646,0.6833417921490279,20.35657120644237,1.3103649756885771,22.09241849029844,5.773082706992331
PID_369,486.1636025047634,5.63412220414991,2,2,6,99.06166962985336,4.079490737424615,261,7.617033676938664,0.5589563622249075,14.833338591831891,1.862695795037408,42.91529856899776,8.310843072218558
PID_300,385.4880245394876,4.889323103362388,4,7,5,84.25458597752043,5.146702595881134,1031,3.321450063574176,0.7275339852308108,18.27455476977505,0.373897210998533,16.23964253249769,5.828117556027262
PID_411,486.1395605508414,4.948096226886756,0,6,10,85.89587302013382,2.3077893180666136,931,7.611800582373802,0.7329738344091872,11.896779529684508,0.5221692379708286,37.66392174145823,7.574938043586723
PID_178,603.8036566465969,5.354196082709327,2,7,2,118.88865767890286,1.2376162693666832,602,5.8345584772044425,0.6118691899197359,15.621384097956971,1.0029961073863736,31.239370142986523,7.414116012003289
PID_329,446.41739608900485,3.632986386442156,0,7,7,83.87238466081298,3.214985579450309,370,6.00452666820784,0.7459173625095324,14.176019607130488,1.2065335029432565,21.81436364262796,6.755260769027798
PID_247,606.4643655814007,3.7959735611083936,0,3,2,97.85493513440956,1.1929597731831154,213,8.558230173105581,0.7506749635598235,18.56276842149272,2.847250542635684,32.4868154669889,6.844515621373463
PID_313,188.0254895910256,2.5735221568484747,1,3,3,85.35094861803232,3.692495492628297,469,6.7559697918428,0.7351331967346733,13.380491007190852,0.4009072272729756,17.386637950306422,6.369255415985663
PID_223,532.1902504375224,3.025890715959425,2,4,8,85.48815343757082,3.3322741926100283,1277,7.037241617438122,0.5826247966760943,20.03103805159482,0.4167503918852955,21.293924076169304,6.530444762534664
PID_244,458.7047068238171,4.423656724656713,0,5,7,56.86660821592311,4.425722548982801,1354,6.441727862216524,0.5320948107224178,14.076862549140037,0.3387774791904114,28.49599277610264,6.961485308304455
PID_241,420.0992649534133,5.305826655753224,1,2,9,141.347427380633,4.064239680563345,912,7.416371100658803,0.4807132675799037,11.7904110115435,0.4606351589401461,39.34997947483336,7.774931364699171
PID_125,459.17607765355024,3.290830586478501,4,4,5,3.110430277012995,2.9674911092012106,1071,8.441612687545854,0.5844485360852452,11.891078046786246,0.4287358334767042,27.779917231380875,7.64006964935962
PID_331,251.2431085399107,2.824716102722882,3,7,7,61.86073795880838,2.8374120904328795,828,3.5299216603123527,0.6132189041630365,13.132718602956423,0.3034337059660757,9.971026555234596,5.549050287565652
PID_259,428.0328112162488,3.500791938284896,4,5,6,67.78117340568079,1.735283496929649,500,7.801541588883492,0.6213563913882328,16.11170198376815,0.8560656224324976,27.311573900557665,6.801848661254705
PID_331,597.7894044741516,1.3342177757996874,2,4,8,44.72567161787079,2.7504775430864026,626,7.101275897480711,0.8232988549210098,12.538567873047084,0.9549351509171752,9.474648533276644,5.428264462647079
PID_170,398.1729781726353,0.0557285702941428,2,9,6,75.61024408263594,1.5073695605180495,315,5.6871650927541815,0.6160422826768427,17.66942415460322,1.2640412005480486,0.3169375796459465,4.778317150217101
PID_412,369.1506397106812,2.6741947257626246,1,2,7,99.67220034444142,2.478623508731518,435,5.117273062519788,0.6451225883410326,5.366344168684602,0.8486221602544396,13.68458463407757,6.182792422001672
PID_300,399.8242956415463,1.6689313611287622,1,6,9,49.5531857862546,2.235361265156466,212,9.334214824295914,0.4682408161050425,13.71035509069305,1.8859636586865391,15.57816385178045,5.723845320707594
PID_367,541.5402117702074,2.737789703529033,1,4,7,76.5760133449528,3.5110676858843863,1441,5.414019576052563,0.8727971464538041,10.997285556794573,0.3758086133034055,14.82244705002133,5.78043359962793
PID_102,482.8751109659685,3.278329521773793,1,3,3,75.79853339646496,2.7730875221014424,267,8.321169885267501,0.5184092599304889,12.394336684968536,1.8085210148538144,27.279536890567496,7.265030904034014
PID_242,501.3267433113356,5.678701301706118,2,7,9,80.9186309916816,2.437873267464296,1036,8.954996967217784,0.7195722046870165,14.384302064894865,0.4839061228873896,50.85275293451397,8.354142007958183
PID_236,459.707754934804,3.99011714690348,2,8,8,69.36174823179742,1.39681308397986,590,6.118087802828161,0.6746192438218175,14.1133021065887,0.7791656863301764,24.411887048325685,7.216461227102128
PID_271,379.79469061226473,4.433310716065103,0,5,7,93.23437819791636,2.6511681217416205,303,6.502605016635131,0.7220013655727509,14.95914552076074,1.253447823802854,28.82806850258722,7.38173319644435
PID_180,417.2337853402232,1.7917503233288463,1,4,8,75.39136489686322,2.4759153064991777,813,4.7162628345195,0.641871594876214,20.41817062082073,0.5132026879953544,8.450365458654135,5.861551874543479
PID_255,410.7891846867842,5.058667681130403,4,3,5,81.64715286677078,2.293471277298381,972,9.712472637449116,0.7544083868844359,17.136575334002295,0.4226226179905187,49.13217143492721,9.50276694854981
PID_368,303.64850518678816,3.3863535701968104,2,7,5,70.2732780815177,2.7861842730465165,503,7.255397868897051,0.7661307945868373,12.099870835403074,0.6036749606099168,24.56934247653786,6.417792290857263
PID_402,479.6120277064576,4.505720925861819,4,4,3,113.4191752413743,2.4755495550395734,578,7.433756539225349,0.5839841238617862,20.80227591085456,0.8297785946478505,33.4944323965498,7.058179545063853
PID_149,450.5113456642461,1.1693618509759034,2,8,4,76.50089823917456,3.687922343883921,287,5.667692383252008,0.627773883730159,20.61524357771964,1.5697259430809969,6.627583256041597,4.918748343816784
PID_274,426.5412866624853,4.726834487037543,1,1,5,90.96410188989408,2.355510065736405,829,6.341563408979534,0.6396522092414497,14.201713370901723,0.5145250743817676,29.975520623299825,7.157909801156738
PID_213,308.4629257949585,4.064614289146275,3,5,9,127.2194945941243,5.199596321361235,824,6.632437557631726,0.6642933283028906,15.81669524222378,0.3743482109162118,26.958300468620333,6.720857475348121
PID_360,407.9354677234641,2.146922668463734,3,4,7,62.86340920733349,2.1156051338338,1472,8.832666156103347,0.6119219127659248,16.29634249597522,0.2771300731817012,18.96305119351071,5.961753682488724
PID_392,369.7722730778381,5.188152176622154,1,2,8,90.35588771588922,0.8532088900982044,1312,5.625699332294241,0.7484720848248692,18.815759986760657,0.2818386227727424,29.186984235864163,7.093146460364465
PID_438,433.8714288333991,1.7158821606990082,4,8,7,74.59665606655899,2.6746344779326447,1076,6.064482672528781,0.4971061094649917,20.79774602551293,0.4032262349752779,10.40593763166038,5.809992558214813
PID_353,490.4050856814538,5.964009429883945,1,8,5,61.7593606443871,2.555721532892344,931,5.691624009067231,0.5438373054540813,8.119721164150494,0.5267508976170289,33.94489926143083,7.412680135381471
PID_166,638.618590121053,2.149068898028197,4,3,6,101.47929431684442,2.7404613991278133,1198,4.749288254578939,0.7174733983110492,17.44445512497453,0.5330706094499608,10.20654767568622,5.753296812268287
PID_202,467.4577812831839,4.457587888412575,0,4,5,87.26962480310102,3.972365391866705,655,3.2543545754900896,0.6427100540840844,12.316488570446444,0.7136760019590594,14.50657154030467,5.464301678518924
PID_454,475.7550390722764,3.007072286376523,3,12,6,116.09501786099035,4.815306556268509,614,4.30778664119452,0.7491512652022784,7.221574638390678,0.7748453405085935,12.953825824359049,4.759517110400128
PID_382,442.55540842338326,4.404781146623515,3,3,4,109.1992380568368,4.129657089891887,654,7.818835919097788,0.6857932278123458,16.55105476939258,0.6766902269470692,34.44026104498468,7.4393548843749455
PID_150,258.1228784700959,2.6838289968287112,3,3,5,87.51120709814994,2.6767574441141195,710,6.490137318824935,0.5166295340956348,16.557820492499637,0.3635533499578815,17.41841872966251,6.049118572891024
PID_275,447.3486124550783,3.255810640891559,2,4,8,61.94972031050919,3.036154582995893,1398,7.502646699504883,0.6562834419277587,17.04038152518565,0.3199918544027741,24.42719695909793,6.348705801353124
PID_427,456.0230209941026,3.5613787630935816,1,3,3,131.3576779000758,4.627756008652858,1134,5.800983684909966,0.7034547801089217,16.113083633710573,0.4021367028166689,20.6595001004907,6.009571710493135
PID_342,696.3242112485286,1.996718816327791,0,4,3,64.51767697431578,1.5986456016489046,408,6.381997207689088,0.6734039658533321,17.625075669851025,1.7066769883542368,12.743053910344225,5.440288552781486
PID_280,430.76390352188776,4.611236518130189,2,6,7,100.76380928702318,3.7418736463327305,570,8.43578900115066,0.603172582637255,13.190853595967267,0.7557261465296277,38.89941830134691,7.418568995950821
PID_310,480.1547342333613,2.730179650292622,2,4,5,35.706366901933215,1.7343674916108005,1002,8.3632671267889,0.6226059679879798,15.790003167464755,0.4791963415502607,22.8332217195203,2.5228964416898103
PID_449,446.5288230294757,3.157100126989972,2,3,4,119.26653858461854,4.171736750661235,285,7.630366559110729,0.5939914844239245,17.094498805285706,1.5667678001034235,24.08983123274852,6.022171531488202
PID_147,333.1321962380468,2.008475938087232,3,8,6,29.152701075770157,2.6393742053505864,846,6.7429013447485024,0.517480291839882,19.05886836767813,0.3937732816052562,13.542955103823404,5.144179177464408
PID_331,564.2822814515021,-0.3435004881929657,3,2,6,72.16159087838273,1.744425747843251,1020,7.121563313059089,0.5037260435152264,15.1315364182564,0.5532179229916687,-2.446260474732912,3.7378462994018102
PID_365,525.1933032686774,3.2134583560997463,1,3,3,53.446096936831125,2.0107206409499545,1489,6.944765958374471,0.6890020956094369,14.35861330410747,0.3527154488036785,22.316716200095502,7.291465553846819
PID_193,529.1031947043047,7.118923132419374,2,7,5,114.8877597054658,2.201239692644824,1443,6.299687847615059,0.5628541634471097,14.834283316447005,0.3666688805989637,44.84699354540805,8.416748217969165
PID_492,359.0612545205261,4.676906431847035,1,3,3,61.44569517364877,3.943532682115229,494,6.014756228671523,0.7075598427452059,11.419220683661734,0.726844644778393,28.130452091865862,7.555621669427894
PID_354,590.2794310936099,3.471109430398408,2,7,5,93.21995910401918,4.407338521904604,705,7.846841534361351,0.590493251254847,17.308872857163877,0.8372757887852623,27.2372456487636,6.802475950513975
PID_185,309.8148937207719,3.1056637561875986,0,5,7,86.67400604473251,2.317694441532029,1386,4.945246941324637,0.5186851413285052,10.628049279604882,0.2235316693512063,15.358274191069505,5.907625679078262
PID_194,508.6857093800271,3.533698839218069,1,2,6,43.87396573551037,1.753055673793581,1350,8.28482993269837,0.6092056364775452,16.172892309112086,0.3768042291703904,29.27609391629535,7.216235085394493
PID_145,669.0455625809979,4.320678672762815,1,9,1,105.72429774922064,5.235748699103643,1026,6.169468631902623,0.8594374972418054,15.253722666778362,0.6520911915994131,26.656291540140845,7.147423765301361
PID_493,350.9463674869312,1.7287807770367327,2,4,7,79.60045104440447,3.782815112994462,316,4.923135794362781,0.640438922081697,10.34708230374832,1.1105897705282632,8.511022524035841,4.975136289777022
PID_109,459.96513650876415,4.573071973161866,1,1,4,95.33737339288304,3.231400008559188,555,5.450710535490472,0.6668803809924078,12.438925581060714,0.828766011727503,24.926491583669584,6.886103983173989
PID_343,399.65243458838006,4.577278588561901,2,2,4,60.99922728796096,2.305290314723823,975,5.80919077747538,0.5094801963833538,13.968174067514193,0.409899932911159,26.59028456260932,6.284676045031527
PID_126,456.85629748060273,3.529424986540985,0,10,3,74.25892496557567,2.4279419506817588,1445,5.739566274349732,0.6252178190176065,14.667794501013605,0.3161635276682372,20.25736862059789,6.7433108305077605
PID_178,343.7696286273895,4.50929185395023,1,6,4,99.44990613721016,1.1551982568327348,1373,6.1304515182321975,0.5189487435281306,16.639460807015748,0.2503784622195116,27.643995092201266,6.296825399429457
PID_238,497.3592430635181,4.387721200612067,4,6,9,98.6299365893975,2.22334947074645,435,6.422272001526713,0.5987766491556665,18.79981613183432,1.1433545817552142,28.179139017196057,6.647809355360092
PID_131,358.0575765766197,2.9689389335884644,2,2,8,63.1698787427684,2.335883820964202,1391,7.4166315622171615,0.6293755905025802,18.21950187345779,0.2574101916438674,22.019526201147567,6.570782367863536
PID_247,604.993440501754,2.6395973406546487,1,4,10,103.67914338646338,2.1523299496091086,1141,6.206056841615481,0.7249479523501225,14.978820861388058,0.5302308856281805,16.381491135079813,6.265758295895773
PID_145,371.67467076637627,3.65278444289298,1,5,8,90.16484782347044,3.893144803664144,268,6.8912249679531135,0.581923681938972,12.883424173359842,1.3868457864417023,25.17215935541481,7.059230771064583
PID_159,417.79384837943246,5.823530227242781,3,8,5,96.73479549318702,3.285193271392409,466,6.509037574458245,0.9120345599983932,16.496563679083057,0.8965533227026448,37.905577065116624,7.57570871295972
PID_167,531.351721736967,1.6413393865191486,1,5,8,92.94572636730229,2.03290185784184,1373,7.148696924591551,0.5562831017491393,12.94328454438954,0.3870005256642148,11.73343782462042,6.269743054756291
PID_116,326.91356835660446,1.29871210137134,3,3,7,100.72548909677164,3.1872279787650277,1014,6.556010407587032,0.7111994962231029,20.444413957567445,0.3223999687934955,8.51437005304973,5.353894200213661
PID_284,580.7142754282428,3.576331552784027,2,7,4,84.75214558482972,1.804082655887126,573,5.398160416831296,0.63763013337407,15.626088912251015,1.0134629588625528,19.305611425703542,6.341277224324755
PID_374,289.25167654387724,3.760012496555612,2,7,6,105.18546694861932,1.2231026587008706,884,6.752275518205058,0.6867234279322115,16.538015298185655,0.3272077788957887,25.38864032863754,6.928513393088943
PID_104,468.4633858532304,3.8659297968627504,4,4,8,107.89302407071816,1.4985449081186646,705,8.028054187880766,0.5380416746177381,15.534859468540793,0.6644870721322418,31.03589389575704,7.211111252983522
PID_181,475.9882794248424,3.1651966180477924,1,4,10,107.85444583988316,3.251821573721137,436,6.225050447588318,0.799904548104167,13.89501111025913,1.0917162372129412,19.70350862388344,6.958017888012308
PID_154,528.182287177731,5.734795157903124,1,4,7,57.85191804114282,4.587792814207626,524,5.658963615406157,0.6934476651184172,16.49582978471875,1.0079814640796394,32.452997140381186,7.456354884271995
PID_461,326.3049289121918,1.098644032285227,2,9,5,131.9561831820277,3.817379103346931,1473,6.192595189674117,0.6182359535153573,14.271324299048436,0.2215240522146584,6.803457749493671,4.953447500756583
PID_279,502.19415656168974,3.345117859776429,3,3,4,58.36209831892789,0.1607940691041083,989,5.699623377065703,0.5906685838063217,12.921889799194515,0.5077797336316378,19.065911952621725,6.67808028071084
PID_118,479.6984673233186,1.035216783268749,3,4,4,72.52441252949254,1.7999938013625976,953,4.767686502199698,0.7751379902407576,16.526392275789725,0.5033562091535347,4.9355890844410055,5.335985636496492
PID_230,475.0492850345877,3.2362183933518933,4,3,6,97.1287148073326,1.45861413422998,1439,6.206710056485734,0.7515298601822176,12.651820520897468,0.3301245900170866,20.0862692470013,5.974102871645903
PID_166,484.6448209496976,5.992205248592027,1,3,8,61.96398506233879,3.4703420715326887,931,6.782932584612065,0.6873390067107488,12.620507599399865,0.5205637174540253,40.6447242343583,7.590306280491284
PID_384,381.9975278421509,3.5313297324439428,1,8,5,94.54306560118796,2.560789509772109,220,5.201715011362338,0.7111692047497924,9.641730407452512,1.7363523992825045,18.368970879323804,6.089701721677698
PID_280,473.2253697161004,3.846051358578025,1,11,7,85.29311514310652,-0.799431392798573,504,5.445992299678576,0.5022803789898782,16.2344253143193,0.9389392256271832,20.94556608298425,6.530989969038432
PID_235,479.3072473298681,1.6097528522411295,1,4,4,112.21728672892536,3.711628033525644,803,5.362325606614144,0.7966945106744465,13.402602266864225,0.5968957002862617,8.632018939892763,5.172889821612614
PID_475,378.5648581973632,2.575457887940784,2,2,6,90.74295941677904,4.201697178749743,1006,4.835986439544558,0.6400642178734699,18.250168556448955,0.3763070161007587,12.454879421699696,5.214816220192112
PID_232,636.5774511144757,2.9372054295140946,0,3,7,29.23663141472054,5.211320521043245,1209,5.353289475632879,0.7525045649426102,16.23988617785056,0.5265322176298393,15.723710913589551,5.677787508274843
PID_163,497.3832920911788,3.0234273548656487,1,4,9,101.5661760489123,2.998056303995075,644,6.262572285408849,0.7249842223524697,15.444673974087902,0.772334304489408,18.9344323595286,6.69849262390934
PID_126,330.86965027973514,5.422465692505654,2,2,5,110.74072697807637,3.542829423003516,465,4.889530632746194,0.7509714767543872,10.76850367804726,0.7115476350101831,26.513312108521696,7.079152813309229
PID_388,515.655360863383,4.336536591087687,4,7,9,78.4230125402207,1.4304632719900072,1196,6.334949039042197,0.5452237049741046,16.754715914603803,0.431149967277076,27.471738310482262,7.258476905149455
PID_413,352.53183297726787,1.832813064594452,0,2,2,83.69696522225468,0.829994381293881,1391,5.655839849047502,0.5579500657684089,13.01356154424165,0.2534376944480718,10.366097166588174,5.891403426933331
PID_417,528.7084603742452,3.869757167648008,0,11,5,83.77713202964533,4.292206819705454,1281,5.385221529415646,0.8748274768820571,10.701483911545866,0.4127310385435169,20.83949961282856,6.351813873697891
PID_437,565.8595579007404,4.247332622745178,1,5,5,65.367004429205,3.456491244055345,800,6.952650579647759,0.4980657926507643,16.291540438586452,0.7073244473759255,29.5302196214861,6.965775544125844
PID_381,367.93176816482895,5.2102235577819,1,5,14,141.73750986694654,4.298415845196184,832,5.731849273623317,0.5402389646491292,11.225122138427668,0.4422256828904194,29.86421611508728,7.045613693155732
PID_322,546.3376129244322,5.87081102985256,4,4,1,60.43993102260399,2.493111206128365,956,5.93598336071882,0.6543243996598159,8.726625898892927,0.571482858707565,34.84903658712932,7.768965000333678
PID_369,491.27809269364985,1.977358712258197,2,4,5,103.19870062828042,5.644082770792167,523,8.05760817200026,0.654497972732861,18.89140336440952,0.9393462575404397,15.932781718867558,6.22087059599172
PID_131,532.2060159994489,2.2837137331844928,2,4,11,103.08368604415509,3.175702736728117,1489,5.395933239509635,0.5959981922867525,13.317803991432,0.3574251282736393,12.322766842414842,6.226594270398779
PID_396,639.6792982653948,1.6136332116280756,2,3,11,68.55348792046662,1.8956770567679169,1285,8.379049457110836,0.7116078871919272,9.766535824611628,0.4978049013738481,13.520712485868245,6.062921092448846
PID_348,425.46118839971297,3.148970211339528,5,5,6,56.59023579285769,2.418459269216326,288,6.082650645136807,0.7402083437600501,12.112224567970776,1.477295793054559,19.15408568752097,6.431795352528845
PID_147,361.04855703744767,4.981001774883653,4,5,3,97.43237321307124,1.6691921130458025,881,5.83526199072558,0.6231510140311604,18.43268187088193,0.4098167503262743,29.065450332715237,7.040963872154781
PID_275,368.4189715034562,3.386073464536216,3,2,4,87.66956339666757,2.335477610929374,1299,6.582529887946845,0.6477737810384854,10.011096719752086,0.2836173760611672,22.28892978309336,6.902322599905097
PID_446,442.2898290585896,3.0202287151177343,0,6,4,125.3963205921336,4.659744554388837,604,8.005404631808856,0.6002639208025582,10.983281154752026,0.7322679289049496,24.17815294512562,6.676245302135628
PID_393,484.1151974816644,3.7276369883731104,3,7,4,65.3088573790885,2.721011524342416,564,7.458589770275936,0.480176305781115,17.9412089846572,0.8583602792228092,27.80291510878188,7.091223333983407
PID_490,477.6690799330019,2.2472856475549654,2,5,4,65.91543531434313,4.101241225001386,584,6.57668821980285,0.6800924437007546,13.650801613264465,0.8179265067345923,14.77969704480676,5.900796717697363
PID_132,532.7183249036024,6.6343080825421605,3,7,7,102.04203647507444,2.6801686756784484,208,8.011947177786949,0.7265835713748041,15.683858214034045,2.561145792805781,53.15372591849281,8.312435931741527
PID_462,451.3001891877907,1.0885084593229122,3,7,10,38.29221614536648,1.5686909337395132,714,4.242755542559017,0.6346072721676094,13.527224009796434,0.6320730941005472,4.618275298914663,5.14950979020288
PID_196,595.3534077157317,3.777110868343587,1,8,8,65.92202128664096,3.454603500825897,508,6.799329836071825,0.4234921818094431,21.06171047046596,1.171955526999472,25.68182262127971,6.923158264085033
PID_123,721.8899021542468,1.3294504931287785,1,7,1,76.73479480238116,1.786239209458255,369,6.871927671950721,0.5928284954678248,11.130914532238812,1.1477894760872749,44.91086021441113,8.093006544844737
PID_125,722.0169166589619,3.5101997668399965,4,3,6,79.6438092279745,2.323548470103671,346,6.8865709610947805,0.7405722071867931,15.846347001834726,2.0867540943900638,24.17323978196199,6.527354334268967
PID_149,512.5667347765007,3.2149414474977585,0,4,6,67.30768938619183,5.23791385171678,279,4.567818600813549,0.5061751487463191,19.50886976177225,1.8371567554713284,14.685269344406697,5.446295752371642
PID_269,364.2842443583718,2.963831865784359,2,4,8,34.395895877715425,3.5254148767490894,1003,5.279705117985832,0.719588402210372,13.875041969180202,0.3631946603772401,15.648158270631178,5.809274778570699
PID_194,342.9107501938888,3.229412477356388,3,3,11,115.36715045057844,1.8156296072309843,651,6.300230693410729,0.6054583871630228,12.738677833772435,0.5267446239537462,20.346043611524298,6.1568294397304335
PID_318,498.24724152431855,5.559272712014796,1,7,6,114.04856657833484,3.678528502976884,1177,7.837749805953774,0.6481224849325059,17.301309092451426,0.4233196614480191,43.57218861983807,7.859160095890396
PID_480,427.6537214674149,0.1822071330057397,0,7,7,38.38721480323,1.6746647828386367,1006,8.798317394861193,0.5814100489216129,18.012194430829133,0.425103102850313,1.6031161877921871,4.557959332035201
PID_240,521.4000494092093,5.800150551944489,3,3,6,96.84584125724764,0.6951172296517689,956,5.702677698099893,0.5364417490382053,12.600288945026092,0.5453975412230222,33.07638919819562,3.049978197883534
PID_323,497.32376245735446,1.364064271324782,2,7,3,76.62279897394941,4.110993703049585,494,4.928183849634685,0.7934246468270372,19.38658978171631,1.0067282640837134,6.722359511806497,5.621465180354792
PID_378,442.7171087343127,3.100021506148378,1,8,3,93.98659492340848,3.153801162523235,1353,7.478913723710146,0.7315839032571491,15.153663276443664,0.3272114624791668,23.1847933861297,7.13322937619527
PID_264,365.3206281931595,2.8561333695520075,2,3,11,87.01498312961455,2.5633035853233004,1388,9.63724401356106,0.714472102950204,16.5262838883848,0.2631992998509794,27.52525421764706,6.8849841056813945
PID_464,298.5152775314135,4.38282990465608,1,4,4,43.56857219230201,0.8014859851085911,812,7.828328759961421,0.7408555482201913,19.464843571618538,0.3676296521322826,34.31023339263816,7.825349129713907
PID_158,405.3485047932979,1.1028134721743783,0,7,4,100.05074838177394,2.421606898460407,1082,5.601640731207168,0.7002714872302497,17.306340677365196,0.3746289323413104,6.177564864656002,5.394313334833432
PID_394,471.4093744130204,6.536464434930279,0,4,5,15.090711722053255,1.4013100840584958,268,7.324159544562696,0.5836099254019586,12.985223680447216,1.7589902030336582,47.87410837878921,8.571773408107346
PID_299,325.4261221288012,1.4552389931107843,3,2,7,84.98006481576068,2.850711251053773,755,5.550784143689968,0.7877686887279046,23.125516952047047,0.431027976329538,8.077717528238695,5.779274396056187
PID_349,488.53173797288366,2.507026733305086,4,5,5,108.61932655360717,3.071940924951913,699,5.456009826321392,0.688048196751794,15.954387281940814,0.6989009126936819,13.678362491762972,5.573740131181809
PID_446,361.6142563798867,4.138830809289553,1,6,5,72.7246111539869,3.5012059334025034,1358,5.754693777605668,0.6212005452114951,16.52996816210289,0.2662844303239224,23.817703904781222,6.479708397472075
PID_364,465.3725105945528,3.5287216661236283,0,5,3,81.97311502832807,2.272201966801266,1029,7.371944986809349,0.527647078135026,16.67192840585483,0.4522570559713827,26.013541996425616,6.554605931114008
PID_191,455.8208718446,2.537769636433536,0,4,4,92.99204437121227,1.538689399771757,701,6.470113618532895,0.6728657774204194,21.384050795719503,0.6502437544145506,16.419657885387892,6.320853296587464
PID_377,838.642119527197,-0.6593989744061792,4,5,4,82.62339848464349,2.1261541803373043,1173,6.5444085584057206,0.8184915179668065,15.142711185266796,0.2861917904662725,27.694683289198835,6.861702638517958
PID_174,485.77873603482834,6.2065221646801145,0,7,4,65.22425782282271,4.065919308251036,929,6.546429801971357,0.5339162826649002,14.714802192409095,0.5229049903496538,40.63056166545768,7.925578507254714
PID_409,506.0784526368234,3.213644312409052,5,4,6,108.23951332184296,2.683273883824823,1100,7.837375911044193,0.7518075148525607,19.656834172822624,0.4600713205789304,25.18653852073888,6.770959533325399
PID_113,558.3051243175277,4.579636913222273,0,2,5,77.28613445935177,2.5573095287577505,859,3.7107312323460526,0.6028561126093444,14.592347561799926,0.6499477582276224,16.993801726698756,6.205292588001561
PID_314,555.3802052034903,1.5600905631932545,3,9,6,51.89523710697764,2.1932800086785296,960,6.8414166630637645,0.6113902215184721,17.628073014057307,0.578521047086969,10.673229574918864,5.330848090298899
PID_178,312.2330632042909,2.065345434772987,2,4,7,88.869526748288,1.27425618371751,253,6.1517559475033785,0.5324541008737131,15.583169515789915,1.2341227794636005,12.705501062013674,6.104547142918815
PID_232,356.21749600848773,4.208609416820567,1,3,9,77.98725327638716,4.440845269849016,531,5.5970047609632605,0.5747507073433029,17.76292474847148,0.6708427420122179,23.555606942979523,6.532137317992499
PID_324,501.503526720866,5.726174042803947,1,4,9,79.42617050452776,2.5503156407615024,1158,5.593836298479999,0.7146782085561147,17.176344831260106,0.4330773115033385,32.03128021205069,7.252006578771979
PID_339,501.37859509122086,4.03342002317849,1,4,4,83.14376400077889,2.162155487392805,855,3.3354683969369363,0.727112756875677,13.790663701794658,0.5864077135569835,13.453345018884498,5.230561484869751
PID_449,835.2731490654721,3.498937108135032,3,4,5,116.43713818088143,2.164532444826694,1361,8.048555269927204,0.5999187135240148,9.978273856367466,0.6137201683067393,28.16138870082406,6.561023947604316
PID_356,507.0890510693167,1.6243883990454238,2,6,4,59.97382293145822,3.1754656441553943,554,7.498465853633047,0.5396442797767761,9.478864226712556,0.9153231968760228,12.180420943279762,5.27634295138193
PID_241,563.5565640180599,4.40677298953305,3,9,5,27.979650574654087,1.9785041460729045,424,6.270341885126609,0.6561758466810226,14.726410058216247,1.3291428396652356,27.63197325451369,6.411612227953874
PID_338,545.4001763493202,4.8234995934851135,3,3,5,80.01469968243981,2.948314995146342,813,4.8064931337912125,0.6135045695783382,7.942123289837093,0.6708489253989178,23.184117676930903,6.301276538077896
PID_154,515.1391251305798,2.8218645007503795,1,3,5,100.7961588395735,2.7369171856631094,298,7.486243726710954,0.6711181422437431,14.520029038876851,1.728654782317382,21.12516541637087,6.293651900822581
PID_116,418.4730755359655,2.794936778360748,2,8,7,40.89521420599206,5.026564260915118,506,8.071818093992501,0.6178762300179669,15.401302041212976,0.8270218884109989,22.560221259137396,6.456293607294937
PID_108,525.8969220493268,3.898817344478073,2,6,6,89.1132734487241,5.0925566769655015,994,7.741033604957197,0.6204335213314537,17.568679333791756,0.5290713501502282,30.180876083194743,7.0732746328709295
PID_483,372.7174785462428,2.8449203959391065,2,1,5,44.83420314919916,3.744969051439393,590,5.337529334016356,0.6658960686112463,16.513139017980567,0.6317245399088861,15.184846066266406,5.888005374312658
PID_454,426.3181393259992,3.4008010780612663,4,7,7,101.09399907171196,2.69404578071849,1314,5.462145582964776,0.6852192464643723,17.705655204623437,0.324443028406392,18.575670587074192,6.121767020417373
PID_367,458.1874139386322,3.129461448881005,0,7,3,58.00347741456663,3.7254519260398617,403,5.048874750203647,0.6163011665925308,14.029375379824756,1.136941473793132,15.800258890991028,5.95914980475046
PID_221,681.4658566673509,2.9624897719681664,1,5,8,39.91172402210151,2.235757689858039,808,7.073856038618685,0.7045494517052276,14.68205116825777,0.8433983374595927,20.956226162783107,6.490174563489461
PID_464,263.2734807408252,2.528687291547261,2,2,5,134.52696447060305,0.8204289707254244,832,4.366716623512167,0.8303622059032075,12.445068113207242,0.316434472044261,11.04206083166338,5.522702611886053
PID_421,518.6260190374513,4.616287957249905,0,6,14,137.63110933630398,0.5163744593228334,1340,6.139621559151301,0.7072076324227563,15.684259585016877,0.3870343425652622,28.34226106558204,6.874020594336627
PID_498,288.72841288103484,3.2281637401728456,1,7,5,53.023378624121925,2.657179099431272,265,7.202180480881227,0.7664250993564979,10.247413348870388,1.0895411806831503,23.249817878561405,6.770648304316831
PID_136,402.80681342105663,2.525940442517861,0,5,8,52.43464560530278,2.194042661750205,330,6.4640408514294645,0.5879372660731277,18.198106362018923,1.220626707336535,16.327782208713273,6.087696659600659
PID_408,558.8950596967366,5.4819560484095184,2,6,5,81.97708124150559,2.1470496022651666,978,7.128695985266129,0.5779644359651657,12.130218340104458,0.5714673412032071,39.07919807370231,7.95473447879117
PID_268,456.4280019095463,5.629404506770456,2,5,3,70.35981401531424,1.834408825243229,1100,5.028553909215505,0.6340625871615063,15.461535965033953,0.4149345471904966,28.30776403907596,7.481835305764616
PID_479,342.2255222070694,2.599364651391942,3,6,10,71.84791269050088,1.7822942999084452,1027,5.515997642605214,0.6447060114786262,15.964435005922764,0.3332283565794249,14.338089289349275,5.950313907811001
PID_433,378.4696290740032,0.7001900729590758,0,3,2,87.0933342452576,3.585808302872985,291,7.078182054198643,0.7570824517115945,18.48816875896313,1.3005829177800796,4.956072808946969,4.988620374128025
PID_359,517.9597748934676,5.011270534755383,5,4,3,127.94357689550664,-0.8349910943792436,1300,7.33626577046285,0.5770316050818646,9.956509925690028,0.3984305960718982,36.76401249065498,7.665589080405021
PID_491,376.9633368282864,2.473055261359994,5,5,8,114.0526596915348,3.505920952397772,1475,6.763775423675435,0.6411372089802414,14.023622391291935,0.2555683639513805,16.727190398177957,6.188733738843215
PID_442,471.6458589581975,4.6859383987441525,1,8,6,71.99360577948751,2.468751884809796,938,7.636469289989975,0.757482524701321,16.64954350703998,0.502820745157993,35.78402467679452,7.27561144211715
PID_170,454.55718399038136,0.544844273432247,4,10,7,98.05284682005738,4.528891233374446,852,4.511350473714469,0.6715543583398675,20.253550539036382,0.5335178215849546,2.457983471049183,4.229331430905856
PID_116,384.8399652394183,4.838896007448964,2,5,4,33.82386715417351,3.119583218219118,253,5.940562459583768,0.6489183029695418,14.883516818296664,1.5211065819739853,28.745763967681096,2.816197308707901
PID_201,664.3944089325325,1.6832421060788283,3,3,2,83.39749717159759,0.7202873764197708,857,8.687220527871421,0.6738497621466931,13.216962875971554,0.7752560197579142,14.622695377305522,5.999265394036529
PID_317,513.3919022318012,4.596146178599787,2,7,4,74.08377737572846,0.5541361147601691,1368,8.040162594792465,0.5372447498489137,21.080966268600147,0.3752864782396207,36.95376258537633,7.408043249387896
PID_491,247.4857413342393,3.5214096017546512,3,2,1,104.08636688080766,1.4290988592891058,878,7.260365798009053,0.535624688575804,17.407682015564358,0.281874420654031,25.56672183336015,7.083573641037723
PID_395,383.8213535231612,2.889445530609829,2,6,3,87.7219605387181,0.7445535428386902,1364,7.741778754019963,0.6706681787369604,11.371377816901123,0.281393954195866,22.369448019773117,6.409705052450205
PID_336,535.2433334796224,4.529477685435051,2,6,7,91.50613538202204,2.9324428052706724,244,7.014969823593928,0.7418854749843017,16.563387312358834,2.19362021917878,31.774149279968952,7.581476721673172
PID_203,370.74792615672993,3.658841679672851,2,5,4,69.16139950641293,3.642895752399851,316,4.679071562471325,0.7265586484603871,11.75002421726088,1.1732529308757276,17.119982054942056,6.203188378468916
PID_108,500.4987278980457,6.4646608767732285,4,6,3,91.50342510362516,1.73436509225013,858,5.460747902813321,0.7954222219053875,16.74564019001888,0.583331850697023,35.30188332523873,7.755982289947119
PID_159,536.5755194170122,1.153637582433423,4,4,6,75.94383615361357,0.2188456696009617,1244,7.411625900021811,0.6644647384488164,16.955542196755047,0.4313308033898811,8.550330185202107,5.73981829496763
PID_375,329.9703592944224,5.925818862452935,1,6,6,82.46856171458174,4.612115438286137,735,4.560832653506841,0.6435392282226451,13.553964245622096,0.4489392643461529,27.02666816664211,6.507681829499721
PID_441,416.5498764159052,3.6565339062848192,3,3,6,101.1022461209763,4.992124000122628,1381,8.41882319852025,0.797596469484246,19.296111685672518,0.3016291646748046,30.783712476406507,7.623411257563095
PID_222,402.5054688839044,2.1518239275153075,0,6,5,103.46732504675116,4.263789719446121,1271,6.170124345437457,0.5798984803322913,13.892940652981784,0.3166840825207745,13.277021202257044,5.565137889553956
PID_389,384.6670767426288,1.5045295613915153,2,3,7,71.44400200068605,2.468045595625373,618,5.168796401334587,0.5321467379616752,14.190056958287578,0.6224386355058719,7.776606982621969,5.440623128286632
PID_447,626.5454240281097,3.2163194138344497,0,5,7,57.65706368104176,2.735606982925868,1333,5.673793720315072,0.6161120547430898,14.891883675016915,0.4700265746647484,18.24873289274135,6.064766069655256
PID_224,490.4981710960956,4.882475167886689,3,2,4,68.60879486356899,3.622724257862063,1212,6.095781083223554,0.6044256690665785,14.271171670043085,0.4047014613004089,29.762499767712423,7.7296158031370945
PID_482,323.9116045664955,3.3086763194336988,2,4,4,69.89679997959055,2.9759647101089945,770,6.493076340287277,0.6548326745821021,18.831786382051845,0.4206644215149292,21.483487927383734,6.490860249310853
PID_170,541.7861947054776,5.766732395371021,1,7,8,83.08130651384913,-0.9391386904402036,1197,8.081774763607598,0.5649980308856881,11.874889993547836,0.4526200457021533,46.60543234138791,8.066147052237685
PID_265,662.2156197012633,1.3232364649226618,0,6,6,109.93550848637292,3.901749515924148,681,6.58417113977289,0.6869733144763333,12.736970427709595,0.9724164753322516,8.712415343438892,5.402810668166622
PID_131,553.2465260551147,3.481866578230918,0,7,6,68.23668650871942,4.262729785477444,1360,3.894899842732975,0.5930887959609517,11.425777359368608,0.4067989162169961,13.561521587968803,6.219522043699712
PID_273,298.06300340459865,1.6214098333803215,4,6,5,89.70048058033393,4.086141682134956,1300,5.0243137853973066,0.7728203826355873,20.65055121898595,0.2292792333881528,8.146471777631499,5.752426019135685
PID_464,401.5765927133749,4.045447823937452,2,2,5,75.39431944080567,3.342735529071453,469,9.80904175089932,0.5305434496560293,14.026442038981832,0.8562400697513323,39.68196660608727,7.811075957817873
PID_450,576.6911149186623,4.83033108514595,2,0,6,80.47782640675184,3.9496812635075513,1121,6.662466554795511,0.6360527183947898,12.694450299060696,0.5144434566624998,32.181919303374,7.637316435363189
PID_124,379.23305343812194,2.86885730947842,3,4,7,87.5740479228173,1.104568484374184,891,7.640948136812582,0.6165085708422489,14.138076936401006,0.4256263226017081,21.920789913640288,6.324514420546977
PID_419,494.3819428146229,-0.4063207849407013,5,5,9,110.03977687245713,2.687726036575308,1308,6.1299846326073935,0.6730889922670468,17.547168303727222,0.3779678461885495,-2.490740167595473,4.645605044931237
PID_260,527.4634053429337,3.798422220194742,3,2,5,86.18365350623952,1.9976213511778045,1011,5.294466422951765,0.7426704482826707,16.991296415948757,0.5217244365409829,20.11061890501496,6.417291533184647
PID_402,357.3069528421917,4.155107827600264,0,3,3,15.46077360536792,4.541674210170538,441,5.922461333141836,0.6766210906388943,13.274463135007064,0.8102198477147204,24.608465443997535,5.8579844454695165
PID_424,444.04746439382,4.106442132442546,0,6,6,75.02204910421756,3.0207612629922824,1130,6.653991300870082,0.6371408801648787,13.80124147982692,0.3929623578706371,27.32423022679909,6.69819258307511
PID_225,125.87326599309272,5.353673287733232,2,9,4,119.22758444984883,2.60916493042921,1287,5.94771639532752,0.7191255037765294,10.633588646723457,0.0978036254802585,31.842130388677926,7.47785007861447
PID_384,347.561235866571,1.8934194805264268,2,6,8,108.5520750666123,1.578518484466578,1463,8.802161319835717,0.7343024769416151,15.416169963476804,0.2375674886306021,16.66618371371315,2.414596823209193
PID_258,325.221681803515,5.2887612687169625,3,2,14,109.4834414594232,1.445682278251446,597,5.234197267699686,0.6887591827306496,13.25466851397449,0.5447599360192882,27.68241978223425,7.030331693329576
PID_125,613.2411303931635,0.8321186239902247,0,6,7,100.60057115092104,3.694181427323035,1087,7.470563311642782,0.7146635546295614,16.907439091219477,0.5641592735907668,6.216394863316048,5.478786690164813
PID_162,306.98586220393673,3.9794777388784657,0,7,5,108.9987332175958,3.5175486224085564,248,7.618403004613936,0.4856073274150749,13.253661016556098,1.237846218564261,30.317265162665976,7.126423681898488
PID_184,405.9955513303016,2.7437302534884926,3,2,4,52.06242649228409,3.1001252324157247,344,6.535972545846183,0.6149194788543544,11.71305285322687,1.1802196259601792,17.932945610008375,5.30221807138809
PID_325,463.0740577286092,3.377715990347532,2,6,4,78.5035213871625,3.749379135928432,1116,5.777427652951127,0.6876233931208664,17.04083940838342,0.4149409119431981,19.51450976644903,6.859960533994989
PID_276,594.1273289066115,4.0215147253075045,3,8,10,83.68885483179066,1.8333764843749905,597,4.21920942299238,0.6208392516225625,22.042948162764457,0.9951881556224648,16.967612823720035,5.510559132611684
PID_414,306.41378488205606,2.7691571538296715,1,4,6,81.35116860724168,0.5875983730531757,970,7.964865826932932,0.621185311036181,16.63027082786287,0.3158904998784083,22.055965183944814,6.779059463257668
PID_338,566.316375215496,2.486437881257582,3,6,5,65.57331788387553,3.619971407981087,870,7.542273091906052,0.6874901542799934,13.75843143942017,0.6509383623166621,18.75339352650496,5.74741191446016
PID_146,451.0233061019587,3.551228626232037,3,6,3,83.65801009056445,2.732497836220677,627,5.972134016301085,0.6897644974015431,13.95190212035064,0.7193354164305562,21.208413278382523,6.836290037514862
PID_377,351.8491348952049,1.869131091705796,1,1,4,37.49418291547022,3.799417251170749,1240,6.571486974115672,0.6967059354570887,20.72755616829495,0.2837493023348426,12.282970622059246,5.707995386373519
PID_464,496.2103474263271,1.8712623066722216,3,7,12,91.3291528127919,3.311305850303142,280,6.227987380974065,0.5707776538279694,15.920940059508458,1.7721798122368824,11.654198032447018,5.577679073988723
PID_291,469.905969557347,4.519059924434755,4,6,6,63.155324717722976,2.711765418564529,383,8.454476289543607,0.5082196639445818,12.70225193814012,1.226908536703256,38.20628498216036,7.136791831212309
PID_273,389.9783122841205,1.776808947262016,2,5,3,25.5989821466669,3.0467034658823424,666,5.254498036454928,0.730438678235251,14.813324809880754,0.5855530214476284,9.33623912454381,5.738699303070402
PID_259,456.9802084990019,4.499468751363818,1,3,13,80.41285029498056,4.490906764673705,482,5.755926207176096,0.57575844925115,15.645421388584646,0.9480917188775972,25.898610104344904,6.869357268720465
PID_453,411.468640313824,4.193886939280927,4,7,7,118.70286868471308,2.4518567418017243,1294,5.639928513123226,0.5688474643727723,16.407641104798028,0.3179819476922905,23.653222529665594,6.774351323482013
PID_312,461.3517345251248,0.9112899068141048,1,4,5,32.47829736974886,3.68411426784756,289,6.872193543730728,0.5598248474587976,19.536116442282097,1.5963727838239612,6.262560614074867,5.285592770346373
PID_190,516.2130674521047,2.4836530214965173,1,2,3,73.92390708875865,3.1709031927688955,908,6.567355344436727,0.765103014133554,18.827695482287133,0.5685165941102475,16.311031944451578,2.432011679319397
PID_333,608.6016816145352,5.291164104571059,3,7,5,39.44722986230257,0.7904005381437997,841,6.740081796155379,0.6712026812086463,15.59471632944005,0.7236643063193047,35.66287886169017,7.558571990569229
PID_264,326.2184501173151,2.028251703290477,1,5,3,86.42635566802821,1.2231391263028792,402,5.4432714493506005,0.6842523398384535,14.875514362722347,0.8114886818838685,11.04032458861778,5.389759871617009
PID_422,663.3033374656267,2.803393606535918,4,8,13,101.7760307787252,2.7524638519684173,1454,8.281876196492473,0.7189551183227469,16.187957228306285,0.4561921165513251,23.217358779369007,6.382393710369624
PID_208,434.8214904964416,4.675085763923893,0,5,5,69.40967773084851,1.6599001920303371,205,7.92510793927583,0.7512688462665709,17.940028030933544,2.1210804414460567,37.050559304468656,7.283170590757217
PID_133,508.8317206484576,3.1226916709332566,2,4,4,76.28293803989608,4.0848878106698905,556,10.266936796737614,0.5303196844020442,14.389584604208135,0.9151649651950676,32.06047802117072,6.625867828845175
PID_288,478.0991867735033,2.6037347079625377,3,3,9,110.98521430713136,1.0055124999555636,1369,5.451996735422746,0.5414392994245993,16.47270392735122,0.3492324227710031,14.195553127718652,5.540959682447113
PID_426,387.7300480179406,5.633554792547761,2,9,6,45.04571246870304,2.5616312424377154,254,6.910861879845556,0.5359230534333962,20.139760711068007,1.526496252039136,38.93271906383956,7.885574414484078
PID_320,429.1877749642725,6.108349495696368,1,4,5,68.6531070804917,1.751196081353131,1290,6.342075634092897,0.6921668497570334,16.65841941158066,0.3327037015226918,38.73961450117957,7.8189913918634515
PID_272,400.6999065341168,4.968287076172693,4,8,8,119.26774357330156,4.579337302217703,346,8.937057865907397,0.700641769619869,15.692109498077048,1.1580922154165223,44.40186909419523,8.307871766043196
PID_474,534.9602097021025,2.2876014175386103,1,2,5,70.1374616553276,2.42653155460295,1179,6.798429773021703,0.6267561651211225,14.765777827453556,0.4537406358796458,15.55209758580114,5.0173928649171256
PID_165,485.7015485965047,2.254333390165152,0,2,6,84.50325249743744,3.8183435939512,935,6.772241983413592,0.7768070600795233,11.591848206300972,0.5194668968946574,15.266891229487536,6.103887585987878
PID_367,380.7090404739346,4.283771157898636,3,5,7,138.17929577735114,4.323700353056821,1455,6.379521476062591,0.5805563804046907,16.599600440269665,0.2616556979202299,27.32841010035186,7.169111555354248
PID_370,539.959987543325,4.127597331333026,0,8,9,52.06566682572499,3.878470291742365,894,7.406568521440214,0.6795432791253286,8.596915714554989,0.6039820889746366,30.57133246343182,6.578819570227645
PID_225,480.7299520876609,5.602397889419644,2,5,3,98.88398437392156,3.749255291000911,1319,6.612075680546053,0.5814284128980131,17.905219696562078,0.3644654678450803,37.04347883737416,7.875014532116716
PID_346,531.286211883896,4.475675138804209,1,6,4,50.30517822882295,0.6725982576416958,1053,7.078222085654097,0.759597432494017,17.195050677948792,0.5045453104310503,31.67982261569692,7.753496222146724
PID_371,512.9628841923612,1.245379547360273,1,3,3,54.8112657237143,4.211566386122088,447,6.756323245828357,0.7128426184272668,15.294545776539602,1.1475679735847006,8.41418678570941,5.395435667147438
PID_358,367.1004989077928,5.077921426584378,2,5,5,67.16398767667336,3.2311299056620086,331,5.7745547291472334,0.5101078573995412,13.400949317358512,1.1090649513830595,29.322735188120888,7.290606626132175
PID_337,393.981895980303,2.0029090590283807,4,8,10,91.62107419388882,2.525147155229304,1293,6.177245528329748,0.6239198970352055,14.95122023294917,0.3047037091881694,12.372461028534207,5.7269590954635605
PID_403,524.7293605123261,2.9240430920714724,4,4,8,66.25646572103709,2.7062779884481776,548,7.166507423291552,0.4420993208937079,9.67790991977883,0.957535329402055,20.95517652535459,6.223387535608528
PID_190,511.0370265433465,3.8753003093775416,3,5,3,83.32287289728703,3.10942218776301,641,7.161632362284015,0.740045558101083,17.471401809793353,0.7972496513936763,27.753476109207455,7.21434019333401
PID_315,447.9098406035852,6.493501234675946,4,1,9,62.062586391530616,2.49519401300211,455,7.9940108585740335,0.8547308950921435,14.508526382218722,0.9844172320957916,51.90911938016341,9.482839203836384
PID_329,461.7327383308782,8.164877834008042,1,5,10,82.0372049654839,2.374104834911624,704,8.731092977406403,0.431955887999945,19.54569352489507,0.6558703669472702,71.28830751788882,10.272539769933005
PID_254,577.7664895788425,4.410084588704274,2,6,4,47.55746018133727,1.6267761335263196,615,5.874717347310789,0.5072901309062953,16.175970855373635,0.9394577066322642,25.908000436368965,6.752868365039995
PID_402,390.842861116417,3.2252050719194183,1,3,7,48.17902397982962,3.41220248459582,518,6.661848989935567,0.6667320083569853,15.694301310988704,0.754522897908141,21.485829150701445,6.158267543590699
PID_263,504.7097381170038,4.301758472720826,1,6,9,67.16161736545223,2.60611225936132,515,6.267913028537833,0.6481541189710547,16.202844414324208,0.9800189089650558,26.96304797678987,6.907038943070233
PID_244,429.78073475661057,4.8314831388107535,4,5,7,95.2770831898638,1.8485133704312704,1185,5.1712308351213485,0.6089154828194879,12.073468241098444,0.3626841643515701,24.98471458678705,6.679570349095624
PID_400,428.231879677278,3.0189985616642123,2,5,12,84.84490897829043,2.917327210504444,1197,7.177466166565306,0.4762379982748866,13.647018398859844,0.3577542854446766,21.66876003325421,6.792632342719565
PID_453,559.8776851987191,6.192817033868483,0,6,3,60.640673177826265,2.8513937444557085,529,7.433404596807026,0.6823446829975129,15.398846800832,1.058369915309488,46.033714606742834,8.858253303287025
PID_289,532.541634898803,3.845106138787103,3,6,3,51.710763517707,3.406983675146189,1355,5.207610528576182,0.7387513851946979,14.09230719984027,0.3930196567518841,20.023815211840628,6.661571296569406
PID_228,531.3509636000639,4.246614633637091,1,7,6,105.84526087715015,2.7641424334382125,1367,6.050600792989617,0.9346985448754233,13.270462584130826,0.3886985834674937,25.6945698698059,7.155625686206018
PID_375,580.5478807154329,4.498886378081692,2,6,7,114.08108145603644,3.540187701487067,1470,5.933492573084788,0.7807287922136821,14.152811039106238,0.3949305310989339,26.69410891150004,6.743168325473235
PID_296,452.1003841632759,4.132379915921684,2,5,4,92.69310960374676,2.472287898952752,1286,4.689890356129799,0.5201284008058763,15.132389746178609,0.3515555086806189,19.38040871554557,5.958464942180548
PID_291,518.1952971294963,4.758410750704418,0,6,3,88.88856263437165,2.5586310250303885,1459,6.456347203801853,0.6488108588838232,21.95622680121571,0.3551715538927322,30.721951944851146,7.452710958555793
PID_448,418.9733243406544,2.574120220179615,2,6,7,26.55502862593257,3.133073014595074,1000,5.125709988273718,0.7092077721448715,14.02382593497038,0.4189733243406544,13.194193723591995,5.804181621158979
PID_425,482.4166352488442,2.6625473690809542,5,5,7,94.84098660939078,3.2645759881229,322,6.690792429506391,0.5811738552476704,12.967711563739863,1.4981883082262242,17.81455178024901,6.616952903523502
PID_354,436.9856945632316,1.8497686505424575,2,10,6,119.7103697613934,4.2539403746964055,469,6.822945829951749,0.728001200154289,14.541813024229144,0.9317392208171248,12.620871300594136,4.952999852883066
PID_152,459.6995964992718,4.159251845930339,3,4,0,106.8053258608289,4.057265816039687,207,6.971627339965671,0.7203377789936934,19.504784695497342,2.2207709975810235,28.99675388289064,6.907583083902127
PID_208,509.51570254369136,4.668404755268171,0,8,2,105.45141685147745,2.747677790962681,929,7.029586613275856,0.7737359715735833,19.719275160420484,0.5484560845464923,32.81695557298649,7.544172451903757
PID_448,368.1779316766528,4.186659299227829,2,6,8,38.616906990102194,1.107827549048576,541,8.337128859917042,0.7302242753267519,20.847294227064097,0.6805507055021308,34.90471807023239,7.228754976634228
PID_207,659.238727568546,6.0117386500213055,1,4,6,62.39219476249652,3.6208247568766185,885,5.529624631021291,0.6785143650107759,15.182926509679715,0.7449025170266056,33.2426581144205,7.215792025184668
PID_288,349.3982618500298,3.4916059717564303,3,5,8,76.37901276174696,3.4333780911115324,1027,5.589821820779316,0.5862068252991115,16.924776808792434,0.3402125237098635,19.517455250487465,6.2106427454576005
PID_429,328.5811387212268,4.503112483388769,2,4,5,62.2088785878566,3.060428712801436,535,7.28619667661137,0.5206921405506842,11.849926575909386,0.6141703527499567,32.81056321087442,6.933833226166936
PID_380,565.8110873500068,1.8624486857910283,1,6,7,51.00312413380109,3.727840260058888,947,6.341622169621143,0.6719016138153953,13.9396776807323,0.5974773889651603,11.810945875594149,6.093065819492024
PID_134,512.8345509264279,4.773653166114716,2,9,10,45.09003586363213,1.7507685913833018,315,8.801733593951433,0.7621790490719369,15.115238288606744,1.6280461934172314,42.016423438064514,7.795008202724411
PID_402,448.77532271530856,3.0590495785037266,5,1,6,105.94794671351416,-0.6763095645175978,990,6.390405860272771,0.786892401380586,15.678568979836886,0.4533084067831399,19.548568353335163,5.896574573737537
PID_259,360.2745628514168,3.3926011222129,3,3,9,85.58132625307823,3.3326032552487628,1308,4.721552513616099,0.5264633383746696,12.461367544637088,0.2754392682350281,16.018344356281116,5.630489630942352
PID_226,457.5804558193726,1.223189379978786,4,4,5,120.57583237265732,2.7207694669463454,249,6.908793703974976,0.6289569394084812,17.55206197406897,1.8376725133308136,8.450763087166491,4.9758593886202505
PID_401,382.28382884878886,2.964456198790086,2,3,6,99.870770344807,3.8328428264813086,1387,6.413991010503105,0.6066794829703434,7.778914212653981,0.2756191988816069,19.013995410069818,6.589430346610564
PID_170,435.29426184978615,4.36280752415985,0,6,7,83.44327731694395,2.212231031942492,754,7.295128624010244,0.4233722311023838,14.680066232364132,0.5773133446283636,31.827242050545788,7.164864498122152
PID_401,417.8614158347007,3.5746605307714403,1,7,9,125.46444757835305,1.854700857053832,1441,5.289193209769814,0.6382505066961595,16.15238519510252,0.2899801636604446,18.90707020658846,5.903862516131529
PID_197,491.2931454275624,3.510594737942265,1,10,9,95.30136095405312,5.098102448950932,705,6.324867979985137,0.7286115204305316,14.480207627686957,0.6968697098263297,22.204048248715345,6.629095288841228
PID_196,393.6275447196025,2.509518290789829,2,1,3,70.80037557055803,2.6183973479745557,433,3.642570157070653,0.6575290737453574,16.68335068743598,0.909070542077604,9.141096434653983,5.580013984799343
PID_125,367.7779604433569,4.548242630303802,3,2,3,94.23197543362669,2.471850244352033,974,6.596800710543461,0.7171507073057702,20.999485786603863,0.3775954419336312,30.003850215312184,7.227077421861
PID_275,474.3687211491912,4.131459416584085,1,4,7,91.65218245638302,3.149737379297608,1338,6.011074309836603,0.6697308377686987,15.973871622750828,0.3545356660307857,24.834509561161116,6.6097253675173135
PID_275,474.49665711087226,4.238028271989199,2,4,8,69.4295412574082,0.8962035363128236,388,7.534010053391217,0.7776289573744115,17.91798391346899,1.2229295286362687,31.929347607722832,7.784091141126555
PID_112,399.30568246288703,2.710947735998629,1,8,5,59.496297284083965,2.3233509431827466,1420,4.116981759748262,0.798588754883218,19.142859269754087,0.281201184833019,11.160922380737205,5.902548787297217
PID_257,402.8961694381677,0.2699856201931334,2,6,8,109.5488524387884,1.7720235637378403,749,6.507614371760765,0.5739537112834506,16.476081288834557,0.5379121087291958,1.7569623021375784,4.946288922113568
PID_324,305.1915658502676,2.7817438159873937,1,6,4,72.03628777374932,2.485427103118593,1020,7.310481593541223,0.7008119548467056,10.079498006274957,0.2992074175002623,20.335886964722963,6.290860456099368
PID_293,309.2536225623445,2.205836353935319,3,8,7,94.54546919783049,2.856688297151794,213,7.6768063948254355,0.9004668145083472,16.12313429851222,1.4518949416072513,16.933778627829078,5.821028118252753
PID_224,378.1555778747564,4.54021836787099,3,8,5,67.05559060926355,1.2940731501572054,1166,6.907680227155937,0.5702164980985883,13.7992265324922,0.3243186774226041,31.36237664671264,7.416908275253068
PID_106,428.6552848288153,2.9119810401213053,1,2,6,85.71600347200265,2.3612882511845594,1059,4.506159116119209,0.6383264468968182,18.850803202761973,0.4047736400649814,13.121849909908915,5.966581477924891
PID_411,481.09075655980047,5.089904576069933,0,5,4,70.49393088492806,2.8959751022883102,1468,6.699835007722973,0.5467726366684132,13.574630517063657,0.3277184990189376,34.101520864722694,7.732329965940591
PID_337,535.7659623202019,4.5253539848007165,3,3,6,89.65875783568495,2.4725895914023908,811,5.206130546971071,0.6885564021645101,11.522967909970502,0.66062387462417,23.55958361612827,6.690472708107562
PID_317,448.0983792097311,5.317915978079601,0,3,4,88.84564838101792,2.377295995317686,1077,3.0187152451473005,0.7041451093908179,12.171494999697131,0.4160616334352192,16.05327403544131,5.859133943870026
PID_316,349.7470635362191,3.891875796850784,0,7,4,28.111287632326324,4.337768863378364,483,6.09908218886983,0.7019753727449066,12.445418860722718,0.7241140031805778,23.736870353866195,6.954129364892756
PID_269,448.148686400761,2.9460842911306955,0,2,5,46.233100714166575,3.4528216076393115,822,5.976348868620437,0.6264361247175589,14.84155725654909,0.5451930491493443,17.606827520159374,6.2280116471572695
PID_105,421.1341361079862,3.715082701013377,4,1,6,109.06303624622144,1.9945962281698184,999,8.182687226736018,0.6257460931301837,13.179246097500004,0.4215556917997859,30.3993597638501,7.870307925210187
PID_363,482.27185603380894,0.83564715065252,1,5,5,81.84754668997607,2.205608297295603,916,5.776132276845568,0.5529201267528085,22.887714606385234,0.5264976594255556,4.8268084789380525,5.190357699277288
PID_428,367.2769056447677,4.112979217221007,3,4,5,32.66242830581911,3.270739666460281,733,6.180371529685425,0.5798845695715406,17.50768245342105,0.5010598985603925,25.41973965630056,6.775791573365375
PID_227,501.9346514241173,1.9559427377268928,0,4,8,82.11475165720283,2.1699609303893777,881,6.40492546726783,0.6443198223442059,18.25391973833752,0.5697328620024033,12.527667453384538,5.644893966579658
PID_174,603.2738913002578,1.4709945712346983,0,4,9,40.755071578881065,0.4839319241916557,1220,5.791615971283544,0.669702964184208,14.66732100828318,0.4944867961477522,8.519435652434268,5.0730905873090135
PID_315,439.1239851543143,1.216461220673163,4,3,4,65.66764115533587,3.1548667520546703,1380,7.363749706198591,0.7210787891588589,15.31725653604735,0.318205786343706,8.957715956333983,2.3291732031140757
PID_425,490.17117220989417,5.169032562484888,1,0,6,86.33949016018002,2.3400327109188037,933,4.109129583371743,0.7108860659792173,13.71122116303049,0.5253710313074964,21.2402246199185,6.584205879957304
PID_139,519.0143991711112,2.556104909460817,2,2,4,86.37557812361305,3.615835905556074,360,7.863892044972956,0.8057076765565733,22.87314270139604,1.4417066643641978,20.100933063625234,6.38479986676577
PID_283,409.8779528114164,5.800591564874749,4,3,3,105.17136161031588,2.8490080930874866,373,6.485746258020957,0.5527311907502431,14.67340854419759,1.0988685061968269,37.62116503619433,7.41084243253763
PID_179,472.4092481810417,2.6962978054215534,1,4,7,91.6318023969288,3.5750727572856342,1104,8.061976561754511,0.6267414589355931,13.18874700229544,0.4279069277002189,21.73748971081869,6.734985544756942
PID_372,451.25924007817946,0.93896306361058,0,2,8,93.2068881248307,5.822841901313981,225,3.2033214294628745,0.5614695443802229,12.737987338054058,2.005596622569686,3.0078005031378834,4.366716480096532
PID_413,595.1143607795042,3.7400273387791816,1,6,6,100.65162500964006,3.1220794488297687,818,7.200614996099018,0.6913436963460782,12.657169956158542,0.7275236684346017,26.93049694143368,6.83838499656631
PID_446,545.9270826085207,4.252674104251318,3,1,5,74.97234120897299,0.9188977985206056,1224,7.677571708931556,0.679305882772503,18.7388055268446,0.4460188583402946,32.65021039010576,7.672520847127707
PID_409,665.3182457511557,5.176098223853691,1,9,8,78.50896492345345,4.065296812179724,722,7.299199456425642,0.653864514548458,21.304144120803127,0.9214934151678056,37.78137334195859,8.094111011435839
PID_108,373.2652437111951,5.67274884483939,1,3,4,57.44046283254076,0.0336650959283977,287,6.623922205256098,0.6182893963833578,14.564992477026736,1.3005757620599132,37.57584703817251,7.806856142689444
PID_406,537.2320636720679,2.960347031316372,3,9,4,108.76266438913864,2.77944533121121,441,6.614723419584868,0.6062615236171934,18.61987022509485,1.218213296308544,19.58187683814694,6.246517206175428
PID_237,468.3342005738352,1.5109284708769426,1,4,10,120.37798910199274,0.6920192811967256,1208,5.76224589633394,0.6352583276285693,10.601735683111958,0.3876938746472145,8.706341380964776,5.285795496877083
PID_257,369.1701714644848,3.8904207598743294,0,7,5,39.10783953700325,3.051576855567352,797,5.270922935318327,0.5458144785033819,11.97120527222526,0.4631997132553134,20.50610801126016,5.83102329940796
PID_364,366.0278157819224,2.054361610684084,1,5,4,96.83497809177474,3.842349328076169,310,5.558324639166731,0.670460922377599,16.236641385443612,1.1807348896191046,11.418808758423594,5.726355066533546
PID_273,390.0607354555978,2.0642736276574354,3,6,3,121.36320768330768,4.026389539951859,488,7.117237039456106,0.72113059641874,14.463071933884123,0.7993047857696677,14.69192472233592,5.989899182589332
PID_477,237.6104275690193,4.0156818223248285,1,3,3,52.03762759805067,2.568362179094225,273,5.944542642162381,0.6215624158657644,15.714277934033992,0.8703678665531843,23.87139183016628,6.664775473353962
PID_381,374.0867338446302,3.54919549311738,2,5,10,75.29978769830811,2.7248595260578177,1000,7.039077215821992,0.499539818731656,13.040501448564596,0.3740867338446302,24.983061130100648,6.632994743870889
PID_291,465.0393786476208,2.3622569979498955,0,8,3,111.09613064394352,1.9453722363233688,936,6.955879588316501,0.782504314631518,15.281979319838603,0.4968369429995948,16.431575234397492,5.81147393981986
PID_261,484.175597577716,3.154398928691349,4,7,6,51.05570478237187,3.2479661049001223,1328,6.241640497461667,0.763114871144109,10.986203342776278,0.3645900584169548,19.68862409846962,6.496726558229379
PID_326,637.6170839215886,2.1136502835975435,2,3,6,69.15832002285984,1.6990009091046772,276,6.321277483134034,0.640157410062635,18.491357147225575,2.310206825802857,13.360969944925015,5.842981736707869
PID_227,545.042383818605,4.83529761668718,1,5,10,40.8019536221341,2.6401698050337283,402,6.999137467855888,0.5620164134694932,18.289241140989603,1.3558268254194157,33.84291271718952,7.609758019769538
PID_126,392.3096344337597,5.052874002085629,1,9,4,88.48842703030672,2.2255556161122687,1050,7.662748539660669,0.7292898147586908,16.08566444229838,0.3736282232702473,38.71890288057101,8.001783880990686
PID_315,641.5540686793722,-0.3284289689584865,1,6,7,88.59919671266378,3.195482018788008,999,5.069559307547465,0.5495375934090398,13.472556196310446,0.49969160875941,10.675141927283804,5.807656934241639
PID_268,317.9766792979358,1.2552061173648816,2,4,9,67.10698103595205,2.972796277559888,906,6.234287008683858,0.6446390508931317,10.81335241589957,0.3509676371941896,7.8253151907083875,5.154167931420037
PID_182,633.1458765854354,2.5249640983896526,2,6,8,69.01465475571197,4.180613884666848,1428,6.0114201946479,0.8018041566988016,15.916625823783525,0.4433794653959632,15.178620171820484,5.4103390533218505
PID_398,278.68654709091226,2.1172102803120305,5,6,1,43.684054742115215,4.153598788317401,640,7.1898230952744,0.4817902058484498,13.81935145275786,0.4354477298295504,15.222367370939825,5.430543061638262
PID_140,585.3872374165413,1.9940639418777524,1,4,4,71.48603055005864,3.4354841119437967,1435,7.371450106047152,0.6541520413631814,15.810544854631368,0.4079353570846978,14.69914285581956,6.012489854050144
PID_459,438.5460154747382,3.810900994098416,6,4,7,43.19183812655355,3.6692470457844215,252,5.310904455101492,0.6751421785901598,18.343212649203835,1.7402619661695962,20.239331067507983,6.571042972192479
PID_117,573.7816311973462,3.604016505554376,4,7,1,69.76917315235796,4.5420963067819695,1311,6.688941124495008,0.6427219918411197,18.43359863658245,0.4376671481291733,24.10705421736145,6.565858125613377
PID_299,390.06249770462273,3.765231308209097,1,5,7,132.511522723763,1.7629569471166546,208,6.868883712010263,0.6368073110391554,14.16252182022385,1.8753004697337632,25.86293600490856,6.900147863734219
PID_152,454.6980593764742,3.0925173345109203,3,3,7,105.6767561932531,3.560516262787745,282,6.484944866100433,0.6092860441823612,12.29446629439414,1.612404465874022,20.054804411763183,6.109178583186058
PID_179,404.9934528520756,6.010178135447806,2,3,3,37.24141833101941,2.649750864375939,1248,6.340731488630543,0.6954644578547429,19.41500823906974,0.3245139846571119,38.108925755712704,7.85420720826742
PID_408,512.2849932347499,5.510691577685522,1,2,3,80.99483629101265,2.6155586451538126,424,7.828208732030625,0.6886897308751972,15.188141426948748,1.208219323666863,43.13884392796543,8.171124623649101
PID_368,343.23795706174053,1.5506281446086034,4,6,14,80.94063860999566,1.6348377749879452,629,5.465823190976857,0.632332171376497,14.777263611804267,0.5456883260123061,8.47545927338312,4.98691887228073
PID_381,435.7620514978706,4.744598626818762,2,3,6,98.6309784465417,4.694159700503974,1417,6.292194955081942,0.6157781813927178,15.74312448747812,0.3075243835553074,29.85393954355772,6.815069096141142
PID_211,462.02956317118986,4.717094831737388,1,3,2,66.3448263089269,5.231747357307491,1341,7.797644800167152,0.4500377115201766,15.161285895526444,0.3445410612760551,36.78222998659239,6.943084778845651
PID_189,501.4438834058749,1.7776050668710726,3,11,5,60.37740988476199,4.140524549832554,1034,5.526732891162309,0.6585770756221534,14.33706787827098,0.4849553998122581,9.824348390573132,5.541490444374333
PID_346,521.161487808889,4.728166465632291,2,4,7,27.997413763170822,3.5834947146558584,1094,5.587894486707216,0.6161377223921037,12.715327990599562,0.4763816159130612,26.42049532554062,7.665737218364116
PID_155,337.5357908162131,5.806897877618829,4,10,7,88.27619218467416,3.507857239404321,959,7.380729133342172,0.674924988204346,19.695841374290797,0.3519664137812441,42.85914033968412,7.664151624578802
PID_440,296.58858292643777,1.8161827906333792,4,8,1,63.94852094914917,3.1972098814371503,1194,4.791303391223549,0.6991289274020291,13.289183211316375,0.2483991481795961,8.701882763843559,5.392392630394488
PID_288,577.7676821898509,2.1237457684786047,1,3,7,105.6358732818648,0.6848701428169051,277,7.292757347631793,0.7741068372044642,12.208463800477515,2.0858039068225667,15.487962557574273,5.669379084501666
PID_248,483.2314011979592,5.0264922002652535,4,7,3,92.79433031551017,2.2290460352329267,1375,5.912438504903644,0.5544434898686132,14.758333047239908,0.3514410190530612,29.718826029446124,7.072114071667305
PID_363,375.15134634434463,3.907242966238472,0,5,6,109.6374102738162,3.783743122385694,1279,6.992000738624507,0.5206017845484285,21.472545652308906,0.2933161425679004,27.319445705924807,7.237678401216047
PID_324,605.1151975522523,4.327214412859285,3,3,4,58.1616734750683,1.7836334793574578,556,5.035118519533248,0.5926033268875599,12.535280086964772,1.088336686245058,21.788037428178978,6.186051578652895
PID_291,461.56746342928585,4.010883824600745,3,5,6,85.11302721288352,2.9865119590221907,1482,7.922091519870042,0.5764406754943693,17.12884565618587,0.311449030654039,31.77458873405348,6.733189057251414
PID_485,567.9297184063827,4.086043881392216,2,6,6,84.74888061464672,4.188347069020988,734,5.039313620132549,0.5674590425283723,14.261005185249344,0.7737462103629191,20.59085658395906,6.274324192387109
PID_427,456.7518481410109,1.5102918075333756,3,5,3,67.59715032596439,4.207586532673766,873,7.369940424255985,0.7944906440868252,15.734421744380915,0.5231979932886722,11.130760644762864,5.325525525160868
PID_169,656.0747924881987,5.070976559932173,1,5,5,110.75917925900566,3.924606727465038,770,5.089445139468818,0.6648415871538295,17.766542654884738,0.8520451850496087,25.808457005307105,5.987766906009817
PID_105,625.5340842443204,5.25438498864166,4,2,6,99.53341559253998,3.140426051782583,777,8.669961045306877,0.8472393462628082,9.840933575421024,0.8050631714856119,45.55531316856841,8.564061250104732
PID_121,425.1035851520927,3.1559138838979583,3,6,7,130.76848674675264,3.7573437740675457,605,6.4143418617738455,0.6496929576975238,12.31097667362425,0.7026505539704011,20.24311053763996,5.916886556225872
PID_273,547.1570950954356,3.4347845752792066,0,5,3,97.36636160853617,2.5103255477600186,314,8.841028513996381,0.5328123550934039,17.724038384781156,1.7425385194122152,30.36702836947841,6.921544617313761
PID_194,514.5375949585148,1.203338746166417,2,4,9,126.72213307237652,4.843701704271688,673,5.517335015107208,0.5691825415802231,15.292353252244029,0.7645432317362775,6.639222999259175,5.025913701362189
PID_288,586.8631557532349,4.271382134026752,1,7,10,126.15342504571608,0.8910748052350401,953,5.968819164741445,0.7524455347043958,15.635623921363289,0.6158060396151468,25.495107541513093,6.436807436169763
PID_417,353.5076539419896,4.358086162571216,0,5,9,67.71129728136934,2.881532914351029,530,7.952863044478603,0.5366148263039476,17.134150851136532,0.666995573475452,34.65926238696619,7.8527162586524835
PID_168,518.6051459998439,3.406713474501033,3,6,8,43.26137037702642,2.2346099797170105,924,4.788564773869861,0.7057876644263879,12.331195527292152,0.5612609805193116,16.31326813866345,6.039376290622456
PID_156,274.12605135768854,2.9988841535300894,1,6,6,97.34557670959946,2.3926090561379163,287,7.094082115627199,0.5570174427335239,17.45935117392165,0.9551430360895072,21.274330440395616,6.479987956682852
PID_211,331.6741487334225,4.3469088888404,1,3,8,93.03186843215184,5.70175278630779,1107,5.277463307964401,0.7886519732148225,15.714951621775112,0.2996153105089634,22.94065216391952,6.7387162271063294
PID_252,246.07678222398997,1.9705034919618267,4,5,5,68.78380085903565,3.8988663329991686,773,7.126180906422854,0.5911433963679981,16.404395198602458,0.3183399511306467,14.04216436045793,5.842418839961708
PID_428,423.0593165555442,3.464671773688643,3,4,3,89.92878426002477,1.6016862652592734,202,6.704485262026062,0.5672428975399633,18.49492133297108,2.094353052255169,23.2288408444532,6.19585329528477
PID_252,521.7542255795962,3.2384686131457463,0,8,5,105.4263917646158,-0.3992543738484846,723,4.683625251509379,0.6421106920447177,13.21848282379753,0.7216517642871317,15.167773372749975,5.571838688766944
PID_192,600.2357052096028,3.837961883061413,1,3,9,96.4646586164159,1.4344612185609835,1371,7.661322545580159,0.5991762307158135,16.984071055383662,0.4378086835956256,29.40386390377568,7.0540180899908425
PID_473,457.4094780419776,2.945709606749962,4,2,5,64.6544144069857,3.473766682533561,705,4.985080288166517,0.8714985900599869,20.2330717071443,0.6488077702723085,14.68459889527198,5.706510061744094
PID_260,612.8615545571292,3.3027911064924984,2,1,3,118.55872383406616,2.484072465669422,845,7.425534916367525,0.756035729337558,16.921878748465975,0.7252799462214548,24.52499068272818,6.963255131888379
PID_462,311.9898541785109,4.73907075716226,1,7,9,83.12070858212033,2.111537788345717,283,6.654170477893137,0.5909307577544838,14.33282031702396,1.10243764727389,31.534584724955785,7.210501883891368
PID_107,279.6617560644845,2.844853644142674,2,3,9,96.97957387266597,1.9319329572106447,383,5.95398504235311,0.6024662888741569,21.95461707111709,0.7301873526487846,16.93821604490922,6.17426425357895
PID_459,444.4452301103381,1.090134348891981,1,2,7,101.0144510522119,3.795791638994914,368,5.17351697004694,0.4480551724932261,15.69244350723148,1.2077316035607013,5.639828553623735,4.616514237495753
PID_219,488.40654489393074,6.124375856308131,3,4,2,133.29323053153354,2.4026596495543844,307,6.895123190489779,0.6637403651091445,19.19577479903924,1.5909007977001002,42.22832599410589,7.717179758180511
PID_240,446.7305251905907,5.572181118035729,3,6,7,90.36158380403168,2.27784317196186,392,5.452970247826968,0.5752940657061193,13.735405758957803,1.1396186867106906,30.38493785215204,7.540151075716055
PID_416,243.25578999601237,1.561605957341572,6,2,8,78.69326249925005,3.993398081694439,1051,7.949544171263092,0.6588011382159934,18.203407493717112,0.2314517507098119,12.414055535994414,5.689443162712054
PID_491,441.0879960487212,4.534561707867791,1,7,6,127.84281480016628,4.674414852351107,1437,7.9933407311640785,0.453372590509577,13.360724857376768,0.3069505887604183,36.24629679747656,7.825035400488395
PID_339,479.9157842839261,3.108511872760669,3,4,4,107.69983268221422,1.4633558542492795,1318,8.470440825183196,0.6473243664011059,15.970152714763657,0.2424529969267941,23.25591584236832,6.216469147405597
PID_216,516.9672548830039,3.895230822996589,1,10,9,87.65214278561041,4.213769291150969,1379,6.83707692449037,0.8198671306233495,13.179779672681146,0.3748856090522146,26.631992775473613,6.796340246962963
PID_213,486.6598246096849,3.94133619352024,4,8,4,86.07702581678436,2.6674317950042865,471,6.014828233401949,0.6554141161232327,20.70346792859113,1.0332480352647238,23.70646021411451,6.924727668431914
PID_460,356.0120213672645,3.148388299525517,2,6,6,30.99875043147408,3.901828134424248,1386,6.143716903195212,0.572531781294946,14.33660600343384,0.2568629302794116,19.342806413616948,5.903954789870602
PID_126,398.61330826633065,2.3243515016204053,3,7,3,77.81325817429884,3.5866953194211084,755,6.055894900637295,0.6479533275090175,11.676203619133103,0.5279646467103717,14.076028405951652,6.55769885407004
PID_409,344.0786478111048,2.464188421525611,1,3,8,44.93908939001937,2.8240369570257986,1105,6.797606645994929,0.6435751263813914,15.285355565706713,0.3113833916842577,16.750583591146246,6.2403065781373
PID_486,443.7320902726828,2.1257121267781365,2,4,3,13.257990833396974,2.874831031378097,937,7.023928706706323,0.8691833140756291,16.6112843758239,0.4735667985834395,14.930850429470704,5.815521003991201
PID_388,545.5142320501238,2.252266687654333,2,8,6,65.10113307443801,3.6019254620857213,964,7.977877239220277,0.6167158070779314,14.920197067882976,0.5658861328320787,17.968307144091547,6.258237811869556
PID_322,351.42739536644564,3.399232564925967,2,5,6,45.4636349610365,1.4842157193766183,944,6.524148098715238,0.5296706696777143,12.560039314419376,0.372274783227167,22.17709667555267,6.919444806768672
PID_255,500.40465155178447,2.4263600163338723,1,4,8,71.1225329367045,1.4286410286808686,970,4.81612720335973,0.6521458174227438,18.11195042186993,0.5158810840740046,11.68565847980992,5.342110900046256
PID_279,370.7127167737656,5.730869233003891,1,5,6,92.72885741534974,4.20123557381347,1403,8.367022136067828,0.7062295966354156,10.056127953460614,0.2642285935664758,47.95030973145361,8.650655037784091
PID_384,439.2969640045442,2.629920137944936,1,5,4,77.26779038743436,3.990935980034749,1446,4.632105715433584,0.7255761850231386,12.368919138418098,0.3038014965453279,12.182068102108616,5.749173216026218
PID_192,346.4757677580626,3.8591067508030656,2,4,7,47.78022508223857,2.612617124768015,315,7.386979952481658,0.8455526085509796,14.521717060102404,1.0999230722478175,28.50714420266888,7.021233851479331
PID_288,179.00112542336603,9.093520318182575,2,3,4,76.97130843056217,0.833362333789796,1160,6.031312263699872,0.5904336298327462,13.407222908522726,0.3402026460907602,25.63022832358701,7.015129063455651
PID_343,330.21221074111514,4.208003406378912,5,6,5,53.35645358305085,2.163736894397585,1228,5.439842827520575,0.5813450255821816,16.577863749443818,0.2689024517435791,22.89087714837247,6.921481518032647
PID_249,380.02744920074144,4.2233734290209854,2,5,4,51.52048088693933,3.313995287446861,726,6.908533012139805,0.5612685634560857,19.73016660331199,0.5234537867778808,29.177314756985567,7.0878976155346205
PID_412,438.767195030917,4.803734096583909,4,5,6,80.17358899384307,2.59430202184159,1372,4.944740912472358,0.6008365086414155,16.367444437554738,0.3198011625589774,23.753220520016896,6.877718545312631
PID_180,511.4166700043425,2.355070843732128,2,10,5,75.16179523563406,1.7090985935515532,1490,4.901420215652671,0.5066493111019932,16.432169791962792,0.3432326644324446,11.543191842762845,5.533647050456973
PID_314,525.7507710047305,3.556906753171403,1,4,7,104.84484721110228,2.949084618694695,929,6.128090934295724,0.7522925503352695,9.72957046362892,0.565931938648795,21.797048028244912,6.623825595647667
PID_330,396.9498852389473,4.524993489216604,1,4,7,55.95868393103287,2.524729453401015,753,6.424330821930075,0.7403842562812787,11.143828561790812,0.527157882123436,29.07005514180715,7.410187391169459
PID_129,392.418175935532,3.1860292706309576,4,9,5,105.08995979777686,4.534483090569835,265,3.66735021114743,0.7026576438464219,16.425937543530377,1.480823305417102,11.684285118370337,6.013528601080029
PID_241,422.4948302848356,5.109467071649018,1,5,4,77.65115833455863,-0.6268105533560626,319,8.165986645505464,0.5382736301012461,13.10999728301058,1.324435204654657,41.7238398727358,8.354204303244874
PID_316,219.80788352644151,7.045808741929041,8,4,6,101.56385976318164,2.617970974566797,444,5.013774232255474,0.7031150820308554,14.03064718216149,0.4950628007352286,35.32609431568419,7.256885060330026
PID_435,298.4808937801448,2.3210209510475264,0,2,2,64.36061389249834,3.0990720620727705,588,6.276848958595166,0.6626874740796705,20.508855524482072,0.5076205676533075,14.568697939460227,6.156595254477027
PID_245,586.6874267444525,1.4284330952693378,1,4,5,99.45294330026567,0.5757507069825638,486,7.140599894975019,0.4669743789587335,15.412714407506565,1.2071757751943468,10.199869210059076,5.890422550886239
PID_259,614.4967713501284,3.9557278934073135,3,4,7,59.82523235200978,3.688612841520385,1271,8.070259661815015,0.8058272989734663,17.7045495428449,0.4834750364674495,31.92375125128153,7.131420202044838
PID_465,425.09639604436217,4.582343757689215,1,5,10,121.18364510009825,2.642079311472274,999,5.549416392352601,0.6154388584083009,12.722183551186523,0.4255219179623244,25.429333564315147,6.42609486388726
PID_265,507.6556963055766,3.1537004392328467,3,2,3,78.00042115028337,1.6552565200980174,1024,3.4889776868325257,0.7981217696024385,10.976388921293024,0.4957575159234146,11.003190463437338,5.560436487642195
PID_215,481.1250154543536,5.679890994981552,2,8,5,69.22973891067588,4.022207261405854,617,7.794396459213544,0.6432338549898017,14.75779403687437,0.7797812243992766,44.2713222600031,8.322857905155526
PID_152,757.8880808455237,1.4920913004151268,2,3,9,50.65706033688784,1.9074205843449412,1169,5.000606136288549,0.7482326063298739,10.52859178999604,0.6483217115872744,7.461360912758644,5.241721563993014
PID_242,561.9574911434577,4.539377934547417,1,5,5,84.21487714887685,3.7702636945436527,550,6.931331892300474,0.5640474888259719,12.904231190274976,1.0217408929881049,31.463935048933564,6.851450172000508
PID_477,437.20824085192334,2.59120876886166,2,4,7,76.28422700040734,3.0239657237713318,354,7.005907640162775,0.6714434954328484,15.713262655494194,1.2350515278302918,18.15376931102468,6.5641719912207135
PID_404,354.44595593995746,6.079066859310945,0,5,7,46.5736856323303,2.308027714443276,1484,2.597564680794096,0.6643941993127678,14.666217308814748,0.2388449837870333,15.790769365932002,5.910013409925613
PID_132,289.3553679742428,6.488773029752178,1,7,3,61.59154407647983,1.58878027846044,402,4.562195874146672,0.6176398972607368,16.003558156485365,0.7197894725727432,29.603053544609587,7.044151872955955
PID_368,470.3463635867223,2.3500151183249782,0,6,9,31.14530137122646,1.9438222697709888,1164,5.947026551939437,0.5630777186085334,16.800955188006245,0.4040776319473559,13.975602306137745,5.9468689744694885
PID_298,374.3649254715697,2.6756642961371297,5,7,5,51.757827898918976,3.8557469397479007,639,3.399046497272918,0.3433199269160567,11.412825852581683,0.585860603241893,9.09470735366312,4.998223118982224
PID_291,307.7746290402326,4.789381830469703,4,3,5,76.92620930085721,4.1836473668916,1389,4.894338468491105,0.5654240591506414,12.1741971857087,0.2215800065084467,23.44085573316021,6.184844191229711
PID_246,385.3427115757473,2.919304025315728,3,8,7,88.84004331765374,3.6338804280767314,578,6.647454272152001,0.7200509113575734,8.464247413913434,0.6666828919995629,19.40594001479557,6.149592093139004
PID_184,341.84519963856053,3.431883173101643,1,3,3,71.90541674360531,2.7649849791218912,247,6.393819617490478,0.5104770451109837,13.88843007707136,1.3839886625042936,21.942841957112755,6.496628870741501
PID_155,618.7141635072564,3.5380826308136157,2,6,7,91.78915318135518,3.631460562461009,428,6.863185316773127,0.5311866360171381,17.21026787285169,1.4455938399702253,24.28251676133004,6.57085053466802
PID_392,538.1639756949451,0.6204902657035154,1,6,7,56.03425234678809,3.179651221831443,1189,7.039065174474622,0.5065137191635294,19.47383059081946,0.4526189871277923,4.36767142041412,4.358921204484565
PID_157,449.2027358683383,3.479243380858644,4,6,9,91.09400786553869,2.077673274583497,880,4.481804519624464,0.6708888116310556,15.571445607249512,0.5104576543958389,15.59328870920577,6.487608204405325
PID_108,597.9944138890025,2.46540833890374,1,3,9,78.0696717769835,1.7008242719327151,1245,4.958182083904833,0.5606593414906742,19.11968659062807,0.4803167983044197,12.223943455462097,5.867270402677438
PID_231,457.7368307647618,2.7603157664003417,0,1,4,74.84978436013822,2.4236882344830124,1498,7.41363942741446,0.7720342977200136,16.151481071327954,0.3055653075866233,20.463985797899337,6.480781951818415
PID_170,363.8715798671736,5.665448005203221,3,6,5,79.91097035320868,2.038441689204963,1336,8.329196289203216,0.7234619707119274,15.322348261503056,0.2723589669664473,47.18862850161244,8.625223920469262
PID_496,602.3124077269657,1.6152396585811155,1,5,3,65.01859611052136,2.955804237972767,1097,5.339110341365345,0.6700124063950963,13.166127370244457,0.549054154719203,8.623942764913862,5.570643118002229
PID_290,503.8910043684659,4.7198077801219664,3,2,10,41.64050941916739,4.72744161205422,1168,6.810686712916349,0.6803949666575854,7.844519870952398,0.4314135311373852,32.14513213559589,8.11254976178304
PID_203,346.2753845673544,3.081555604502287,0,4,3,53.87067983331009,3.1358476377722333,1154,7.468499471976674,0.5737051927350298,18.669568461658788,0.3000653245817629,23.01459640509209,6.8382515850381065
PID_346,430.9661321916392,3.0803597472562485,2,10,1,44.70413771215272,4.563032478365485,1312,6.785066740627141,0.5737307374005257,14.840325074875205,0.3284802836826518,20.900446470275,6.621907081205372
PID_418,362.4381746615243,4.685557844077567,2,3,3,74.30358025697186,2.800627333904362,845,6.201480433494822,0.7211026546582013,19.16488957440155,0.4289209167592003,29.05739529005521,6.66042926958679
PID_160,311.7200269035664,4.010076941853336,1,11,3,97.06771347732176,2.5986741683987598,210,5.731220006661209,0.7413392023637042,12.151100643432976,1.4843810804931734,22.982633197400634,6.558730949345956
PID_363,542.6177547531641,4.355919495829296,3,2,8,117.09094268875836,0.981964561954406,1250,8.88232304571865,0.7202262371913546,22.286460630217043,0.4340942038025313,38.690684123099714,8.051594097574721
PID_189,640.9416640470131,4.952276990799292,3,3,7,68.47058199083708,3.567748428931464,655,6.61545084983237,0.6029417343576602,14.25363823600116,0.9785368916748292,32.761545027388465,7.295339383921568
PID_382,310.1432426180859,3.003037425225016,1,3,10,75.98053444567111,2.012689622889143,1254,6.96673043746073,0.6108677922479716,12.923433018771489,0.2473231599825246,20.92135223514882,6.281456665607003
PID_144,506.2969236690571,2.5816448982383746,1,2,7,127.06508459985722,1.7672438172197908,802,6.889184096896295,0.5568243218194971,14.356433860863042,0.6312929222806198,17.785426976777263,6.263496692288275
PID_369,384.9357430878173,1.8722742101633028,3,3,7,69.931846104706,1.5842078792554688,1164,5.525097911599025,0.7268253837257885,15.511369267446764,0.3307008102129014,10.344498328513978,5.298926833867446
PID_461,401.2874616235304,2.261884205031567,1,6,7,64.33242302381208,3.224669128257031,790,6.560985227977167,0.4538544437959699,14.790293981771924,0.507958812181684,14.840188856606987,6.175485027632338
PID_171,390.7606075761131,7.923641637963088,0,6,7,76.73994423868695,2.106495484689632,713,6.113308774546278,0.4295763695142964,13.454008772621089,0.5480513430240015,48.43966795171998,8.552588745532018
PID_151,454.8521627944827,1.4733884506879678,3,3,8,63.03614383750951,4.142816786836846,586,6.880350969222516,0.435731071730567,12.58701726262848,0.7761982300247144,10.13742965473222,5.287730100303668
PID_280,366.9049883588962,1.5163130648846448,4,5,4,44.80602602418087,2.1590270203025588,817,5.401228432117591,0.7857140901498145,18.22330700842761,0.4490881130463846,8.189953238046309,5.471750504898148
PID_406,477.0456825779839,4.222799092577738,2,2,5,119.8156529297988,-0.0489634445906199,337,5.054253895035503,0.7286805363570275,12.360831898581385,1.415565823673543,21.343098761613412,6.482858586101842
PID_229,444.9761890550863,4.320897196066951,0,5,4,93.76782957802398,2.942056379283308,852,7.103270072486504,0.5301403398316946,9.849154088707538,0.5222725223651248,30.69249973911322,7.237253389678226
PID_147,426.1051953133591,4.323325752976047,2,4,8,120.41128440019745,2.427942210917847,681,5.862067288845596,0.6394067093312554,11.833500756695088,0.6257051326187357,25.34362647554464,6.375973546444541
PID_286,359.2436337958402,3.1175663096694533,1,1,4,103.86743737596557,3.8679100603014,499,6.085981135667916,0.7965790373848365,14.734061136482593,0.7199271218353511,18.973449749842136,6.293247033745185
PID_422,392.32286694316673,3.3118186099956497,3,3,3,80.39002266519249,2.816153157971771,231,4.185444136788006,0.7000198620912423,12.72233649830476,1.698367389364358,13.861431783311696,5.515073935401428
PID_179,525.5391225825756,3.991819286239036,2,3,5,38.24690395945067,4.1811394969196005,656,7.655699338611961,0.8614376267970806,14.16048876387241,0.8011267112539262,30.56016826951866,7.136428057149876
PID_236,500.09171876243806,3.628839509439996,2,8,3,57.272079533054814,3.39193034180549,741,7.128819454298832,0.6385733865907182,12.604640386062588,0.6748876096659083,25.869341691424072,6.494937666123668
PID_202,352.2444755201449,0.1710494408786971,2,10,8,71.28348736810052,1.267982321803888,243,7.349682542374196,0.5844841053627435,18.02923168918643,1.4495657428812547,1.2571590895090272,7.8305236223352175
PID_101,459.9332305429226,3.155300554137209,0,4,6,55.90276487366084,1.9036694922396435,746,6.964790744477293,0.5418890833312886,16.47254853239575,0.6165324806205397,21.97600809549891,7.440453149963251
PID_174,525.138712337179,2.2228903486095297,3,5,5,34.50947054767756,2.2546581507918235,1183,4.680851655571683,0.6523644655799445,21.65387869958565,0.4439042369714108,10.405019968443233,6.136585906300603
PID_320,283.05947188786286,3.762817128362768,2,6,6,57.72733988956272,2.597855669274664,623,6.774798757614982,0.7436064391586967,13.854836110190549,0.4543490720511442,25.49232880636445,6.574728287093087
PID_369,504.3360192379935,7.977888503905115,0,3,6,75.14823788784534,2.476423223308929,244,5.769039797186061,0.6599125033269291,14.145362474282203,2.066950898516367,46.02475627654177,8.343187456636446
PID_351,383.7376241054153,4.051222498211457,2,11,7,119.74799056546742,3.662115795745808,579,5.344571473719753,0.6141805000356986,18.55050607062585,0.6627592817019262,21.652048197632627,6.414197317229556
PID_414,507.059866859316,3.029705470741403,2,5,7,63.17200772563639,3.4033667533127434,696,7.100057889734865,0.7756520435317213,16.17302515558876,0.7285342914645344,21.51108423111038,6.5982343415943845
PID_402,373.6740843457483,4.882702252965879,2,5,3,96.38407803187144,2.2946329434057184,1083,8.490210700103216,0.7028892096133005,12.1754799593927,0.3450360889619098,41.45517091354898,8.31842979463747
PID_467,269.51178993354813,4.224031830813819,2,3,8,55.58086766396824,3.5953031382152614,1158,8.29200730274761,0.6386563503380093,16.669263956470864,0.232739024122235,35.02570278814654,7.497685833666148
PID_482,287.2457562116837,4.130141735677762,3,7,2,74.38982159097108,1.3946413870563577,337,7.246574022212739,0.5733408726554912,16.18958669193906,0.8523612943966876,29.929377809819105,6.919823889795696
PID_483,454.8084946661382,4.410275889823507,1,2,5,79.14059331217626,3.638969419284281,607,6.463726208648964,0.6245557208468205,9.618612335622778,0.7492726436015457,28.506815856424836,7.364217742014682
PID_263,475.97225017214816,6.584815347244312,2,5,6,120.003723294602,3.842755717499259,384,6.241349214897305,0.6972747222756905,13.046067900261368,1.239511068156636,41.09813209776701,7.642612349930858
PID_132,359.5683374895592,1.8036673470111264,2,4,12,13.243061339045964,3.130597267466767,688,5.414595696268128,0.5719651123884909,15.570960570178851,0.5226283975138941,9.766129454625798,5.548730053894196
PID_458,513.8592458777374,4.210448115217182,3,6,4,59.7153514993633,3.4308277406961336,217,6.176320179551988,0.5266347061232508,19.33883912173214,2.368014957961924,26.005075658972515,6.134718865105664
PID_290,283.847993773104,2.1104283050276926,2,4,4,86.17283495168385,3.5885593438929693,1295,7.590228751505773,0.6019848743398317,17.09399533288086,0.2191876399792308,16.018633598812787,5.670616338195537
PID_334,443.3920201352684,4.333268969513372,4,5,2,90.45052466663812,4.057262672843953,834,8.687766958429924,0.6450790307922262,13.307866157604016,0.5316451080758613,37.64643097532796,7.974642570041048
PID_117,328.8983800237543,2.1219702327708587,2,3,7,50.57297245727369,3.690183747301997,370,5.520222431643154,0.7863290165165777,12.875394286472702,0.8889145406047414,11.713747678220738,5.395796605519371
PID_316,384.81638921978407,2.8739497795923734,1,5,4,79.03696104795301,4.249000904846319,1300,4.105983818393961,0.533996263013748,17.393199731729187,0.2960126070921416,11.800391289883176,5.110488842129466
PID_456,454.7398671316414,3.0573651286431405,1,6,2,80.32132672889009,0.912472789398953,599,5.862951204665234,0.672674809693285,7.72102081150228,0.7591650536421393,17.92518256407978,5.854494531881684
PID_104,363.9586634716048,4.963725079017063,0,3,7,116.78951946795848,2.9589271652309246,1109,7.584744935445362,0.6222428526692769,12.577256029400772,0.3281863511917085,37.6485886540178,7.477450880136512
PID_387,411.5444455770175,4.87768166591362,2,7,5,85.21119667560801,2.744864352128146,1424,8.986732748790883,0.6272059214077272,19.227924007125388,0.289005930882737,43.834421565242806,7.887554954874075
PID_471,550.6292809214441,1.6314239353304232,4,4,6,76.45495071700118,2.9827001543150686,438,8.072049447988164,0.8039366302884257,15.89045243769914,1.2571444769895983,13.16893467661862,5.88116497183349
PID_276,392.31081304768514,3.582401166499773,1,2,8,62.40689815932826,3.88112015705704,519,8.042342254854054,0.6581212137325367,12.724016543316212,0.7558975203230928,28.810896275179577,6.587429077872964
PID_172,533.5692112065142,2.435630217876241,0,12,3,95.19061802100944,2.9547929934849675,721,5.480527575590312,0.5586445088284222,11.393749723499008,0.7400405148495343,13.34853857301178,5.576514800013109
PID_369,337.0293145342382,1.6122426339869982,2,4,6,73.6291516122272,2.9062743326184,727,5.51433275174119,0.7388746721545606,17.51920400396744,0.4635891534171089,8.890442360347988,5.403570911577758
PID_131,594.15686206579,3.0372758173162704,0,7,5,55.49715257722879,0.9920764978497054,958,5.701424316649483,0.5498828888078386,14.34386862082445,0.620205492761785,17.31679820121842,2.378494568989472
PID_236,202.8355499872711,7.140074729518283,3,1,10,72.5780764154545,4.667232924392988,241,7.596917340093398,0.5307063270312955,16.121941671966574,0.8416412862542367,54.242557522240126,3.537027208812085
PID_208,370.3104744529524,4.149439738041044,2,0,7,97.46255791114793,2.674296843172807,433,8.449384624321912,0.691051972470707,15.493794148940692,0.8552204952724073,35.06021232215434,7.138355976282014
PID_403,507.707212718054,1.433573748868644,3,3,7,67.17329238345694,4.572418397686951,755,6.914620725539435,0.6467031081258378,15.26371742213636,0.6724598843947736,9.912618755516393,2.103129554763228
PID_407,429.6954613957007,2.6528389937435866,1,10,5,80.86105970531902,1.7744629472560018,636,6.1938548479880975,0.6029417295291073,11.027438943231347,0.6756217946473282,16.43129966233058,6.212206552103832
PID_208,487.1145873371309,5.032074943144098,1,2,7,66.07676799008551,1.7051728936061257,875,5.219930218791894,0.755629850798837,11.920724540018243,0.5567023855281495,26.26708005894337,6.827938355735944
PID_236,389.601481328418,6.632664159304888,2,9,6,84.26025725846223,2.5269248346203947,1427,6.364981812784049,0.5907719303964243,17.244841308283245,0.2730213604263615,42.21678674428021,8.217865230919822
PID_131,434.432276460792,0.6801134222914325,3,6,7,60.32038672446817,2.1907152718105234,1107,4.744313512672165,0.7674644367950788,16.14635977733595,0.3924410808137236,3.226671299526953,5.166661333622278
PID_463,475.35926590272953,-3.9750067814917527,1,5,8,100.7961793655345,1.8345808773538093,1002,7.605767514208146,0.6160869139851815,13.240462011466242,0.565646912341298,47.96537552631469,8.261002151885997
PID_237,475.4420843301213,4.084421266056356,4,3,6,43.597535230947685,3.24460424321854,1050,5.991303204429609,0.4670901265270776,17.295569786293942,0.452801985076306,24.471006219563883,6.826449838485309
PID_192,483.7602662075202,2.19756090218545,1,8,4,108.38079493101348,4.539758973930405,1196,7.533699009321441,0.6096932216605151,13.887765565238468,0.4044818279327092,16.55576239171806,6.284274361179314
PID_313,408.8123033877533,4.301943629183653,3,4,9,88.22905414018263,4.791055902144271,1045,6.486896045538819,0.6689283741575438,18.90460038324682,0.3912079458256012,27.906261116282355,6.774074122613816
PID_168,640.8945598623965,8.552071184974423,1,5,4,94.69700758218374,2.447964074943028,709,6.856660031464768,0.7503005942762808,12.75953103178582,0.5659229585229205,-3.1103291525842947,3.869799301734622
PID_285,489.4452142378297,3.991731759264628,2,4,6,78.72444595707194,2.484562122939746,1207,6.086461657021461,0.8223093446463214,14.545653603563396,0.4055055627488232,24.29552229787898,6.783674788765755
PID_383,407.9015519179737,4.886405209306744,3,3,11,118.34305605949024,4.853790911985632,441,7.270450548034348,0.5201177621266259,17.541901441722697,0.9249468297459722,35.52636743192211,7.741838696292051
PID_443,478.9774856896413,1.9791560715611936,1,5,9,76.36691787978077,4.034504416390151,1042,6.342202118313951,0.6664143664547322,14.894765787839978,0.459671291448792,12.55220782952932,5.596601231358847
PID_261,657.5400798645439,3.6285307421050383,3,3,4,83.25787375911344,3.262827009593899,777,5.1740311811633966,0.6260836966290795,15.113047046048694,0.8462549290405971,18.774131201461422,5.653827334948213
PID_205,537.1124703431692,2.1118630609106197,2,7,8,51.39607852141687,2.239558406122861,652,6.633888866062736,0.784709089313998,13.825226348858727,0.8237921324281736,14.009864846424128,5.417759415695492
PID_395,417.3976467832159,3.883075633511476,2,2,11,44.02313111879448,3.894371354516596,706,6.962810020206081,0.5026352819218058,15.804275959923306,0.5912147971433652,27.03711793023178,6.903938113321434
PID_237,246.1875464822146,2.0062769078146565,5,3,6,66.15561029726439,0.4356954406971276,1192,6.422437344375358,0.8029140949685991,15.38187444764514,0.2065331765790391,12.885187735906769,6.197776978159068
PID_332,414.8486515958691,3.148069145063879,0,10,3,93.14289723659722,2.613180000368153,758,5.871519791146492,0.5661808459562152,13.166921762939063,0.547293735614603,18.483950289140186,5.469829521120976
PID_211,617.6437312275283,1.3271128780496837,1,8,1,102.17814695620072,2.0900947851507152,867,7.74999814713878,0.6130635127269228,15.837102781780898,0.7123918468598942,10.285122345929064,5.06399243274515
PID_470,482.6927373764163,3.0504850279898195,1,1,4,106.09787712608964,2.59067449965347,791,7.987801231152907,0.6114770244742576,12.021490748486606,0.610231020703434,24.366668062190588,6.740558775720663
PID_434,428.0899471191136,3.424693074437383,5,6,2,76.70981606696913,2.0230523421724267,1268,6.005352257002802,0.4512564695229352,11.78084955637853,0.3376103683904681,20.566488284114403,6.15488114161848
PID_161,532.9405581183489,7.431189636544962,0,2,6,121.70773289310276,3.7347827919796814,906,5.885568320703058,0.6914584064358097,10.689303930372557,0.5882346116096566,43.736774309985904,8.828481185887316
PID_465,228.8864690992115,1.8320494613387543,2,4,6,52.81883000517355,1.767417815334325,1460,5.995526690529643,0.541776086304815,12.676279304422694,0.1567715541775421,10.984101443826958,6.121733083792282
PID_336,473.5614558108566,5.6962658581286565,1,4,4,41.67467221698851,2.518204247891304,922,4.18155565989661,0.5383320384948109,12.750336762174364,0.5136241386234888,23.819252739333702,6.072681565168884
PID_294,527.0865193886967,4.995288160198712,3,8,4,114.58490556533704,0.9718483902478394,979,5.056625169743698,0.4944716594441225,11.150213478977989,0.5383927675063297,25.25929984098349,6.878217859183987
PID_400,302.1413754220158,3.920954606735205,2,7,6,62.49829574951558,2.165640805245391,1336,6.45853639287358,0.5443950641601013,14.2491487909631,0.2261537241182753,25.32362802240463,6.639111186427975
PID_288,564.375404320693,6.1379307262927,5,4,4,13.18792240869756,4.795320934237423,706,6.955126088532763,0.7000479766329186,7.9020565568039824,0.7993985896893668,42.690082124045205,8.435093745213413
PID_317,483.8496407494414,4.058158208910294,3,7,3,71.85259978069982,4.931010729225179,649,7.089407669459055,0.695117328848641,16.475297343935082,0.7455310335122364,28.76993793012686,6.651911395807626
PID_298,408.4712086099199,4.083738793501893,2,5,3,110.7166686855678,3.6087021675750792,949,5.563406693755359,0.716371096054123,13.329618064447857,0.4304227698734666,22.719499739316863,7.032352727196981
PID_485,513.2781866106285,3.420319020473682,2,7,6,72.31320425035675,3.329421614169502,737,5.910667822616775,0.5473019107155189,13.77064896752326,0.6964425869886411,20.21636957739792,6.702971117339136
PID_301,677.0692857804396,5.335353323627942,1,3,5,35.61945656975954,2.044899211669446,1432,6.176595432032647,0.6714781625572724,16.760625031080906,0.4728137470533796,32.954318967000546,7.01915271901729
PID_449,468.1866255058495,5.144703850716326,0,4,9,72.7598222497309,3.0388382839538,697,6.042648921397329,0.5884616466995879,16.115231728151993,0.6717168228204441,31.08763917443969,7.209925787091482
PID_146,474.8220586300336,2.561484068755681,1,8,11,75.3577762066242,2.998841979423594,1406,7.325621264797597,0.7454729688338316,13.110281871888636,0.3377112792532245,18.76446216351689,6.263584699897094
PID_354,404.0639100459756,1.5211292081018488,3,7,2,71.59802591633076,2.820869509290769,915,4.930191068045685,0.6926013954844302,16.355372266974474,0.4415999016895908,7.499457635127142,2.2500486882148247
PID_422,365.0155630535209,3.1955290439065145,1,2,8,62.02221409158562,3.7678930811470455,599,5.12084527394847,0.5843481673286388,19.64668382481625,0.6093748965835073,16.363809802253748,5.978003056276133
PID_329,533.0335816544246,2.2999421534035305,1,2,5,63.20761605547799,1.667871792827212,1431,6.141877645223064,0.7540575535318237,11.963449256620326,0.3724902736928194,14.12596329729534,6.15886636815002
PID_290,457.1566237219392,5.356157202026209,2,8,9,65.50302662945943,4.74974121345071,1120,4.219435665252007,0.5112997173086176,11.660682786916668,0.4081755568945886,22.599960726925787,6.733295940682238
PID_124,402.2342553234884,2.814047517369815,3,4,6,84.03534256886094,1.825626205460523,538,4.707827408456295,0.4828477818668424,18.526278187040425,0.7476473147276735,13.248050030972005,5.335030064599382
PID_168,553.7539944257899,4.772646323307927,3,6,9,61.19017152401248,3.56341517761267,844,7.281639841271391,0.5484537373963569,18.447630423581906,0.6561066284665756,34.75269161609642,7.842190301540028
PID_162,398.9983601145253,0.1296659990230919,3,4,3,81.74877610368753,2.6929442340164305,481,8.40549851904691,0.8376140207681821,17.164724837267293,0.8295184201965183,1.0899073627593374,4.724058521200348
PID_361,423.01250647066286,2.589949557852055,2,6,8,38.69258874728649,0.5419553364777459,613,6.621998141085032,0.5432681416945607,12.962722297760132,0.6900693417139687,17.150641157600308,5.989468416855222
PID_438,352.12362842176924,3.816925538419209,3,6,9,129.84666961916963,1.694867348800106,1320,6.783440614794594,0.5326134944722656,15.382106216319825,0.2667603245619463,25.891887720959584,7.118516775486167
PID_117,405.5706739923888,5.300118434640292,0,4,3,65.68230010535761,4.391786421265313,362,6.199511555565986,0.7379952481063263,12.870144298540309,1.1203609778795272,32.8581454814208,7.372518654387922
PID_457,525.6988616645352,0.6851709409371889,2,5,5,98.41440676156589,2.526397939029461,1419,8.996654397914256,0.705582517363362,15.56785535438246,0.3704713612857894,6.164246159105609,5.1963116731686085
PID_135,357.78346758223745,4.429567168949204,4,9,5,75.75492014018998,3.603003867330912,360,6.813621724706039,0.7176110293791644,13.930733496579563,0.9938429655062152,30.18139509339692,7.157045755794726
PID_431,536.960592010566,2.546956416761556,2,5,6,69.56084852464731,3.927945227933576,454,6.917929122912946,0.5698378224641667,12.162499331235493,1.1827325815210703,17.619663970304767,5.691518705017759
PID_187,585.5637858804951,1.715500011364458,2,6,4,46.566929485734434,2.6930959571300868,1293,5.125862836499641,0.733300319548065,18.91414523883709,0.4528722241921848,8.793417754267788,5.058598545058348
PID_284,491.3434903223701,2.563481915430164,2,9,8,82.54765377723663,0.2008041192860914,611,6.992506729886082,0.6739996671718602,12.263939463495928,0.8041628319515058,17.925164545586686,6.423295134417651
PID_257,637.6795812558066,3.223211963516225,2,3,6,66.32906776763532,1.8363182285084203,913,7.289998375188158,0.6134724610416108,15.431935874641612,0.6984442291958451,23.49720997692032,7.090071514810268
PID_347,372.6210800896427,2.592883003192681,1,10,5,132.0334018837295,0.2272368320280686,235,7.832372153525439,0.6594619897784768,18.239734711436967,1.5856216174027349,20.308424631555766,6.181029318810717
PID_497,325.5345296688583,0.1916509143513964,2,7,6,74.86719030409964,1.1205008010075788,929,7.256101429881801,0.7560645818149279,14.231833954389217,0.3504139178351542,1.3906384736633226,4.730898639307361
PID_394,272.12797510957216,4.8455992953306986,3,6,5,23.32660711364628,2.892501788914006,669,6.34791412629922,0.6891850602957816,12.797473647657798,0.4067682737063859,30.75944821721529,7.560975141120526
PID_485,599.6044311489184,5.412312561918084,1,5,6,103.75428846504484,2.8554686731834127,508,6.296692024564149,0.4342197907299653,15.893244913409385,1.1803236833640125,34.07966534307796,7.456463324199869
PID_477,515.4365656354057,4.477282987009259,3,5,6,54.99933198599474,4.330491922334248,1420,6.413503185477317,0.7391227871291878,16.367099170747125,0.3629834969263421,28.71506869946728,6.411170888791742
PID_389,444.4415329089545,1.793471494362775,3,9,10,82.6565390167541,2.76069894102797,680,6.628624452273084,0.7314638713462549,17.629682090073928,0.653590489571992,11.88824900198784,5.912202426869882
PID_157,477.996862631982,3.197762699078723,1,7,8,115.1220020169533,1.74624628371627,903,8.021180528967413,0.6120935320359446,20.61362835448053,0.529343147986691,25.64983189810853,6.280906677020146
PID_311,694.5751979616826,4.398191584342865,4,5,6,74.88201234454439,4.901371281606625,490,7.403493144470937,0.6612739751159332,15.58756201655348,1.417500404003434,32.56198124275217,7.138177950624384
PID_455,462.9221181975228,4.502510733077122,2,2,5,103.36640079494056,3.8998890980500023,629,8.935051976564358,0.4520540424023231,11.192279051060112,0.7359652117607675,40.230167425082975,7.764772079401735
PID_471,460.9394794604893,2.3987393018322565,1,5,7,115.63934770415582,2.719289992766914,797,3.3125139496678093,0.609832969090589,16.99913099864199,0.5783431360859339,7.945857398935772,5.388725457699121
PID_314,522.5766623898692,3.622993334620341,1,4,8,76.56692673065994,2.4303659676819707,631,5.947929710808763,0.6137022922053093,15.551149928087298,0.8281722066400462,21.54930969705044,11.26485451192924
PID_389,498.1009231736713,4.185920606922862,0,7,8,130.56520552765093,1.37011472110899,845,6.486472857062741,0.6341273131146705,14.463931803624003,0.5894685481345223,27.151860398624738,6.858769563564464
PID_480,472.3884024279132,5.68373348322015,2,3,8,36.53584555691634,1.8518609683892229,704,5.693324631246832,0.5974152236132355,13.14581846223917,0.6710062534487403,32.35933983745964,7.753477319390516
PID_235,497.1468357135996,4.683585031063279,2,6,7,68.06107995860108,1.210866751077619,1006,4.439408431564152,0.5690871101435343,15.708999029438123,0.4941817452421467,20.79234687684997,7.0155272247718905
PID_398,638.2024496475034,3.625739941894041,1,3,4,106.41253963270432,2.3980852486838606,240,6.1264056654988845,0.7410077166023553,12.101488836631017,2.659176873531264,22.21275372164525,2.51970937847748
PID_418,584.5420046154977,5.615688717805256,1,5,5,85.76163717898008,2.4620713426549563,583,7.572832464610197,0.71157420833971,14.078641265474108,1.0026449478825004,42.52666983334085,7.9521097549152415
PID_354,609.3186626639397,4.114644193939246,4,3,11,63.12417276623039,4.3292684826513455,1085,7.428723610765127,0.7860418387801592,15.050034130395805,0.5615840208884236,30.56655447341412,12.402951585998888
PID_470,398.8784323568815,2.2083681347396444,1,8,7,51.85122044275973,0.8571557766136717,382,5.597444136511158,0.8233799034137054,10.381139621362989,1.0441843778975954,12.361217267056508,10.402374113462232
PID_289,351.0395179741419,5.605054955187786,1,3,2,42.66126954841128,3.006898466351244,963,6.764294094238024,0.824045182141556,11.84610796448021,0.3645270176263156,37.91424013125632,8.151701145035643
PID_449,437.4213079900352,4.546854908808541,3,7,8,92.90488626353988,1.166817846274279,1263,8.12911977825931,0.5314382035631972,13.019986391941748,0.3463351607205346,36.96192816807095,6.949732985091466
PID_210,455.5724912288695,2.8354339683072767,1,5,5,70.26485858140322,0.452819467794372,1448,4.675919545585721,0.6844185835595128,19.70469519821194,0.3146218862077828,13.25826111262568,5.901790759802141
PID_375,559.4191518470949,2.780760548901135,1,6,4,105.3591755066122,2.2068897628622497,337,6.309396823552965,0.5782213743686592,12.50782457182469,1.6599974832258009,17.54492177429822,5.238000422462891
PID_279,280.75353702851805,3.9448633177111434,3,4,5,44.16137777788451,2.8226430098682087,534,6.843795548970728,0.978029958968912,14.832625139867744,0.5257556873193222,26.99783801504941,7.201984821376085
PID_183,434.199210142101,3.79593839844681,2,7,6,78.93879134742429,2.476903199748946,687,7.520760072820873,0.7916311989693794,12.670790423557332,0.6320221399448341,28.548341945926374,6.7900567116849055
PID_401,407.311893005258,3.966963010164328,2,10,5,64.66122836833729,2.1538084306606717,775,4.7026087644057615,0.6935369503498489,10.676974885356916,0.5255637329100104,18.65507501967223,6.610174540642633
PID_442,348.78956247398327,6.049936061864571,2,7,4,66.47542411806954,1.957656040818896,828,5.2930176070431045,0.3864556914296863,17.010907064021033,0.4212434329395933,32.0224180969342,7.0535384946879045
PID_161,532.3170583961914,3.785953386897536,3,4,7,79.2120943257632,-1.4261701080756666,1097,4.457331126685983,0.5814417059313692,17.721033039434,0.4852480021843131,16.875247875600607,5.843782600753708
PID_482,457.3317967188404,4.911965871151224,5,6,3,57.70901699618746,1.816857452742375,608,7.474121409239932,0.6109864722436373,16.403691588164932,0.7521904551296718,36.71262927902724,7.740419870703538
PID_237,321.0039100258946,1.9512141447086904,1,2,7,92.89016006288692,3.761871680217161,1308,7.039781787478296,0.685956830025343,14.77379445880022,0.2454158333531304,13.73612179939028,6.085778429370605
PID_232,320.4921227936384,4.096890574920213,3,2,4,110.12656784724268,-0.1442839502658985,1232,7.390303687646432,0.7001332724414365,17.82007768617952,0.2601397100597714,30.277265523716764,6.938343275960434
PID_451,416.4215300709872,6.213959524599665,1,3,4,73.9024089852972,2.301851834155572,1058,5.936852416688355,0.387266356028341,24.30960382834229,0.393593128611519,36.89136062082314,7.966117985862579
PID_245,616.9021525289393,3.172931156911439,0,9,7,94.54178857402349,2.453553502282867,1312,7.111806124056142,0.6263080435823938,16.432576923379177,0.4701998113787647,22.565271232931316,6.409300413562916
PID_416,424.0408648636395,2.2285491070713728,2,4,4,76.01494081053835,3.6596669655418834,1312,5.093254915819055,0.6014123878614341,11.639818134007626,0.3232018787070423,11.350568694735436,5.631674028001683
PID_418,555.4502086255236,2.9067211623038824,3,7,8,140.2563296308321,2.9400223501880074,418,6.002594069040416,0.7881038323702492,19.46705297913776,0.7169514466224627,15.13774189890766,5.724532665257044
PID_188,425.4256935914056,1.8655504439864172,1,8,4,80.34706669554484,3.30610785535331,1041,6.54360672833304,0.7092244604080432,15.558334369576905,0.4086702147852118,12.20742843731421,10.143518802535809
PID_354,422.72764302523296,2.3228571378084446,4,6,4,97.53570908740764,1.9048595876207863,549,5.421500690531708,0.6316922477596196,21.33337020342216,0.7699957067854881,12.59337157663499,5.934711301532373
PID_308,180.31133570584285,2.9442378521149566,1,3,4,109.18160491463227,0.690042294283808,604,6.761728241641114,0.6723680823862682,13.48184933416982,0.2985287014997398,19.90813623475448,6.244705578524652
PID_360,444.5705133482188,1.391649471232037,0,6,4,63.97881084031296,2.1639782836340213,1384,5.126951325448081,0.4812976962281273,18.845832068071665,0.321221469182239,7.134919101092214,5.262551852553176
PID_454,426.9065469791322,3.5234275009244045,2,3,2,97.64989395972324,2.628789126462238,242,6.822380971802013,0.7161352044831807,14.999529688058193,1.7640766404096373,24.038164737830577,6.724288644293851
PID_120,634.8956094945345,2.1383657297796197,4,6,6,90.7466199502519,1.0867684776350448,1382,4.99200123365917,0.5692621227238244,14.155197733514289,0.4594034800973476,10.674724361074352,5.433104157529518
PID_199,562.6565029547758,5.7789258854626535,1,2,5,99.08013212169422,5.306558863529373,1355,6.472927860468889,0.7814231839836258,24.005005913370944,0.4152446516271408,37.40657036759605,8.152104044093054
PID_374,423.11113094451696,4.266188132791392,2,1,3,63.79690447024619,3.007014373183474,1051,4.558446730345823,0.6773580822677593,16.319478158546307,0.4025795727350304,19.44719134496307,6.656588091549804
PID_250,339.347409125833,5.0458708784360855,1,2,5,133.6823200996992,1.886585097086226,1268,5.500455178291499,0.5834569069819304,17.54089427434549,0.2676241396891427,27.754586602284043,7.6153178996036655
PID_424,707.335980324986,2.5132481692217943,1,5,6,20.039242838961023,1.824307280197977,1213,7.342339006087335,0.589560685375052,20.100997331808195,0.5831294149422803,18.45312006485476,5.757772668393209
PID_260,455.9218434014488,4.781787840599924,1,4,6,58.9697865275365,2.608378619079643,1417,5.983245677851839,0.6865906339640494,12.636737129583704,0.3217514773475292,28.61061142967397,7.415553464546368
PID_487,451.3929291912946,1.8620991494070305,2,5,5,46.55722434837208,2.718793471762233,1486,7.390892166522156,0.6788171296473963,17.90729053808026,0.3037637477734149,13.762574016639991,6.221082586424617
PID_338,447.5874912889997,4.835371251254763,1,8,8,123.0724822154653,2.815874468227268,634,6.927060030412109,0.6529425051424445,14.121739977387596,0.7059739610236588,33.49490692677066,7.65667443176836
PID_134,469.8084760767855,3.7577590096902966,2,4,9,76.72595042608188,3.565089305598623,729,6.42257807439201,0.5296643611404046,15.453356637962791,0.6444560714359198,24.13450062448593,6.539736291118071
PID_414,435.5639588076057,4.329876829977176,3,6,5,56.38327483460599,2.006573803045553,268,5.26470488633184,0.5444535979890739,15.249183772231763,1.6252386522671856,22.79552370399585,5.997129231836053
PID_141,392.6337993119764,1.7366080915627229,4,3,2,64.86015282265028,2.927607048261198,1248,7.322585862197045,0.5751686021833742,16.717232209295428,0.3146104161153656,12.716461859454183,6.1364716305703375
PID_226,395.3141058759608,2.157395236585093,2,4,7,41.87766150196619,2.398016948366372,767,6.864960474141793,0.6303853569247264,16.590552981755994,0.5154030063571848,14.810433026258446,5.70208750395878
PID_317,446.7246729784002,4.395842327380077,2,8,10,95.68529066035498,4.776062466773922,712,4.666351510388774,0.645868893689216,13.274415239953596,0.627422293508989,20.512545483800924,6.354602436628689
PID_456,395.6575228866235,2.077477993663699,3,5,3,98.20049224530352,0.6305014896588208,382,5.342569288060017,0.634002897426512,15.374562512984708,1.035752677713674,11.09907012556822,6.083758506409121
PID_185,378.7154217322836,4.194809438148685,3,7,6,87.58863597078353,5.374191020706121,253,3.177165342138361,0.6385755038929517,7.996992541920569,1.496898900127603,13.327603163760893,5.344227201360257
PID_302,460.64302276918966,1.4492932903096314,2,2,6,62.10159418042996,1.7396780520614883,1304,4.8612478324594885,0.838124559792107,17.970520994353343,0.3532538518168632,7.045373866115776,5.579357054076152
PID_396,600.3992988582688,1.6512150278472364,1,10,5,99.54658256269104,2.4445958060012343,937,5.232973231582768,0.7688216756548237,15.57188414604615,0.6407676615349721,8.640764040311783,5.2093472746010985
PID_432,184.9030191606988,4.3284499065192845,4,4,6,36.38379833037637,3.059291471469647,463,5.502000084735576,0.696426399156398,10.181933359581734,0.3993585727012933,23.8151317524428,6.804017012531084
PID_305,559.1506851922462,4.438446400469001,0,5,9,75.15487865528678,2.3640815054251414,820,8.168684189090932,0.6572402672316248,17.228842908681408,0.6818910795027393,36.256266935638685,7.78573106121084
PID_204,574.6085192497629,2.454842272355638,5,3,4,51.07910422359822,3.5169835588983065,1205,7.734575988845679,0.6909958239614212,12.70869145019934,0.4768535429458613,18.987164096165284,6.523902738615233
PID_148,242.66097675918505,4.37303985062709,2,3,4,116.79767956887116,2.260635595949545,1267,5.666398174687277,0.672582017261544,15.546949034183838,0.1915240542692857,24.779385027428063,7.127222456665113
PID_183,412.8559134004208,2.6917372157108925,1,3,7,45.5187979071585,1.690515215335706,346,7.95784742348501,0.5524859533351566,16.639351138555966,1.1932251832382106,21.42043406674364,6.04888251749814
PID_273,309.24883052821787,1.987167973885688,1,7,7,76.3455442659087,4.312562896705879,910,7.242258189902906,0.7224747094616427,18.24256574958013,0.3398338797013383,14.391583533586388,5.777228882377029
PID_419,372.2183312409125,0.5560614624911313,2,8,9,119.7453534814721,3.2612585211303093,1407,6.858712979650274,0.6667058668777303,15.43914191918862,0.2645474991051261,3.813865970271237,4.992155686352878
PID_351,338.94241545341714,4.02447507094954,1,4,7,101.61193093738278,1.411677964617556,746,7.817987693262085,0.4692912962350861,15.5200848298711,0.4543464014120873,31.463296576523565,7.163632389063489
PID_254,625.2270443423622,1.1527958429569174,4,5,7,66.96677081357873,2.25720684042896,1432,7.423421575948895,0.6585721686631093,17.21037112333098,0.4366110644848898,8.557689533270574,4.307545845232509
PID_389,543.5678393147462,3.643016299161962,3,6,4,75.64955110862994,1.2113814103990013,1071,5.044286883731108,0.5193782199110817,14.785822291324086,0.5075329965590534,18.376419335081327,5.660496716330459
PID_313,577.1555094994159,3.1048276758766264,0,1,5,104.8738905243494,6.070908082442895,774,6.27328129527324,0.5965002326613951,12.936292743165591,0.7456789528416226,19.47745738412353,6.071616646142305
PID_290,522.1672064043235,4.518714163157293,2,2,6,114.86632967486972,3.019726228338655,281,5.837517102728544,0.6340809340245059,16.356055274468662,1.8582462861363824,26.3780712097724,6.8866549550116245
PID_200,397.5479733720226,3.0058283204793628,0,4,2,83.83995836552928,1.16807741543906,1122,5.80349353905749,0.6446258817093778,14.757329558435416,0.3543208318823731,17.444305237418007,6.379019999620129
PID_294,498.9374561227918,4.597806056432443,2,4,12,71.12831024428986,1.2994952579807335,1262,5.597378034428187,0.6568468077070508,10.866669622808017,0.3953545611115624,25.735658626835843,6.431758822271201
PID_254,327.7872191108055,4.002587043626177,3,4,8,67.81068254389906,3.1511788695732794,485,7.732018489365967,0.7255073731796886,13.33556210158691,0.6758499363109391,30.948077026614264,7.302378579040931
PID_106,521.2998430172388,3.974233935774168,2,3,7,113.55068151967023,0.7626027986140254,222,6.811605219118124,0.6046234649715796,13.45997736978559,2.3481974910686434,27.07091261891568,6.7554280690849
PID_222,425.9674601841865,4.20390138471279,2,5,3,46.12548743274079,1.161293747655459,502,9.034138820757969,0.6774475004319489,12.0473517714726,0.8485407573390169,37.978628698272,7.988157151378706
PID_378,412.5179192450403,1.1966418151893414,1,5,8,100.1255198689466,2.498432905505377,405,5.465310172632254,0.6404587250886189,18.30159566233557,1.0185627635680006,6.540018685551433,4.8291464482581645
PID_226,521.0959968203491,4.635183019980473,0,2,9,22.947706330504843,2.70050301462173,294,5.877396884640801,0.6081729263798357,18.053974799396908,1.772435363334521,27.24281024137317,6.4059383750511945
PID_315,494.426331148604,4.418703191020404,2,6,8,61.87169398697202,2.135002875101439,674,7.846361284913391,0.482942270485963,18.94203822833781,0.733570224256089,34.67074164754575,7.661830596633752
PID_485,413.903383418092,1.9749753071352545,3,3,5,80.843778836451,2.3016957305897874,336,4.965079554486774,0.6388399692670502,14.436467331473024,1.2318553077919403,9.805909518073488,4.894597243880896
PID_341,565.9329803364249,3.133879289488698,3,4,6,47.21995501720492,1.077880645960965,350,8.083630829511065,0.7244512497402503,13.699176034436263,1.6169513723897853,25.333123240477075,6.476329323143511
PID_263,341.89366724001025,3.441039068558553,3,3,4,135.0947709192741,3.3353695561257384,902,5.051053541378514,0.5566283209414884,17.41075441576441,0.3790395423946898,17.3808725732645,10.954673992375657
PID_413,511.5935606944264,3.298254823397401,3,6,4,62.068238144293446,0.3981112639513409,401,7.23226827585324,0.6282216138701727,15.385238685329696,1.275794415696824,23.853863724936957,6.635223597452609
PID_110,509.3101257968384,4.000789949852802,0,4,7,60.057823542982575,2.6025716385530653,1142,4.288338768241667,0.6429512673572365,15.37055238709749,0.4459808457065135,17.156742645545407,6.367071797852038
PID_362,419.045356068601,5.647050172746775,1,1,6,62.66071886024548,4.936591366498431,1473,6.554155807985975,0.7602440631781764,7.368596098155001,0.2844842878945017,37.01164668769648,8.053160905071643
PID_421,482.6133022242118,5.122650091509243,2,9,7,94.5912460295927,2.360734829694315,273,4.856563412738205,0.6530107823856041,17.269543809454436,1.7678142938615815,24.878475010683808,6.780419603823756
PID_465,324.8886423614697,1.5316712098528906,1,7,4,102.68477757843488,1.12115977181248,748,8.811530284413784,0.6788087375313091,16.871924947387697,0.4343431047613231,13.496367251383449,5.676428431163501
PID_386,542.4027019206901,4.433104985459073,4,5,7,69.04458919065344,2.6600040029427623,836,5.214043384645382,0.649134395293646,14.983750730671034,0.6488070597137442,23.114401722871342,6.352448878659921
PID_425,397.7276979480961,4.080212781033804,1,2,5,89.8621464639114,3.0213603024785147,1197,7.142511147563448,0.536552608244249,16.805105968411688,0.3322704243509574,29.1429652729648,6.965304465516109
PID_353,554.900922583689,5.136470637778951,4,4,4,43.967869406929374,3.0019564367539635,1389,5.778850845323914,0.6214927902595384,12.90994474546065,0.3994967045238941,29.682897687110355,7.357504792952112
PID_328,379.5656309457241,6.518405668551148,1,5,4,77.02259362940674,3.954667522335848,1224,7.339944028423042,0.6893359304459207,14.340641247186422,0.3101026396615393,47.844732761720906,8.821750184823935
PID_408,309.15387036364405,5.035564319160472,2,4,10,64.2361183451336,2.1975587877534712,490,5.646931785601055,0.6623076367999577,11.976644414984904,0.6309262660482532,28.43548821230581,6.918914428882175
PID_448,294.33708264760963,3.873962893462594,4,6,5,41.08467114063439,1.7970673426489585,270,5.554458852076934,0.7979516929714154,19.38671695972548,1.090137343139295,21.51776748621087,6.340423992898636
PID_167,510.600995134564,5.06763271112713,2,3,7,85.33098132300772,1.8274184871044663,307,6.466929552703343,0.744585203661718,17.931541435743284,1.6631954238910878,32.772023741834204,7.641800004516267
PID_145,321.9570647503717,3.7173317496453366,3,7,4,105.37077193519347,2.0119881597846963,797,5.039683391647829,0.7740557900521476,12.558247983453867,0.4039611853831514,18.73417507993277,6.032198529804727
PID_392,625.4794181984364,3.5358545649274333,1,5,3,81.09683022540737,3.1438627018029104,1404,6.975639637600981,0.4467723390348714,16.856626549484673,0.4454981611099974,24.66484725590017,6.769293826572142
PID_254,619.6456368290038,5.8451200382481625,1,7,6,68.57679767841081,1.665691386026849,1374,7.163595967990926,0.6766811595327146,12.942141223502198,0.4509793572263492,41.8720783384175,8.100663917381564
PID_380,471.1017467202618,2.272357001086998,3,2,3,57.66048465466945,2.8603688501773816,1488,7.271937045653905,0.6908925462421801,15.37298102588541,0.316600636236735,16.524437057155552,6.1111270346648
PID_111,440.3286888129608,5.798551587017174,3,6,6,124.49357552711892,4.245814249931602,402,4.1901737360416,0.7396027345661181,17.575154092303553,1.095344997047166,24.2969385670017,6.971965129181776
PID_287,395.508091319105,4.249796185610557,1,4,4,71.52133410172782,1.738644431006503,1443,5.946022704969131,0.6521317308413627,17.81975858239067,0.2740873813715211,25.26938461113158,6.7547679139136605
PID_116,489.9136114352071,1.4010407377970877,3,6,7,39.6538941972687,3.2190698735819248,768,6.227521801227545,0.5429619452496682,21.99595108820753,0.6379083482229259,8.725011739039287,4.714426283789049
PID_227,446.2365297575152,4.051473939487132,3,3,7,78.85464392723509,2.5498519409400155,1305,8.245343206154718,0.7947407633129673,15.282867459515296,0.3419437009636131,33.40579312186312,7.895089399638007
PID_450,560.3301882016522,0.3499602385225637,3,6,5,95.8873915418419,3.4043051091087126,363,5.802431133992048,0.5731777939876113,14.286633197666072,1.543609333888849,2.030620183662607,4.363604481274283
PID_218,461.422764866204,4.438262025246553,2,8,8,82.47315840093091,2.871344373919517,1129,3.737918608651805,0.5514282620517488,16.686420791633513,0.4087004117504021,16.589862214241737,10.444813603534165
PID_108,398.5122749464205,5.324049292078168,0,3,4,59.93366944840221,2.832459167641648,1492,5.295236591603809,0.6265699084994162,14.451112382796964,0.3116824236904744,25.564593281757844,6.416819160734363
PID_310,413.6387787786144,2.61146606652192,4,7,4,68.53354984933705,5.863063483743616,1406,5.706568139134652,0.6113996065453465,13.245286679151365,0.2941954329862122,14.90250905164528,5.838901994632164
PID_217,444.3054376278933,3.6853215439333735,1,15,3,99.13868308397068,6.31574021909851,379,3.912221439286816,0.6503806834228126,12.222650292400644,1.1723098618150218,14.417793954841732,5.685184544509757
PID_128,480.7801768892059,6.43123615062543,2,7,4,82.52878166684289,2.484380673243635,797,7.662443024847049,0.640179172036114,4.717033415085005,0.6032373612160676,49.27898058350401,8.788288301791377
PID_216,278.98316073433745,2.741379943607095,2,6,6,130.6276276961939,1.699028554494702,671,4.61650396137793,0.7847129767569242,17.204518290622516,0.4157722216607115,12.65559136930416,5.4337784985507165
PID_483,315.1814577894287,1.9116386194150992,1,3,6,82.45158541183588,3.0904526731829063,1334,7.035225857878506,0.6959322599052211,10.086078803784922,0.2362679593623903,13.448809446228273,6.3559622920916565
PID_492,467.08654381279416,6.443880785796193,6,5,7,75.00779046368574,4.384839340739955,731,8.308381240766092,0.5779495741542405,15.877330773585076,0.638969280181661,53.53821823844216,9.200635247680893
PID_240,431.60166636473207,3.505543507771771,0,6,4,65.91722187941032,0.1060167018822251,808,6.168615562666214,0.6111811352341919,14.035479616267944,0.5341604781741733,21.624350237644457,6.508133425473176
PID_402,451.8433933065393,5.017194553112534,4,6,5,41.19034728779239,2.3072289359475797,630,5.925066014497487,0.6115798995229508,21.44789174753478,0.7172117354072053,29.727208934768985,7.425547944976169
PID_333,484.7581705361671,5.5122138732963215,2,4,5,83.26306144009102,2.190389473216256,1282,7.13390533598799,0.5985255863186543,10.472280080758416,0.3781264980781335,39.32361196381565,7.283392417397717
PID_230,396.0240319690639,2.386273651192424,1,1,6,69.5473882606952,1.8315930468145931,1174,5.29123941857511,0.5398257981956407,21.716163287700063,0.3373288176908551,12.626345206696506,5.540570766876037
PID_477,372.1695274597688,2.7720412469481976,2,6,4,83.73589662707718,1.003763858488665,1174,7.190655768673041,0.6790402137436153,19.14175382715174,0.3170098189606207,19.932794383367668,6.169459235888816
PID_493,469.5845255097681,5.346311769732102,4,8,5,125.75260101299006,2.530544918584812,423,5.921997650196209,0.6044395497461187,17.727289155294912,1.1101289019143454,31.660845737569844,6.966085413114939
PID_263,352.1627222384968,6.027521418062764,1,2,7,76.76744037532379,3.6454556266853566,1009,5.786477784067927,0.5548198540954957,19.317936529432625,0.3490215284821574,34.87811877861379,7.834909889812669
PID_479,490.8252755714472,4.344321290261532,2,2,5,105.61340679019256,1.3065268254721814,388,6.394917547659263,0.6985475195092691,16.21383599614812,1.265013596833627,27.781576451763204,6.967057709661085
PID_284,279.741639576216,2.180278469746918,2,2,8,75.20986342318744,2.9053255845913344,258,5.192395476815994,0.7347821998773291,9.890241008355408,1.0842699208380464,11.320868064513196,5.43023992182736
PID_358,552.9155637325644,6.480591667549161,5,5,5,90.38622561859816,3.303790455363798,1231,6.270929978495998,0.6254362902199773,16.544555043347778,0.449159678093066,40.639336566425406,8.088719796807661
PID_264,497.2597482413043,2.703543653282053,1,7,9,82.99455891907314,4.77211964085198,1024,6.907382056547128,0.8281486364518515,10.557973824428975,0.4856052228918987,18.67440891977233,6.918774065629419
PID_429,548.2690983945514,4.0135067517344325,2,9,6,76.71074144783697,2.697574382837566,813,7.80956903544512,0.6996890153361276,14.765753706852784,0.6743777348026463,31.34375805189515,6.594560668952897
PID_377,616.5474444462577,5.831240631072161,1,4,3,116.25905071222648,3.1737326491575897,1244,7.479173756153479,0.6031189280805649,12.26681244628708,0.4956169167574419,43.61286189373076,8.471681444277646
PID_248,551.437006501813,4.780963964828335,0,7,6,95.79779384075631,3.7152893882098974,583,4.274507390520354,0.6768953554376758,17.838133411093416,0.945861074617175,20.43626580147021,6.498645889974239
PID_324,265.9125768668355,4.122298250542865,1,5,7,82.89162389706834,2.944993256131979,611,4.087481245173622,0.5275556934752728,14.358727269002484,0.435208800109387,16.849816786105997,6.402358268391648
PID_435,322.0423033264299,4.194932795177159,1,7,6,102.7141126715848,3.7440916897823735,927,7.510287950721434,0.5628136392434672,16.2279246930134,0.3474027004600106,31.505153225705204,7.401679983351072
PID_199,387.5181422304321,3.565272002965199,2,7,2,83.21403989044097,2.4010696416689576,430,7.417422690219266,0.48173108615991,14.971760512918909,0.9012049819312374,26.445129451597555,6.436332677776841
PID_484,452.6091050210834,4.337209271777759,2,3,4,107.91724103442812,4.240527850660871,435,7.247641704789673,0.5871535017498535,15.378537479020414,1.040480701197893,31.43453880053693,7.481880311659832
PID_479,501.7659020469123,-0.2943401165414547,2,5,9,50.50666912891317,2.1884408129344783,862,4.7876914357972185,0.5267479749808776,12.339398146719446,0.5820950139755363,-1.409209655177078,4.507267676269328
PID_495,377.42561868465344,3.0550888113953025,0,5,7,133.2901774812491,1.9770850029761875,245,8.69437066849218,0.7124056731915687,11.477875664394787,1.5405127293251162,26.562074551433955,7.004891266959019
PID_112,468.6766764477079,3.8619829023751713,3,5,1,84.3076895180932,2.2382316573897216,421,5.593998959821366,0.5750841474409691,14.53869398892334,1.1132462623460997,21.603928338734608,6.895907852311623
PID_350,374.4617067646677,1.7734788745707393,1,5,3,51.46940473856332,1.6354830837317071,951,6.787371849221899,0.677662129151658,12.10165716915536,0.3937557379228893,12.037260588451172,5.623975219696221
PID_107,388.8482197008052,4.07948497671734,1,8,5,98.7261788620906,3.7053670212845,355,6.802134826206604,0.7247906440723433,19.18066711487272,1.095347097748747,27.74920683311565,7.177007369163594
PID_470,309.33389031517777,3.193293168520817,3,2,5,112.34065741469638,0.9130111308973784,1318,8.411517383356827,0.7671342411508522,10.870694748624356,0.2346994615441409,26.86044099716746,7.165304840540883
PID_258,357.6766753889096,6.133213547473235,1,6,7,54.37782606251717,2.2798903306621767,1017,6.650200759932493,0.614657545868897,22.011006933132062,0.3516978125751323,40.78710139423477,3.256780571785185
PID_360,314.83153943836663,5.859529587822284,0,6,5,68.20493449709421,3.1892951929963664,1306,6.999009626809436,0.6810637498939794,15.906075382581852,0.2410654972728687,41.0109039937429,8.691605759684709
PID_227,352.4126747022667,2.801291646322756,1,6,8,105.37361285918298,2.8145245131654923,1468,6.407448947055101,0.6842501500563505,15.20798071470164,0.2400631299061762,17.94913320962499,6.4506516053182406
PID_271,555.364179660784,3.2737434326499573,2,1,7,94.11395247191685,2.7496729503497392,774,5.064080733545962,0.7772091381522181,13.379201252340222,0.7175247799234935,16.578501043855272,5.895182378651991
PID_406,355.06011111680573,3.389078651587411,2,10,12,68.99755707093573,2.6288784212872875,209,3.717607284275623,0.7283558079083946,16.97076309705794,1.6988522063005058,12.599263482124366,5.655060051809957
PID_455,713.2382064837391,2.822510785760566,1,5,5,73.77056925259282,2.9973493871164645,288,6.539095849752782,0.7803344988786711,14.387174967836929,2.4765215502907605,18.456668565049377,6.2913792358553815
PID_252,499.33179008808895,3.79253747604219,1,3,5,48.738662942311166,1.5968175826705435,1108,4.805164291382265,0.4835348541719385,15.90142258340385,0.4506604603683113,18.223765653606957,6.735777738046895
PID_112,468.4836123694874,2.3625768966686147,4,0,8,55.30453540131119,2.2247015035308837,525,6.920212658376646,0.583572898992815,17.525469501119364,0.8923497378466426,16.34953454671436,6.092464344558041
PID_131,364.16422198187865,1.8040769975937103,3,7,6,38.17763749947078,2.490996355320849,485,6.678500104620987,0.7531816834223927,17.00792840758094,0.7508540659420179,12.048528417173912,5.772013535167916
PID_233,520.0309879408992,4.434066835850403,0,4,4,71.29086673058764,3.346997722678941,414,6.649320435256833,0.7080701836897825,18.719583602843105,1.2561134974417856,29.483531222914685,7.406167738225012
PID_148,392.4362173762226,4.444294376332716,1,6,6,96.94021505426556,3.9315774885797072,1195,5.236490456645042,0.637495445427747,16.613523220982344,0.3283985082646214,23.272505088187497,6.589317973735492
PID_366,462.20098146453614,2.293526360510012,3,4,6,73.33841099359545,2.641512273348755,1295,7.74385289163364,0.6025950116639988,12.14619693536216,0.3569119547988696,17.76073073887343,5.842339064854383
PID_170,706.0084538268795,4.843033146143899,3,2,5,107.91405935776451,3.6811693487437056,1431,7.069725316675537,0.728868454462893,8.760631991518096,0.4933671934499508,34.2389140427923,7.626887728306508
PID_242,440.394010027535,2.552633406252003,1,4,3,63.85245410562344,2.9076279156543854,1362,5.081960260322501,0.4520422928560877,15.63310118787285,0.3233436196971622,12.97238152974434,5.690732682708791
PID_167,564.9273326285676,3.879747857056972,2,9,7,42.72494077648625,2.715242325385382,1181,8.982257100706716,0.7292191185312735,15.676389463367116,0.4783465983307092,34.84889273800165,8.380494967364926
PID_347,446.50115095030384,3.4495811529444307,1,5,4,89.18057812097354,1.0629256146142465,811,4.898856199209432,0.6011160482407736,14.652478149207155,0.5505562897044437,16.899002015777842,6.398227106298359
PID_462,627.080063563551,4.182111368211702,0,8,7,110.68574509901842,3.3306351520731443,722,5.589977618885806,0.7002440901903145,16.123476909342738,0.8685319439938379,23.37790894799131,6.4460149566645
PID_203,387.30329422122327,2.725355534168642,2,2,6,71.58423406377744,1.9772113096211508,539,4.689330966120072,0.6113950917714883,17.331529217297017,0.7185589874234198,12.780094100063724,6.110806891042066
PID_313,631.2448557996929,3.205300124857854,3,2,8,119.76187597422376,4.046327403420447,1399,8.131312301224284,0.652901873472587,16.540224362962526,0.451211476625942,26.063296334372403,6.690958188544135
PID_257,520.7751935455475,3.1912108536794896,2,5,5,53.082842558502335,2.010547099282078,1028,7.796537992195025,0.6453754199109643,17.531831375451883,0.506590655199949,24.880396661817255,11.270769601175806
PID_374,393.7533224105732,2.380132480189641,3,4,4,72.81858591868868,2.4274160171990324,1105,7.387375489683644,0.7244529923983464,12.545372075622424,0.3563378483353603,17.5829323463529,2.475567553572212
PID_200,513.2407739055521,3.2348387553263267,0,8,8,90.1916858811086,0.922252124550305,556,7.16137028222342,0.6659181821183263,12.070900998697654,0.9230949170963167,23.165878130178555,6.110344201885225
PID_213,547.255444962673,1.17707255170438,2,6,6,68.27045336984297,3.240766007128775,577,7.998010592979647,0.4590880348886725,14.15831750832999,0.9484496446493466,9.414238737237213,5.253462365589883
PID_417,512.1809962217196,2.763269379286843,4,9,9,85.68859552079236,2.29886566437277,274,6.209606945093674,0.5107906197496777,8.477800830920785,1.8692737088383928,17.158816728784267,5.980003726396486
PID_265,292.9775280109544,3.0726867599454937,4,7,5,111.19276908266455,2.155360448436189,1322,7.007194572174868,0.5415833796801073,14.881261229196102,0.221616889569557,21.530913986283643,5.982522092031255
PID_129,377.2862824175131,3.1157303712569298,2,2,6,89.41736071960625,2.8328763222507543,464,5.525730163539202,0.6956544666778581,13.021250722775363,0.8131169879687783,17.216685293909613,6.439510305957272
PID_131,425.2481364448496,3.137753831193832,2,8,6,75.54113317526571,0.7960255873128088,1110,6.315861737070632,0.7056852421522755,15.966640000883205,0.3831064292295942,19.817619362783905,6.349241666095882
PID_438,442.5566570899954,3.4073537002098067,1,3,5,110.65753364010855,1.9681480596513088,1213,7.040092607800868,0.8170357184754204,14.204793632990285,0.3648447296702353,23.988085597009995,6.737464871888856
PID_215,512.0672097550678,4.219162277129096,1,5,8,92.8113336672074,2.576459432733856,1306,2.802628611468096,0.5485569589032439,11.953701562096091,0.3920882157389493,11.824744914308884,5.0727490056316045
PID_200,558.101579374334,3.271858718520788,0,4,7,79.80030030964713,4.557643599825134,427,5.75634706923834,0.7809252969887817,18.932570589027197,1.095480328087413,27.698250437356645,7.0190524123309705
PID_464,316.46556412898985,2.5253521597275994,2,5,5,78.00335245369976,3.020072872194125,330,6.697984567729019,0.4562121335023219,15.247557312623949,0.958986557966636,16.91476979393661,5.695505119505219
PID_186,488.0197851005963,1.6951987169162832,0,4,9,70.80845423964554,3.275255978239296,1233,6.406980720870351,0.6517757957491122,17.588576524275833,0.3957986902681235,10.861105497326784,5.478415990368601
PID_111,511.0585745283824,1.9369333816353456,1,8,8,101.07723745532074,2.87434712617742,744,5.957124409105363,0.6745203400044695,15.550543382262276,0.6869066861940623,11.53855312655091,5.070203487098411
PID_364,505.979044793104,2.7691956182076094,3,0,7,102.01585873812076,6.891680845060069,443,7.206982326568974,0.674159025656943,16.391985393621155,1.142164886666149,19.957543879234485,6.015946309800753
PID_480,558.0780725554622,2.9721180232752364,0,7,4,111.63294269015812,3.878601383451687,1449,5.650745152150335,0.6190404482242954,10.917012826045667,0.3851470480023893,16.794681511641176,6.002811151604135
PID_372,533.3922154548904,2.345005900703814,2,4,5,90.75582407471192,0.3603094009419831,427,5.033711048016156,0.6617895591860449,18.83431051186888,1.249162097084053,11.804082110035866,5.454226663616317
PID_468,495.9180079228437,1.5558250036251584,1,5,7,66.39277559258089,3.066759894320421,444,7.920519327547467,0.5264780429364702,17.636044951128888,1.1169324502766749,12.322942011494677,5.847389257050189
PID_460,442.9834288541353,2.815818758788718,2,2,5,88.26885850016458,4.108351720397677,643,7.751178231124637,0.7365161486796422,14.943479097982582,0.6889322377202727,21.825913065915504,5.852145081642281
PID_476,283.90390664840083,3.772139930170957,0,3,3,65.94224231103344,1.0589813197422933,814,5.78102108287685,0.6749790433453441,15.864006281619789,0.3487762980938585,21.806820463879912,6.542173113686795
PID_159,492.9618219132586,4.392544198753347,2,3,6,84.05197123964086,2.925926031435978,1086,6.417566516375964,0.6862233413481869,18.007817580678765,0.4539243295702196,28.189444571620967,6.988583910180648
PID_359,470.7687687163111,2.663865420337518,1,1,3,115.24512430912412,2.154336303932256,1024,7.515187624828454,0.6220983538445919,13.883999387668617,0.4597351256995226,20.019448441128965,6.09485303177103
PID_486,477.1578837195373,2.880503266784849,3,3,8,109.53134361909508,1.7744344101830738,1135,6.552841192076898,0.6172020375251166,10.250758756006444,0.420403421779328,18.87548046049983,6.052134384456266
PID_236,322.32514241796906,2.109952536729034,3,4,4,102.63312021901922,4.403163988464205,581,7.136249128245617,0.7024730894165269,13.94020807685004,0.5547764929741292,15.057146950872196,6.166209550916659
PID_334,555.3152853332904,2.2273570487137784,2,7,3,102.39843486352878,2.015301500908606,838,6.116995739414231,0.5106368909400771,14.9026806237799,0.6626674049323275,13.62473357713644,5.207382327188722
PID_354,446.0444846143345,4.3596917198618,2,9,5,63.981375535214255,1.71847369880408,721,7.119108803217687,0.5055929825206109,18.952698471986302,0.6186469966911713,31.0371197021834,6.873392680168204
PID_416,518.1500697372625,0.8212002620988335,0,1,6,43.45563202963423,1.4940860336188038,1041,5.342067648770459,0.6766205312388924,12.120292833242091,0.4977426222259966,4.38690735332,4.748422314264422
PID_448,452.8318376130461,2.9605554913213066,2,3,5,86.79721067612124,2.1442287828034954,357,6.973129181694266,0.6167799913645683,12.500128108599656,1.268436519924499,20.64433589055781,6.102670699671867
PID_325,452.9756139495745,3.951661008787613,2,5,7,70.61546359748795,2.084852416662039,1479,6.411082812305992,0.6624105771672494,11.825860494967236,0.3062715442525858,25.33442597349802,7.299371043145904
PID_467,543.8283805975998,3.7757517744837568,1,1,6,124.60454913284372,1.3745639664791007,746,6.067135481701689,0.6476210685400661,16.28622328517245,0.7289924672890078,22.907997561068512,6.64845627701054
PID_197,398.3955271782626,7.539550495970745,3,3,4,120.8090386008598,2.767151376907802,705,5.003916956643986,0.7122009367853694,10.4218987407785,0.5651000385507271,37.72728457226158,7.79406674212447
PID_376,459.61207769409833,4.024700036851861,1,5,5,62.775817179839095,-0.2357572573739936,1020,6.657991113151029,0.6213836569780056,17.231269194099934,0.4506000761706846,26.796417078458312,7.016500496712116
PID_124,403.7724711294958,1.9939181047369847,1,7,12,97.3669210277717,2.921882781557972,366,6.546236333187734,0.5291788210100732,12.201346436071608,1.1032034730314093,13.052659142630077,5.478406598323669
PID_161,751.7658370779836,-0.929667557534466,2,4,7,30.63602292689988,3.971571192228412,221,5.4924362454130815,0.5710146038908028,12.68069292073645,1.8395944672251967,18.43702992266614,6.361997063552164
PID_183,419.08278765313605,0.8356304998003221,1,6,12,88.48339482564533,2.1631014403565554,266,4.583753815737442,0.6339548345105505,20.3106757799737,1.575499201703519,3.830324492006312,5.1148467794384045
PID_123,472.21337716337126,3.3791003760548586,1,4,5,87.84643114435299,3.2249093562247944,909,4.526629879242249,0.5245029531128602,18.69773918608704,0.519486663546063,15.29593672720864,6.005089362074426
PID_296,402.1251378336523,2.250415914498862,0,3,6,55.17488837509206,2.49696299156624,811,6.195112412528529,0.6463146093249016,15.357639953270706,0.4958386409786094,13.94157956526364,5.169406725249305
PID_165,653.7956236628874,9.0986875157965,3,5,6,84.12755272038254,5.622314011595388,1047,6.867797167306147,0.6560754655714502,11.06688554837192,0.5497379298542044,33.467362197779025,7.464441761140236
PID_349,360.5392697780496,2.6756895881066978,2,4,3,56.79219031556435,3.9678740622434416,786,8.719965913161149,0.6142196400128852,21.043267369952574,0.4587013610407756,23.3319220024906,6.53699414783406
PID_364,431.3128355838641,3.32485112630713,2,4,4,101.29764649591142,1.7602804210193033,1087,6.445814185939383,0.6709222133791795,14.411035342692395,0.3967919370596726,21.43137255608703,6.744541632483121
PID_334,406.0268941725825,2.546663237893395,4,4,8,84.6559439863968,4.349841446361978,216,4.54953673810584,0.4885721419137689,15.74274292940467,1.8797541396878816,11.586137960379574,5.468032039991053
PID_235,594.6977884353732,6.108277027779997,1,5,7,117.3188838408006,5.693439119504239,858,6.251698198104474,0.5546815661436761,17.735801307334373,0.6931209655423931,38.187104488095166,7.905249362859406
PID_225,787.0191360112723,9.978488789128653,3,4,4,41.728251680004526,2.540164807831148,961,8.00163787822274,0.5357301113696396,9.111314380380204,0.4887153773685301,24.15003014556839,6.496615361747256
PID_195,553.1844539468635,6.248835565218803,2,8,10,58.29806763409184,3.3841716541404674,454,5.680645269798504,0.7379856737947423,13.079888004505175,1.2184679602353825,35.49741819530885,7.997173106773692
PID_413,301.44396269630283,4.7212276431774,2,3,11,67.87488126094578,4.015479482480515,1411,7.842324292881069,0.8806164002580634,14.79577577989885,0.2136385277790948,37.02539823831176,8.16457034572682
PID_426,476.7050265869259,4.223100091003079,1,5,9,92.2624872751004,1.4566791937164734,527,6.710869655641996,0.5619180420027725,15.392159135134344,0.9045636178120036,28.340674253451517,6.421184594209625
PID_137,538.9630795623438,4.053099720976279,3,4,4,86.77380463897039,0.5989769910747005,545,7.276257865425028,0.6264757763032563,11.089179473791004,0.9889230817657684,29.49139872410564,6.640774782122229
PID_247,458.2283989275424,4.090695947324377,1,3,9,90.6289400226351,2.99148186137878,439,8.730627197844852,0.5806570757384519,15.97901298394282,1.0438004531379097,35.71434129582392,7.644827910376462
PID_146,556.5480375065351,0.608491130981585,2,5,4,63.77131363392148,1.81329966440004,506,4.295283311158071,0.6721225240807944,15.101221211815648,1.0998973073251683,2.613641799892902,4.7908224177694665
PID_178,398.2711549899628,3.081674908773865,1,5,4,32.426054173157866,2.5381398363234258,375,7.575805019609887,0.5891591350579845,20.001952947077783,1.0620564133065675,23.346168242694887,6.790366645458681
PID_127,590.9347440185579,4.767736956776482,3,5,8,61.00175483873926,4.029811452686142,512,6.38635865854242,0.6782779876747187,18.00087236701712,1.154169421911246,30.44847819556217,7.166016566514243
PID_377,679.889812361925,3.426654224788842,3,2,3,115.20489014032732,3.4780003807590267,1105,5.360983359975642,0.7165026616721587,14.192232638173984,0.6152848980650905,18.370236279483212,6.3296138585072805
PID_331,413.7161439560341,1.3922152297946373,1,4,6,64.49027179044715,3.4697644017123617,743,6.379238435692272,0.5276175062109243,14.411791539145993,0.556818497921984,8.881272904662099,5.063641081739059
PID_212,405.4497478599228,3.421393324133796,2,4,7,84.42986842031546,2.6456502876003025,534,8.529165131781852,0.6771514315524969,18.043490310968664,0.7592691907489191,29.18162864231317,7.193231567581811
PID_278,595.3384477117701,6.056158274383237,0,7,8,81.5235024999055,2.026718433932535,1035,8.101935175706783,0.4705943976780953,15.850872865951338,0.5752062296732078,49.06660175287324,8.786001056774898
PID_379,607.9572145730713,5.370337573302079,2,2,6,84.5916023282035,1.9494641173221263,1099,4.099142646570437,0.6243466035559547,10.886599767941313,0.5531912780464707,22.013779773202145,6.396086933223893
PID_172,407.9813182904143,4.9271739155871295,0,4,3,100.45057857476432,5.5073573248147,1363,7.631473082683241,0.6270862949484908,12.030393921254095,0.2993259855395556,37.60159511050217,7.192750425884912
PID_160,421.82153911394926,2.950239469447922,3,5,4,77.51609266681662,4.094585992663521,468,6.473907106660361,0.6187939543608785,22.43690863019824,0.901328075029806,19.0995762676088,6.254715154540524
PID_101,315.5549488965723,0.9441926197599216,4,7,5,137.75706986365842,2.4629848947084256,1005,6.4783839921473225,0.6005072879433612,16.28386476623893,0.3139850237776839,6.116842353356321,4.777040282042864
PID_464,358.1348053515802,2.1133010178056684,0,5,6,70.67635885225314,1.4645923764659152,385,4.618008253048819,0.6234217821605115,13.093676130982187,0.930220273640468,9.759241541403046,5.21609601213895
PID_188,349.5859233247932,5.844333152762297,3,3,4,104.4280577124126,6.065360252359351,309,5.605427789241167,0.673813769177685,7.898901947643672,1.1313460301773244,32.75998746407722,7.559143471546024
PID_103,373.2202434895872,3.089010377256044,1,2,7,70.30245216217105,3.3437709972049863,966,4.870153103559304,0.6766257207387749,17.330293407745096,0.3863563597200695,15.043953475720416,5.774140794588924
PID_331,446.5315112613219,3.134924030937473,2,5,6,127.98040990292564,3.318227440910035,234,4.516019026302206,0.6615199344699633,10.349068243142396,1.9082543216295809,14.157376569725631,5.232849900772117
PID_226,605.0500492814077,6.35620488435951,2,5,8,47.86787221892814,3.62578407229674,997,5.386282691064393,0.7580336648254783,20.80089810756716,0.6068706612652033,34.23631634948458,7.286437252885862
PID_368,350.1645959261209,5.938938373043095,0,5,7,115.17644743867793,2.5506606515369934,1322,5.586663837310294,0.8025355083658201,11.586963404309657,0.2648748834539493,33.17885224069429,7.820103493319004
PID_320,548.4322398476584,6.828170350172201,0,7,6,99.38115636974612,1.5334433662903637,830,5.489444333527491,0.5211585684954748,17.214166236219018,0.6607617347562149,37.48286103711321,8.059249103197693
PID_323,428.6011155774491,3.261432184399923,1,7,3,68.31987509325955,2.39370079175817,209,7.724547288101121,0.666426915594992,12.565201155426337,2.0507230410404262,25.193087135332146,6.373395230362131
PID_254,445.0536290347567,3.9434367331206426,4,10,6,39.67075731301795,3.28359062455456,408,5.411426953975569,0.6031858067475507,18.399448610306703,1.0908177182224428,21.339619828906407,6.7336299896685
PID_129,517.4819492166604,1.225036175868813,1,4,5,109.94947922575084,4.639979681975694,237,8.211421630622759,0.7425598052894999,15.197468039864416,2.183468140154685,10.059288552824558,4.728798153262646
PID_209,337.72779784377013,5.715401639177411,0,4,9,123.19081060295068,0.9102602789190266,293,5.9192289468932495,0.6487405798791492,14.942809806439335,1.152654600149386,33.83077082574006,7.537750429379039
PID_458,488.24097461840506,1.7483306730980974,2,0,7,107.97811144408186,1.3134292378589385,1456,7.027038391701103,0.6553177947903136,18.621864934425663,0.335330339710443,12.28558676124896,5.258397350282072
PID_477,466.6452208213056,3.825163345643944,0,3,5,101.74128489318907,2.2881008766241857,1086,7.065371697678641,0.6994967823391445,16.87587732345068,0.4296917318796552,27.02620084131046,6.7725355627589545
PID_351,591.7601967930492,-0.8955481141015307,3,3,7,93.9405250875704,1.6768219277500602,1386,5.422587895048643,0.6202461041469745,12.585932884426512,0.3602057189039068,10.053728527348042,5.365441053271406
PID_417,478.9168643907818,2.616699759891956,3,2,12,106.47661867589592,2.8030117718014003,1038,6.10629132199076,0.8177481077398,20.3613402652629,0.4613842624188649,15.978331036083556,6.364674922974005
PID_292,695.5300139910894,2.2441063534254493,2,9,4,73.45086114836552,2.2098423175648483,851,5.896467395671576,0.7009739728316551,10.39252054794143,0.8173090646193765,13.232299945392596,5.661903430459976
PID_110,386.2260015748684,2.588187108986273,4,8,3,34.633815237115655,2.9496077652052386,441,6.9469288553729935,0.743160749497483,15.827091286942872,0.8757959219384771,17.979951710521146,6.14922635544683
PID_442,406.7498192622773,-0.457564936331666,0,8,3,98.97717915668932,3.000971091322757,881,6.345386612698588,0.6279444404035869,12.531405927332107,0.4505111288306677,17.077440169699955,5.875133733738821
PID_116,387.6859473575236,2.6775968076123844,4,4,6,89.8147395001872,1.1753230459928363,297,5.601922071263623,0.6377144338414064,10.538325877326404,1.3053398900926718,14.999688654508832,5.458482571625717
PID_498,394.4522880839745,4.750000867670461,1,10,9,44.91006751048481,2.5494189156019957,778,6.642869946391172,0.7311624859564005,11.597456970600836,0.5070080823701472,31.55363800918009,7.070496024695398
PID_254,386.26128726934826,1.84270581040622,2,3,12,25.179042865511413,1.841560881081258,815,6.907539299755952,0.7211182268259586,14.852281440478109,0.4739402297783414,12.728562803269606,5.939649467722315
PID_216,568.9016531107552,3.8308121405208,1,2,3,82.03429118135472,4.165812345942714,340,8.720053614251105,0.5251331467667373,16.049180292445705,1.6732401562081036,33.40488725146542,7.233446693462348
PID_493,592.0504247989854,5.326938728458337,1,2,8,76.11486710893105,1.984410526835175,402,6.5817517473150815,0.662763259648282,18.176795493598256,1.4727622507437448,35.06058828387104,7.723966854678638
PID_328,392.9253706250524,2.730205453229906,4,2,5,73.99993993840515,2.205958571880484,616,6.512010016170247,0.6973837945566427,19.428109528181025,0.6378658614043058,17.779125257635773,6.027067084156841
PID_485,366.7644426895771,2.423121663878597,0,6,5,94.48910736160536,1.710708064919856,1001,7.014078332552004,0.6369699375003303,15.83306144131211,0.3663980446449321,16.99596515974823,6.007919227871613
PID_390,497.1415556386404,3.154213062229624,0,2,3,61.37140876729137,2.764160270866168,1145,5.360717164804569,0.6878927565683326,13.670420163387575,0.4341847647499042,16.908844104145125,6.339910491270897
PID_498,394.7776955719029,5.269587812541065,3,9,4,97.18140536570202,2.617425743412027,336,4.42938847875741,0.6412005752154305,18.11705192101377,1.1749336177735206,23.341051544669856,6.4431553938422725
PID_286,513.293181775551,3.7911614464300367,1,8,8,97.36328149556196,4.578170569834105,974,6.1254774899350135,0.4253249056044356,13.156075547273236,0.5269950531576499,23.222674100816658,6.096508298891941
PID_260,631.2528078778518,3.406702230897972,2,4,7,13.485097287149856,2.7636192730073166,1104,7.786518917573288,0.5189108560027834,10.213156412905953,0.4259894040626177,21.048350980135385,6.660913516498316
PID_154,298.42558850027683,4.225814976782059,1,4,5,78.28344465645164,4.414437196185817,817,7.980262055802429,0.747498443419282,17.817034537328013,0.3652699981643535,33.72311091405549,7.325165538358608
PID_307,604.7505201330061,1.8465617752453647,2,3,6,85.00312039171828,4.645926723177743,1121,4.2447383531222265,0.6255619749577669,18.97173555544048,0.5394741482007192,7.838171588793466,5.281497731739729
PID_430,629.5877673095522,4.5220392656644215,3,9,4,98.70204751962488,2.3755289676087923,1353,7.29929537659216,0.6689690995242432,12.5345650557788,0.4653272485658183,33.007700304632515,7.132197793722653
PID_151,388.72113095156135,4.112910961552651,3,10,4,93.72461301081056,2.5899871730718966,824,3.878242397806809,0.6496343197008804,20.882469490497,0.4717489453295647,15.95086566949786,5.708308456670128
PID_118,411.2298440064016,3.038287293291674,1,5,4,36.22676972576772,2.111451954686576,1033,7.051016665799104,0.5674701701171361,16.749156956507615,0.3980927821939996,21.42301434048524,5.950479062337596
PID_341,478.5865390724905,2.2421213023291537,1,5,7,82.39157656733201,1.3267475282983912,1339,6.979231175475987,0.6032921528176942,16.301885933894678,0.3574208656254596,15.64828289241445,6.078294999564298
PID_287,483.4456789987025,2.169978616574814,1,9,5,73.51334902599477,5.630247136158863,337,4.431223964581347,0.6828949476838168,13.44994170359719,1.4345569109753782,9.615661248395394,4.265443200331433
PID_109,515.8544272672831,4.302226004518865,2,2,5,106.871430393257,2.117777895242808,614,7.700055371758024,0.6930996135697179,18.051866304730687,0.8401537903375946,33.127378456612554,7.758596497120582
PID_421,651.020453876635,5.343470753733593,2,5,2,50.034321852142696,1.717949343595688,1384,8.592603081549102,0.8688409470480316,10.426865618571645,0.4703905013559501,45.91432326469877,15.039709372980742
PID_189,370.1702755461546,4.187580055327226,4,8,2,101.78317233466964,2.0495434584872463,447,6.669199849972356,0.8170639158325892,12.80051029211333,0.8281214218034779,27.92780827673557,7.43785773111726
PID_267,312.06807719854726,0.3694594720968966,4,6,1,99.01026254731516,2.4356658441893835,1357,8.274939443584287,0.5639585117099464,11.073201749557835,0.2299691062627467,3.057254758460439,5.442889673512082
PID_297,376.9069960058081,2.6230734040142005,2,6,6,76.14018064945458,4.291178564554349,725,5.148401559094424,0.6988600193745358,17.58896236594697,0.5198717186287009,13.504635202845828,5.744905822062564
PID_474,446.6873027126203,3.4534116006936477,2,7,7,109.49408454496418,4.975277311072465,1494,5.178707050852529,0.6677872619531835,16.023415429772697,0.2989874850820752,17.884207006008108,6.234334172003373
PID_483,629.4557863517788,2.1354748745272496,0,5,3,61.72289738731168,0.3022628175236423,424,5.492739795296959,0.6374134448824814,17.414074515582474,1.4845655338485348,11.729607825172604,5.555741557963095
PID_110,398.23887009638287,2.095240437815606,2,5,7,98.30407229763506,4.705145194237488,1344,6.544498525173191,0.6494341548137295,14.165099973229442,0.2963086831074277,13.712297955167465,6.241624482735997
PID_151,472.3787951638898,2.498330665296671,1,7,4,102.45532942484849,4.813147872456732,934,6.541299013114976,0.5877385008094109,17.955238655919246,0.5057588813317878,16.342327915339993,5.601260894257165
PID_455,448.3577103927248,3.93828909248956,2,4,5,45.795801732725806,2.0560968747110087,920,5.836051669663696,0.7403904555463846,15.23142526894559,0.4873453373833965,22.98405863384201,6.590303492222194
PID_239,568.8393273448085,3.219006472390438,2,4,7,112.57215425368892,1.706856074653977,662,6.139423506250954,0.5657384959411091,13.583560998082657,0.8592739083758436,19.762844003367817,6.524598719716654
PID_319,702.6932425873622,0.142653150012542,1,6,4,38.78600291097626,3.4262680662763603,1115,5.852518118059097,0.6817525920314894,13.083333703306884,0.6302181547868719,0.8348801450466048,4.9348684369683165
PID_289,396.913122707968,0.3189497710474009,5,6,5,89.34336936339325,2.0342248667983265,439,5.9098399863432665,0.7255858333577381,9.05128870012539,0.9041301200637084,1.88494211057096,4.747932517541715
PID_428,401.05605574817776,2.5897022332142368,1,4,9,68.27962944036888,4.59751809330565,220,5.577774247665697,0.7884203093387719,18.493113910250813,1.8229820715826264,14.444774425544711,6.201686070011596
PID_250,554.4160877069072,4.186529879080328,3,3,7,105.3087449313643,3.389028678155879,647,5.587472313830978,0.7471769468897977,18.152715506804277,0.8569027630709539,23.392119790387483,6.724766393328434
PID_395,518.1891489626312,-0.621257264087852,2,3,3,88.2447426798646,1.894746405826389,647,4.098867398086879,0.7072429446397724,23.782106694654544,0.8009105857227684,-2.546451145594347,4.368211415284689
PID_297,634.6707325736033,2.750404735772554,3,10,5,124.7725220279101,3.150808353876044,454,6.231589886746419,0.5862268036850007,13.996140886028655,1.3979531554484654,17.139394335899706,6.076900629802415
PID_405,508.3928185325964,2.7106282152238683,4,6,6,108.41870095612954,2.8843413403205336,1385,4.153304813339277,0.5714224847693585,12.999619193174617,0.3670706270993475,11.258065213462546,5.606789353179382
PID_163,414.070790921294,5.582506667312671,1,6,6,83.29620793067687,0.4956080935349347,502,7.400670942448905,0.5361421114870321,9.895694332227292,0.8248422129906255,41.31429487880816,8.111495925270575
PID_246,509.0654830692309,2.9224672824307047,0,4,2,110.12523650780908,1.61554764143934,976,5.828098587025808,0.5265734430573255,17.879899031397215,0.5215834867512612,17.032427439363545,5.803843113098862
PID_311,560.8703580582908,4.074483477111393,4,1,5,77.42021160180686,2.010671679438266,1411,6.356708505540407,0.6498595961855657,17.189479303636986,0.3974984819690225,25.900303774637845,7.664087828089684
PID_373,532.0482181197364,3.711885710131195,3,5,4,52.7695375390076,3.255386071990463,823,6.0521484406976525,0.5772583297633478,19.65533975789531,0.6464741410932399,22.464883312618408,6.335822632608238
PID_196,500.72740311072977,0.3041502802891989,1,7,12,68.56471225561937,3.4796542178249488,1253,6.207063469582128,0.7699225634489599,12.250073941734282,0.3996228277020988,1.8878800940462517,5.092757274961935
PID_192,556.6674689589154,4.652310824947606,2,4,5,77.130708478279,4.247855167016143,1086,8.016049778716061,0.5921038408439572,17.149096693395528,0.5125851463710086,37.2931551588396,8.314187908383726
PID_428,595.3684336058335,4.471888555036699,4,3,7,2.3045031668006857,1.95438309045646,587,4.878204305687262,0.6594255837371683,13.43387827096404,0.9658084481168095,18.6498373104257,5.859158494424909
PID_399,588.2158991037527,4.262402959511885,3,5,4,114.59161293025764,1.02149639612734,879,4.552019693189019,0.6235356231559829,19.031148581842547,0.669187598525316,19.40254221200525,6.388823993741073
PID_413,514.8709887589642,9.389356559654493,1,7,5,77.5748092588539,1.783571780014019,679,6.643246791996757,0.509614256261585,16.60864536447685,0.758278333960183,62.3758128438384,9.8761847677534
PID_161,433.28819196831455,0.3738305907521173,0,9,2,104.10101088547464,1.95272921348646,807,5.904944331512818,0.7589440831580319,10.33291790697758,0.5369122577054704,2.207448827807803,5.356628983595071
PID_190,464.6713686433323,6.087044974641662,4,2,6,84.01300466533752,1.8378519344536492,334,6.931548705612736,0.7195482084644993,14.606408880966168,1.3912316426447076,42.19264871498392,7.828966368786321
PID_408,570.6508966508356,3.0688287208994667,1,6,2,41.46759366782215,2.774083693658945,1261,7.359892687689578,0.7310522088923048,9.15565739287076,0.4525383795803613,22.586250062719746,6.279861471774265
PID_458,368.3064329012764,3.930993356604514,1,2,7,81.98558373574036,3.6378659538229297,487,5.1723880921217775,0.7094946660248954,11.510154863195195,0.756276042918432,20.332623227911004,6.415019765934773
PID_160,486.8673308872901,3.4317316320481366,3,3,7,77.00375791789514,2.3057773308891525,1292,7.224066611917776,0.574051496500488,11.691607543518996,0.3768322994483669,24.791057904141045,6.530397669396126
PID_405,410.6661187672639,2.8636454999029346,3,5,3,62.8575238248816,3.40131506172766,945,5.273667815696593,0.5759951034763223,13.077175652207172,0.4345673214468401,15.101915108402489,5.876246869556714
PID_153,452.8744822934818,2.645250607641862,2,3,6,70.24253180045355,3.9640628645507143,1290,6.589490229125749,0.6951987641193116,14.211942647986069,0.3510654901499859,17.430853032645,6.792258847868988
PID_397,577.8451862607299,3.994263103359514,0,4,6,80.66283918038081,2.787346605390891,391,5.015703531687434,0.8042919565984201,15.493749285228231,1.4778649264980304,20.034039554009123,6.248039443167918
PID_286,469.1099068019904,1.224239454992481,3,5,2,18.643556597014296,1.4350748825220554,1343,6.658572508629594,0.6885978897843199,15.343637102382976,0.3493000050647731,8.151687178992614,5.202343652569935
PID_363,454.64365481561487,4.625868751282648,1,4,3,89.00138373153474,2.465116284843046,600,6.47494726289372,0.7478466676850973,14.92842051179947,0.7577394246926914,29.95225620962317,7.117896223365595
PID_497,314.0143859020081,2.875708392672119,1,5,1,95.0999997136552,4.024500525131019,1108,5.176484613672626,0.5974127667702087,15.99715628414428,0.2834064854711264,14.886060248076465,6.009515599115436
PID_337,524.625356602722,1.8048959914394636,2,2,8,92.522986066651,3.5563158305672253,857,4.869906390382707,0.7597850909969982,11.250616075977364,0.6121649435270969,8.789674522687173,5.595248933649683
PID_368,514.5484181141076,2.8249807130062794,1,4,3,72.96382703441549,1.5192192852961397,1237,7.400766300916386,0.6080531607865225,15.219536143514452,0.4159647680793109,20.90702206155561,6.241909189848201
PID_298,666.3254723305461,5.38572382529386,1,5,9,129.10353372390065,4.212939818843047,668,5.956399456785942,0.67401592712462,19.30337707955504,0.9974932220517156,32.07952246737945,6.830866530499052
PID_434,419.2221765046999,2.6969973694756653,2,6,5,92.7746663780266,2.4032736112798183,1092,7.714437154678815,0.6133838904621186,14.502591519408249,0.3839030920372709,20.8058167131541,6.3602118748363
PID_457,471.9150327663939,4.03768042731443,1,10,9,69.55358199592165,1.5127312344917778,353,5.847927524210393,0.7389156173676894,16.484018296699396,1.3368697812079149,23.61206250485764,6.544021575027367
PID_398,474.9383683710755,2.40356558642679,3,5,12,49.02829293565402,2.7617110653101795,1393,8.062615682743052,0.740276198928514,16.204874135080036,0.3409464238126888,19.37902559162614,6.23282737461773
PID_347,607.7453279763474,4.6368827748854295,1,6,11,45.87682547579903,0.970061169180462,1156,5.361932534014604,0.5023218919856831,17.58680529180775,0.525731252574695,24.862652607070096,7.1849981943447
PID_355,440.4704467613048,4.528261608185306,1,7,7,89.99683968823146,3.5802644038126674,878,8.26729586901345,0.782529783422218,15.86141669921214,0.5016747685208482,37.43647848716259,7.9319319534163
PID_258,477.9021525770339,6.272913249944617,4,4,5,98.0464247902543,4.173573420828086,896,6.709246235669674,0.8876409192759194,17.536095686097994,0.5333729381440111,42.08651960887335,8.288843282495964
PID_432,468.6609123156358,4.50298220713686,3,6,7,78.58585913209218,2.597991798410166,553,5.295170463866688,0.6373198428336778,16.97185502608225,0.8474880873700467,23.84405838254833,7.160620249827375
PID_394,405.3566385449472,3.647101309308417,1,2,5,71.52234818224781,3.8459372914489047,1106,7.375058219516944,0.7739429794240154,16.326382926835116,0.3665069064601692,26.89758448862605,6.66554893335626
PID_193,469.4089992898308,5.443807672794522,0,3,7,92.31580188879934,1.2029719243815498,1434,7.416713758893407,0.6566767455305716,11.979631956511923,0.3273423983890033,40.37516326758463,7.861794156259164
PID_282,557.3631749859773,2.421751418586904,3,4,4,60.60031568947952,1.334338350484762,997,6.110678170969743,0.6496025689966906,11.487706959922187,0.559040295873598,14.798543529074005,5.727018635520087
PID_118,347.348470058894,4.617507969315922,1,4,6,79.51099577652012,2.5155721754554268,893,3.93920552959914,0.8396968733887413,13.940317624487212,0.3889680515777088,18.18931292569737,6.358885368719554
PID_295,463.2969674146876,3.207954055824977,0,5,5,82.31473548152333,2.465308650142368,1053,5.164005720903959,0.5145702838591973,19.65492158452905,0.4399781266996084,16.565893096677243,6.238934825036535
PID_164,379.9879185060827,3.4037177343372536,3,7,3,94.41959905839978,2.858564810042901,391,5.163823206329649,0.5711036869866272,14.485040868218045,0.9718361087112088,17.576196624366485,5.611362338514272
PID_395,569.5046628924842,3.6376287266725593,1,3,11,59.54278391070412,2.6739090724822354,792,7.0392233810496165,0.6917822993555859,15.92867845427599,0.719071544056167,25.606081184371224,6.510428604898092
PID_303,394.1078152728412,3.325656435317063,4,6,11,81.24482054609292,0.8619839688090467,1167,5.965268340473299,0.6126990816596937,15.581225702004318,0.3377102101738142,19.838433044888163,6.195516803283734
PID_175,487.7211875064521,3.8220697747557897,2,3,5,85.17523325985918,1.2182573692630114,1219,5.820425276166299,0.6117834369924774,15.257724055249891,0.4000994155098048,22.246071524259836,6.400690447337731
PID_311,606.5524029234341,5.867177086343277,3,9,5,79.86781423786161,3.4034737366606107,1097,8.26314833338635,0.7461773820222316,6.980043126520785,0.5529192369402316,48.481354562700034,8.732233745895362
PID_344,443.4249738927013,4.978174528422827,2,7,6,12.155540123589743,3.9412890224229744,1015,6.554422352995817,0.7192853034501919,15.872666825912365,0.4368718954607894,32.62905840620899,7.13988299973128
PID_472,394.4800473306802,4.803731888745345,1,5,6,88.31413390424106,2.693214880620172,766,6.737288402699956,0.4816772751170678,10.047058330034302,0.5149870069591125,32.36412714372397,7.361053818151076
PID_212,638.115706944059,2.8166907109641937,0,6,11,144.2104508422409,3.652640831607343,1290,5.756732586274413,0.5806876658315451,12.82395250526377,0.4946633387163248,16.21493520126402,6.089698862938411
PID_129,305.19860995837564,2.1661387576575137,2,6,7,102.95515316299868,2.070185557533313,826,6.464433611591365,0.5809943715906399,17.98341603982483,0.3694898425646194,14.002860192371994,5.796360288220993
PID_346,230.1194043379918,4.932950837356629,0,3,7,31.097159626126956,2.3594400729391,311,5.329172788753743,0.6283424123249659,15.472354580513196,0.7399337760064045,26.28854737070094,7.244851165504048
PID_335,494.00144500533327,4.814070188794691,3,8,11,69.86506089803264,3.908999180601789,870,6.912469613069516,0.5402452810390653,13.65464972709071,0.5678177528796934,33.27711389522713,7.678604753738468
PID_276,399.7945775647389,5.709006013626473,1,10,10,75.11766480451665,3.3582537403069965,1330,5.124135706432363,0.6951647941971666,13.397774401958388,0.3005974267404052,29.25372156266049,7.181460262834489
PID_192,347.8767182869287,2.594029061046156,0,6,7,71.97761412731737,3.01185068256103,225,7.39306381471899,0.5805812930696257,13.746023299100491,1.5461187479419052,19.17782238554981,6.012669770484475
PID_185,474.3800713771199,1.0407737562118489,1,2,4,57.67417442690807,1.410156874715088,821,7.638071375585844,0.6497145756168303,11.398071427812416,0.5778076387053835,7.949504235782682,5.166091218393457
PID_208,393.5921369263272,2.9112933409086907,4,5,7,103.34568045568402,2.902606942984123,1289,8.788753109218371,0.552692486098961,18.37325240443999,0.3053468866767472,25.586638401757995,6.6211457585908455
PID_404,321.9695601329106,4.994855765869171,3,8,10,98.67867873716474,3.171926417225301,916,6.501321333830191,0.7888277302745497,11.557308963367358,0.3514951529835268,32.47316235004998,7.324026244555696
PID_256,537.2457328280145,2.800256931157703,3,6,5,77.20866308710092,5.449744648879936,812,8.073938146571466,0.7917726634283043,9.818827401481144,0.6616326758965696,22.609101256675327,6.694139779374654
PID_228,515.0201177958661,4.460719692801236,1,2,5,103.70238685879738,2.705269673249317,1224,7.401738738782503,0.679034531520978,17.97345939584121,0.4207680700946618,33.01708175305689,8.08237699579656
PID_386,440.0824136220617,3.214245341003283,2,3,10,63.57927465314691,2.3564038474214613,781,4.780661553157049,0.6260793787155983,13.689236027821597,0.5634858048938051,15.366219124148564,6.102582221215255
PID_382,634.6636996047666,3.986085542332341,3,10,6,71.42925097675658,3.138238059005389,658,6.633113333022209,0.5443707186625221,15.211378771977309,0.9645344978795846,26.44015715741171,6.731693129812432
PID_390,342.9915233673848,1.778462915276499,3,3,6,70.88292207564804,4.537993766453005,568,7.101438446827067,0.7571113369872431,16.963893051028506,0.6038583157876491,12.62964492280068,5.823343608833766
PID_107,297.44748290752614,3.6278141744508514,4,4,12,41.21472310850568,3.2224954644483224,926,7.217258378511555,0.7322639535023132,12.841689156316342,0.3212175841333975,26.182872246238382,6.594715489063941
PID_139,380.8091930118756,-0.9867039563510848,0,9,4,73.60422212635373,2.585166440937392,341,6.71384816596999,0.5686004054986975,15.411437257060236,1.1167425015011012,-6.624580547703064,3.9436646777142794
PID_233,474.3339449322692,1.0542901344272897,3,5,7,118.21399234604873,1.8009624548790848,910,6.50610482973828,0.6956920464175713,19.929704657624924,0.5212460933321639,6.8593221355428105,5.434966686493784
PID_242,882.016639408774,3.93096878013092,2,1,6,82.93038235991669,3.737362125136905,730,6.659811303192423,0.5324556252648833,13.466823322503622,0.5833923208415986,35.35688343050333,7.9284571957137375
PID_297,324.8460575809556,4.200006472949122,1,9,4,124.22310947528698,5.208359797729488,1373,6.216547062825586,0.5459434335027369,16.689979857975985,0.2365958176117666,26.10953790326031,6.56763226035004
PID_409,594.3764604073259,5.781509340739071,1,2,6,73.83410367432576,2.900805744977742,1030,4.756422374226166,0.5491665990365648,15.625778892176514,0.5770645246673067,27.499300385088887,7.443380349593714
PID_444,441.7848821607431,2.076625218762744,3,5,3,67.03800133718025,3.385687688573896,1297,5.902846780695229,0.5779935505802298,14.58889272151551,0.3406205722133717,12.258000487284187,5.198327236526878
PID_329,561.7295831588127,6.1210447968733375,1,6,4,103.92764384639668,2.135004449618494,637,5.791033338678933,0.7406004154505543,19.77806994752576,0.8818360803121079,35.44717448624072,7.62087432023768
PID_190,484.2725346377704,4.898287346390577,0,7,3,37.22244073377837,1.8131274102410884,582,5.714404431595352,0.474545351965963,9.952688192065269,0.8320833928484028,27.99079491944175,6.326962178918017
PID_205,495.6753219153784,3.145167069171581,1,3,5,77.2259729757239,3.716577046887717,1114,5.237590210653143,0.6933484279978971,10.734763648626416,0.4449509173387598,16.47309625236171,5.605332731129666
PID_186,506.9767280232204,5.2034302207744165,5,7,4,78.35856931957264,4.234766562519603,1489,6.823132728556264,0.6757947332810198,9.987354180733842,0.3404813485716725,35.50369504012467,7.972002743743953
PID_374,494.7708560017315,1.8405597313825488,1,7,5,92.88300776540964,1.607479551800718,1004,6.118315633145767,0.746834376408493,18.605039882999925,0.4927996573722425,11.26112537825642,5.466692417561729
PID_191,514.2722759867544,2.263228757708489,0,6,4,65.19297259814384,1.9180408557467152,1172,5.9954884930964,0.67570489871305,16.544169963661354,0.4387988702958655,13.569161974086107,6.092681440020034
PID_355,582.9152530132432,2.5871154151404494,3,4,6,75.74873215558995,2.009334404870451,1150,4.810911206604468,0.6121160675333868,10.887764748399563,0.5068828287071679,12.446382543478355,5.075512671367027
PID_133,469.652116970147,2.7065334379039774,2,10,7,82.33863552695735,3.6119668350357874,604,6.142566569363613,0.5684690274560136,14.63089982595232,0.7775697300830249,16.625061814533737,5.9502060982251646
PID_157,520.9003757588512,1.9151635358596208,1,6,8,73.63848311786415,3.2340911700729515,1220,7.874639359899158,0.7490411673909452,14.916973219983094,0.4269675211138124,15.081222160123811,5.629583122276288
PID_298,441.0264305712773,5.334624600642988,1,8,5,75.36304232012705,2.6808809459415888,1085,7.8929675718324095,0.6996948084255293,8.372341142389258,0.4064759728767533,42.10601898077452,8.147532585092922
PID_342,594.0117215449472,3.1117183994452526,4,3,7,100.8192772143758,1.8641247690733616,1166,6.948215095662135,0.6006864341183785,15.564831383837143,0.5094440150471246,21.62088875647512,6.815388653359853
PID_496,382.360769794073,4.028757452535319,1,6,7,94.52481555240315,4.729496119555556,278,6.1458152298561926,0.740891172416666,11.467361813600077,1.3753984524966656,24.7599989091882,7.170905681652008
PID_359,630.0940432910816,2.644472950379479,2,9,8,92.95005439545442,3.973121978377442,508,7.170779396269431,0.6054121784793887,17.12000564067301,1.2403426049037038,18.962932146573003,6.30501734522554
PID_277,306.9224897881952,3.905086037587133,1,7,4,90.74476814418004,3.828063301672554,1256,6.140897292939943,0.5895516291455369,15.657479461563089,0.2443650396402828,23.980732276916395,6.404732375323286
PID_159,381.894834252512,3.3970489308717973,1,3,4,129.78726654054904,2.07819509673468,912,7.590039712596908,0.550580864981012,17.92368024303968,0.4187443358031929,25.783736290951808,6.466908687835867
PID_270,534.0643548988724,1.4475274417507844,0,9,3,79.77033194788204,3.7194689134464736,1150,7.436007153189964,0.6201411311933849,16.52149465115145,0.4644037868685846,10.763824411297602,5.681826341933871
PID_144,384.7376020697609,6.480913998846212,2,4,4,75.09765472728519,3.2211960810432387,669,6.458381289144808,0.5845446216748885,14.75599327067476,0.5750935755900761,41.85621370670503,8.652957374041263
PID_141,405.381656678522,4.8670440832620825,0,4,6,117.9751646595102,2.90679650593612,764,8.577502771148676,0.6763711961662017,10.499687288739462,0.5306042626682225,41.74708411148328,7.604356395252513
PID_276,261.0459269054469,3.658630686907221,3,3,6,110.21452272607527,1.7207955908888757,1137,6.995017496925136,0.6888487918241033,13.682712479101571,0.2295918442440166,25.59218566970324,6.51870823706251
PID_482,404.7693680750923,5.395560016482003,0,2,5,74.06966847492257,4.017652056384431,320,6.927473055603574,0.5395839072908325,14.321981492181278,1.2649042752346635,37.377596634071054,7.363435224252514
PID_295,207.61206733710432,2.230526033801396,5,3,6,50.58380214207321,1.3163091240280378,349,6.798944295848106,0.6906431388824745,14.106532969550235,0.5948769837739378,15.1652222542547,5.797632374280207
PID_102,291.6097176514277,4.315219068005139,3,6,8,35.90924257654144,3.728953301795401,352,4.985255818720107,0.5023276616308965,10.39943327304109,0.828436697873374,21.51247096782458,6.392404372942754
PID_394,526.0414656144297,3.7997156505780714,1,12,9,53.81383092923387,2.9076563022905253,1203,5.426864202311156,0.8691973171438961,16.30330423447161,0.4372747012588776,20.62054084308357,6.5725403668839615
PID_147,528.5800158650832,3.896030122000505,2,7,6,88.02516498345699,2.7571351272177784,1479,6.434434455576548,0.5988526930719902,11.45725298302414,0.3573901391920778,25.06875045696415,2.834112585606201
PID_248,492.5457561784965,5.408530250160152,2,4,6,76.30829865110736,2.138607508780525,773,6.444339825474439,0.7549260664968943,19.63832683081696,0.6371872654314314,34.8544068883903,7.640012590249074
PID_329,353.3023856870787,4.598738154169704,2,7,7,56.57728905833519,2.997620963860895,1286,7.207715240252524,0.6701166392565834,15.444063555956085,0.27472969338031,33.14639507973973,3.017113537067621
PID_117,445.228864385802,3.933085494237535,1,5,2,70.19543648859505,1.1492568721348155,267,5.698559469134744,0.6741795501019171,17.93778788404336,1.667523836650944,22.41292158610381,6.448272322375383
PID_342,449.6397460909432,1.017668845657556,4,8,7,122.92447888276396,4.28157137469746,424,6.5848240409078524,0.5333926074153743,17.875779421036025,1.0604710992710924,6.701170280568817,5.143755505954871
PID_205,334.1635310807457,2.059930557080804,1,4,7,107.9903379033451,2.316400020602277,1046,6.606272157324179,0.7343440859081638,21.233794924814497,0.3194680029452635,13.608461885264202,5.749041701825265
PID_262,600.339830176715,3.3159365996064136,4,7,5,123.81748665975708,1.972269529284093,757,6.65383409813135,0.65486471319144,15.545643015717156,0.7930512948173251,22.06369201370288,6.289049439424133
PID_131,537.7362290575671,3.640058561414977,0,5,3,62.7547514491962,2.5638466855245525,1075,6.519697420463938,0.697013968868439,13.829816250570175,0.5002197479605276,23.7320804131949,6.296025310110772
PID_221,427.9035826170336,1.8046944129891145,2,2,6,100.1740264035871,2.3516510347528707,446,4.815391977737605,0.6409285677154882,13.88764442566525,0.9594250731323624,8.690310998575656,9.076060482924143
PID_494,452.6885838994531,7.117515013367632,2,4,8,97.58121114521762,4.292082810579819,1108,3.786537843610664,0.6630043062916625,19.48830792401941,0.4085637038803728,26.9507399505836,6.8987622541663
PID_202,470.8382807947552,5.77459108288036,1,6,8,116.70901632866574,0.7199639642971594,491,5.369883637031289,0.5612828405768232,11.039293752232098,0.9589374354272,31.008882166506037,7.307387629659068
PID_285,543.5047380357898,5.575839397791178,4,6,8,80.28926478681653,2.710953710763212,413,5.862652372641315,0.6347108923169277,12.365626265420454,0.5952215814953291,25.8142989037343,6.757698562943666
PID_322,425.2822617479403,3.608055291925617,2,4,3,60.43101830951549,4.699294549739883,967,5.0858577571394745,0.6080110791680655,15.71097528219439,0.4397955137000416,18.350055994628036,6.247451367570923
PID_449,381.80157520022016,3.1816865451482723,4,3,3,57.45607098722874,2.88193528315703,804,6.433191357350781,0.5794428802243886,14.541607637932511,0.4748775810948012,20.46839838404713,6.654948715995143
PID_145,349.83799901050844,2.0721223099666464,2,4,3,79.66740015475948,3.0261386123312004,1170,7.808128362545839,0.6634525739694913,17.902933373115022,0.2990068367611183,16.17939697911457,5.558667832162012
PID_480,629.7686526849523,3.886628810214126,3,7,4,86.81734747205698,2.021111757714108,1210,7.059599954496333,0.6750772009729846,14.799161977100404,0.5204699608966548,27.43804457173178,6.404382942176191
PID_247,514.084286126701,1.6373591367775635,1,10,7,45.102635091006846,3.44821790096307,273,7.682372886395004,0.6397739205163535,14.438964772444022,1.8830926231747287,12.578803437671082,5.933426610837546
PID_459,392.8821010217203,4.001264625867346,0,7,12,112.34724014609505,2.5699772266211696,1297,5.390452346803724,0.6911109055030256,11.78326808800254,0.3029160377962377,21.568626292689363,6.55917484889839
PID_238,589.9355436586002,0.6382886631839133,2,3,7,112.26753188843388,3.45884363096224,863,7.237816235669866,0.6597527204494978,14.724647131115743,0.683586956730707,4.619816049436543,4.655378072398573
PID_293,542.4633682912769,2.209422483830747,2,4,2,71.9275131441676,3.330350728828529,1486,5.930563988993607,0.6666151019968958,14.597776167458164,0.3650493730089346,13.10312141907944,5.631521596962507
PID_458,576.5806673764274,-3.319291710882433,4,4,12,126.1389004748724,2.9162446084630407,1309,5.996208211818644,0.7683002989767936,12.525889628194694,0.3483292872360713,17.266631397430512,6.111782133739807
PID_315,385.3063222294426,6.331531486010285,1,8,6,36.35349153613785,3.878273003877233,257,8.734902946291122,0.5294926438597349,13.890403251643836,1.4992463899978312,55.30531303168625,9.212282734450271
PID_449,519.822331361359,4.334829686800637,3,8,5,109.3872688209427,4.014018595262575,925,6.614530493435987,0.6181403830182107,11.935117233238302,0.561970087958226,28.672863147194384,7.445555922971165
PID_136,489.3485385421749,1.496777646350163,4,4,9,54.2298347200725,3.7416821046044975,407,8.616351440240885,0.6838174608622872,17.59129915609328,1.2023305615286854,12.896762228849587,5.668702211746902
PID_489,539.5193220027733,4.229054434126455,4,4,9,52.44002839871303,4.066362585922636,1366,4.312044000316677,0.4917264097517334,18.09844799026592,0.3949629004412688,18.23586879968762,6.413825707996059
PID_314,513.517180168197,1.1790440165924516,1,8,8,121.40304043523066,4.426911392859525,612,5.742960434476046,0.788258448332607,20.040184574406755,0.8390803597519558,6.771203137796169,9.046027689048504
PID_274,554.9552715319335,5.1240365808306105,2,4,3,98.82283666139848,1.3523766858182775,1275,6.990579896782313,0.6754817875724481,16.302160130764356,0.4352590364956341,35.819987112331646,7.493758078264836
PID_213,396.4764788439432,2.793313022273182,3,6,7,43.05390434671119,6.109271145523598,1240,6.612479095727696,0.745690176442374,13.982344220060645,0.3197390958418897,18.47072396760537,6.190884665268858
PID_402,581.7394065634326,3.359545716891244,0,6,7,85.04773234285871,2.987783246595538,929,4.033344484163496,0.7619761878554884,13.59311033071294,0.6261995764945453,13.550205186518395,5.793913423211863
PID_253,469.75996046924,5.488694971313285,1,1,3,115.11975734169464,2.50828134479416,939,6.224504983313339,0.6912452928910653,16.47194413122096,0.5002768482100532,34.164409200826405,7.748401993078093
PID_380,657.5260872625265,1.569254647123625,2,5,11,93.96048384182411,3.002303161257781,1003,9.467621115942444,0.426740629455595,15.602590663682742,0.6555594090354202,14.857108433398444,5.585130813185272
PID_376,381.0812181910432,1.4043227223305133,3,3,9,80.77287841341334,1.0291745569400268,618,6.796295326196117,0.664769422173021,14.477375560974364,0.6166362753900375,9.544191954245877,5.394415290276153
PID_398,623.5963803165249,2.6246010104809927,2,9,5,108.77191430188424,3.080865861122081,1118,7.225323199998545,0.6711886913528599,14.21376426937258,0.5577785154888416,18.96359057176794,6.266908021279163
PID_378,469.7910783462648,5.057568276528975,1,4,6,89.21650920654618,1.8482739716265135,400,5.727268198489829,0.5413133244428596,18.51357126231748,1.174477695865662,28.966049951855407,6.663344107716007
PID_416,401.6114165945679,-0.748233397165853,0,8,7,82.40126092867818,2.9737926830310277,279,6.485206162117614,0.6961669302801354,19.04002778050813,1.4394674429912826,-4.8524478380021865,3.955256736028828
PID_429,417.965269180568,2.823261712386502,2,2,9,92.10562720818376,2.088846108631323,388,7.84257731808669,0.5250809662782064,15.546408582000614,1.0772300752076494,22.14164826858497,6.565776087574209
PID_188,492.4165946401917,4.32761119986638,2,6,6,85.5636938055108,0.635594376278644,1379,7.804401064135793,0.8561417208966786,13.896357550252144,0.3570823746484348,33.77441345340316,7.936687291045449
PID_185,502.28354880354993,5.300392624608244,1,9,6,69.88218627674925,3.1284522639015355,1027,6.989019373784888,0.6763137281813156,12.644192264072723,0.4890784311621713,37.04454674205355,7.666670957245861
PID_338,392.6299996061421,2.8052579568719014,2,4,4,91.4459084366914,2.7987396672130718,1383,6.585158978713454,0.7851511717504909,14.53642581020175,0.2838973243717586,18.47306962230236,6.454223164919481
PID_299,447.56454077390174,2.8828600893259964,3,4,5,84.59060379836518,3.0308163600757707,953,4.48507095692475,0.6531163399367782,16.510097011654683,0.4696375034353638,12.92983205951352,5.866810849496374
PID_204,664.2270358611863,5.230851101383621,2,6,7,30.20403173083995,2.294191122996028,1025,4.443253475485408,0.7251538827976283,13.868961124818016,0.6480263764499379,23.241997335969447,6.5794742860525
PID_163,622.7543170100712,0.6953874504568693,2,13,4,46.84339906308476,2.011697654463101,1267,6.598293096077021,0.6553263931229718,17.551006658941322,0.4915187979558573,4.5883702134481625,1.990380566523843
PID_472,493.6323669674032,2.9172188372254864,3,6,9,87.75385802553193,2.541885819879038,1385,7.549560933753987,0.7505572930375674,13.719123490714896,0.3564132613483055,22.02372136872876,6.854609900404535
PID_303,453.80034781682,3.7856358348875863,2,8,10,98.64367643577282,2.96698100686274,709,8.098095268347405,0.4461668098464653,14.625646252826604,0.6400569080632158,30.656439642189547,7.056228524784789
PID_275,462.0031326718261,4.173828081927551,2,8,4,60.552711105483326,3.608406221053907,894,5.432313499551655,0.7388147843889421,11.13991679252551,0.5167820275971209,22.673542634262827,7.114378082619028
PID_138,511.35179727304165,2.7352899602136764,1,1,3,98.42638554263928,1.8277875999405184,1431,4.688913687630466,0.7168764160934217,16.678430510413083,0.3573387821614547,12.8255385340841,5.712700754160172
PID_239,347.72074348015946,3.5516615175587622,4,8,11,92.5112241620763,3.749381831325773,1320,7.619550983473498,0.634584834191698,14.198472919291303,0.2634248056667874,27.06206600907985,6.47709093477817
PID_238,424.2623462576655,-0.2324910301194842,5,4,3,75.27409793268998,3.584615914372387,220,5.522369879481969,0.6090836115335208,19.73661152200767,1.928465210262116,-1.2839014619815752,4.328435972028901
PID_147,283.1415926122411,2.5126273814992275,1,4,7,90.67067805714078,3.424732156961808,1446,4.607518078792621,0.620089774949023,17.114430051804852,0.1958102300222967,11.576976085527054,5.190452369646904
PID_235,489.9223122605279,4.180263068831701,1,2,11,90.11681881876191,4.996306226725879,599,5.90758621025708,0.6782766968381999,15.253499321182938,0.8179003543581435,24.695264460677095,6.571491380331277
PID_406,514.7195939702741,2.0265589486179807,4,6,3,101.91384717795624,0.688726061707579,759,5.886681239930906,0.7714039364655966,18.675528063080723,0.6781549327671595,11.929706544443569,5.543576526829344
PID_491,401.6813537700626,3.588476332384396,2,6,7,103.10374702904538,5.140727532623213,1255,8.084205291568816,0.5965810792222488,16.215326548266322,0.3200648237211654,29.009979354931392,7.55718645881004
PID_340,327.4234336997659,2.986176198713353,3,5,7,61.67737051342673,3.089860810920558,487,5.615135476684003,0.8984580984245064,12.412885501028171,0.6723273792602996,16.767783913024726,6.139804616674678
PID_307,303.562511979018,3.755695656494857,2,8,5,116.91482911233147,2.8528634137013884,636,8.177545211067251,0.717157456451369,16.383566574723353,0.4772995471368207,30.71237102999559,7.567585078576984
PID_309,554.7098302612154,3.19008308045593,0,3,5,95.9637360659037,3.434811184491673,640,7.773002762352912,0.7688846718997049,10.365776804336308,0.8667341097831491,24.79652459651923,6.317364047395171
PID_207,397.9088453449385,-0.1687113673175098,2,2,8,99.8616875197082,3.8365138244539017,989,8.092614209746655,0.7433693901815105,19.519876392269083,0.6252707473668219,35.73151580166567,7.819325366374101
PID_440,404.111573713106,3.7354594414526514,0,7,8,108.4523404338517,3.3066478773549752,1196,6.184888519916566,0.69922823736699,11.519003226885854,0.3378859311982491,23.10340021605445,6.661436984673069
PID_167,557.8680833431296,2.6202030956540967,4,6,5,83.34215008326501,1.027781992531315,1468,7.18558348895242,0.6022948308005506,11.103112906202693,0.3800191303427313,18.82768810183409,5.897365256653771
PID_469,446.1491530499293,3.8363246064361896,3,6,7,70.52339505547647,1.3118002517229768,1275,6.011889842679899,0.7167322518984338,6.453943407558734,0.3499209043528857,23.06356093465669,6.339214680339696
PID_170,432.7372700059181,4.571914685954927,3,6,7,94.02653438689076,1.9632586830624548,920,7.616122714303121,0.758955882369271,16.421567819480394,0.4703665978325196,34.820263287557346,7.835803656756438
PID_197,538.3659937486673,0.425088082133783,0,4,6,79.34040071552836,4.327311631212289,1063,6.608330172564467,0.4779927267709155,10.07080371925596,0.5064590722000633,2.809122399162241,4.305232800665829
PID_208,515.232287841342,5.238611097433847,4,6,6,118.73049817275398,2.9153442141157937,429,7.652386662878836,0.6724494981972112,13.449241540929073,1.201007663965832,40.08787769401183,8.010541121941175
PID_263,292.36078430157505,2.995617891978392,2,10,5,118.3592611203915,0.3991960115856994,664,8.329707996582155,0.6798175702777469,17.513605162419644,0.4403023859963479,24.952622309516983,6.546298200141975
PID_456,597.6540349725896,4.138234899860345,1,4,4,102.27368266733534,5.277189029471653,385,7.1566781981539656,0.6766076661428873,15.576158729078683,1.552348142785947,29.616015486670392,7.1740626297159285
PID_385,588.0091354147452,5.2958703854678415,1,3,5,48.07869046406433,4.600291936533248,361,6.387848173109777,0.6546183616516178,13.128908218163218,1.628834170123948,33.82921596683692,7.626567958833234
PID_189,387.44372984904703,1.442489454154301,3,0,6,52.62325370903852,1.495911914044747,1422,6.407806548092003,0.7686073075353902,10.227961467526605,0.2724639450415239,9.243193369883588,5.203348973592021
PID_495,489.5803533437409,2.43583849635868,2,8,6,47.12229440438603,2.308864189911606,600,2.951561898825343,0.6288683066922837,14.677161343765494,0.8159672555729015,7.189528097544294,4.975584398321502
PID_174,499.4030186282739,3.067176956186443,1,3,3,84.66352672216121,2.456414110558077,990,5.644646816202387,0.649721455071103,17.565825790959163,0.504447493563913,17.313130640467133,6.588941223562844
PID_128,476.0673765823907,2.3243697183133576,2,4,8,103.0752370428006,3.427788325328204,1214,7.61908822440241,0.6815665318078457,17.102509340258077,0.3921477566576529,17.70957794995885,6.088873993170767
PID_417,382.83766320619486,2.2148418592598107,2,3,6,63.84192258515708,1.9824417536125205,612,5.618518810279366,0.5113998743248845,13.03962428000908,0.6255517372650243,12.444130648045372,5.985826132926908
PID_110,447.4445929008554,2.6666798307697004,3,2,5,82.59475800430802,4.373321970734578,730,6.697489541286483,0.6714130043688933,11.048898918857324,0.6129377984943225,17.860060276539677,5.942879332251174
PID_172,567.2729019259365,3.806583547404465,2,8,8,60.40215169730587,4.892773530590172,1344,6.272880293504614,0.6725456377371458,15.929852936533266,0.4220780520282265,23.87824292009236,7.00308208169503
PID_317,504.3600154594432,1.6967757108858668,1,4,5,86.64646108029977,2.7406591379489327,268,7.327522854451152,0.6134834918584551,15.634263685620128,1.8819403561919523,12.433162800393788,5.767818232772336
PID_217,412.9385667913894,2.906478932365604,0,3,9,73.91901963181773,2.1115475158117114,492,9.150337716015075,0.6367685083470698,14.985421161648247,0.8393060300637996,26.59526379562822,7.2373644004307796
PID_286,527.1698710648345,3.976179891875263,0,8,6,63.57359506636101,4.714144502320018,834,7.350162293602309,0.3320129760360019,12.760805970707564,0.6320981667444059,29.22556751384126,7.524736769147587
PID_355,165.14573793699248,3.000709393426233,1,5,8,82.88225442458618,0.1666517007352186,765,5.695787054516103,0.7708406049334134,7.039862699452647,0.2158767816169836,17.091401717442004,6.2596352614672295
PID_171,564.8765700372103,3.3599197116500776,2,6,7,102.18821180406502,1.7267711847377891,732,6.405896566291192,0.74010301758606,11.98016021354496,0.7716893033295222,21.523298143873323,6.642853888311207
PID_312,276.02862212219003,2.706001831327444,2,7,2,42.02250693337355,3.9752387324833776,849,8.182313903723278,0.5162168819517483,16.67120539888523,0.3251220519695996,22.1413564079712,6.486717431092029
PID_171,413.7559058596868,1.2282945362288498,2,10,6,84.20322164726502,4.469852380495481,753,4.809587690738828,0.5824532754972438,15.851890795203772,0.5494766346078178,5.907590282048033,5.1448897370928295
PID_397,338.0330105373856,3.982389817008858,1,7,7,27.525656803998743,2.4165676907731024,1152,5.761930801413369,0.7948521361041591,17.895792001758178,0.2934314327581472,22.94625454985829,6.399714775010202
PID_489,320.5318524279094,6.132399607470862,1,3,6,73.63303576827367,5.536357166402347,957,7.351956718408052,0.5345149322679048,16.035545727097386,0.3349340150761854,45.08513649410831,8.274324252154829
PID_410,566.0826787378519,3.527602446175157,2,3,6,97.3801350688,-0.1334946820819009,227,8.053197503846471,0.6978458689236134,17.208051727749904,2.4937562939993474,28.40847921410048,6.174280684622741
PID_361,403.2298798688109,3.837896175871325,0,7,3,105.55781186245468,4.113678919994024,769,7.230761482728335,0.6007983268919556,17.29419606303226,0.5243561506746566,27.750911843200743,6.939316758449449
PID_376,484.6503881730716,4.539084132675289,1,3,4,66.88149881234834,2.903698376075441,838,5.771966101739233,0.6910141956685166,15.061425510985496,0.5783417519965055,26.1994397467442,7.312797611842209
PID_347,445.3079421120816,1.5960042551799511,3,3,8,66.61525542522195,2.2160184864577555,627,7.143842361591671,0.6550138025157065,15.082496261198504,0.7102200033685512,11.401602807435095,5.697808428786232
PID_472,497.70408272231214,6.053771987194408,0,3,4,74.25199476657667,3.853329713834577,974,6.997151320083897,0.6216768170722908,6.273412703184519,0.5109898179900535,42.35915865168427,8.147668475995031
PID_186,457.68218910602553,3.803493194634203,0,8,3,52.43919772981043,2.331750081509674,1367,6.920986120427504,0.6888521873251454,13.030247749913586,0.334807746237034,26.323923609203785,6.960794312841387
PID_309,321.70077758114303,5.947785348633664,1,2,7,84.06625712541477,1.495558492549341,1179,6.383511587645192,0.6006952814151553,13.15979182178702,0.2728590140637345,37.96775669382929,7.751370869877666
PID_480,549.626681944714,2.400450506714016,1,5,6,54.93543085998208,2.938538183403401,1316,6.563593169822752,0.4715767127044525,14.673588815577023,0.4176494543652842,15.75558055036568,5.65888239987556
PID_318,400.6243416838688,6.227092883836737,0,4,6,93.91261561709044,2.734971054282723,234,5.411000167353491,0.5572277731246266,12.20898349607068,1.7120698362558493,33.69480063656631,7.490410578072784
PID_230,294.34181013402485,4.662733241052175,2,2,8,62.08182040301197,1.8633297549369503,725,9.476245069996992,0.5452141375119054,17.812692041274683,0.4059887036331377,44.18520288823176,7.753694239038145
PID_349,407.1884839034087,4.329560128778538,2,3,6,72.00846401333284,2.112219531157779,1029,6.688399328812627,0.4895880842079128,12.35547010597644,0.3957128123453923,28.957827059376285,6.617041272600055
PID_367,600.0759790634311,3.851036681529722,2,2,8,92.48438176312222,2.30434899522281,575,7.158214737260972,0.6869400066347705,18.30729792485166,1.0436103983711844,27.56654752745865,7.247712689140537
PID_183,535.0221742113492,3.127207072888326,0,6,5,95.8865261730486,0.8485021747539867,1033,6.238506540285989,0.6327233309389493,12.116534894212144,0.5179304687428357,19.509101777042424,6.428916863401191
PID_118,415.1347865592141,5.300797487710809,3,3,6,94.74941435315364,0.771178233769052,855,7.514372395255341,0.685394106580982,13.188660612080549,0.4855377620575603,39.832166314492966,7.887748085669207
PID_122,415.07422956815714,3.710539804772071,0,6,7,86.59048760867643,3.919707317529776,1066,4.941880470125438,0.7020751355603375,12.960562940770364,0.38937544987632,18.337044194826152,6.290832231350676
PID_479,417.83649487826176,0.5493954446192717,2,5,5,52.83388658982894,1.0914768839852078,1206,4.4052733573830025,0.7256468836760241,13.51129797199257,0.3464647552887742,2.4202371148488666,5.486013214033407
PID_488,657.6747983560841,1.8242203074394965,3,4,4,79.21309192378766,2.778635559109897,687,6.463434191091009,0.6906921741148782,18.53591383812478,0.9573141169666436,11.790727907186994,5.614658239968221
PID_150,488.19354522315535,3.221231371710879,4,6,6,75.64647067004347,0.5568363419077231,552,8.964866330141279,0.5520391403205781,14.01874611621897,0.8844085964187597,28.877908665845663,6.973581979675762
PID_367,493.0041647191069,3.9649984747483327,2,6,5,69.48170314268447,4.607368611536398,553,7.949985001447753,0.7079525525250976,14.095032613176189,0.8915084352967576,31.521678405012462,7.825279156359981
PID_191,553.0283454031842,3.415117266650156,2,6,5,81.8517891536582,2.4763947135150226,1178,5.529864284323471,0.6721804739207706,12.77461011551866,0.4694637906648422,18.88513499962509,6.197125648415088
PID_284,473.8789159026513,5.328456184690495,1,7,6,58.45355545176048,4.141258159456706,603,7.119304891967712,0.8690104779124828,14.220619577754222,0.7858688489264533,37.93490418230265,8.412513389126946
PID_349,430.3650150915022,3.71538190475774,3,12,7,72.5064254030683,1.2534110327271846,956,7.0117000249331625,0.6882899785732932,14.354517380414924,0.4501726099283495,26.051143394226067,6.48062023857673
PID_179,442.8398740585936,0.7730311619192678,3,5,7,68.56520674600304,1.983088727929451,593,7.105272651495245,0.6405174391185698,14.54912496443794,0.7467788769959419,5.492597173538566,4.909407974897598
PID_418,446.2777763490158,4.639568443226253,2,7,5,52.08923167612693,3.846417202581496,782,7.61177494507776,0.6548895850696548,18.048091180813536,0.570687693540941,35.315350832123016,13.36814898574104
PID_472,522.762954363698,3.358311928336996,1,10,7,51.42679680564406,2.0405196016807947,303,4.6212035634108695,0.6481386645916904,15.820948357623042,1.7252902784280462,15.519443050276154,6.500665646575034
PID_231,455.19458858072994,4.129414958036177,3,2,6,113.55750624943956,3.148442858039879,210,4.981294413374177,0.6065376423799348,11.547345537784365,2.1675932789558567,20.56983166096937,5.995859663965251
PID_466,523.264007721558,2.2041755591153507,1,4,10,82.8701488308613,2.9230927787540133,1209,6.40931533051405,0.6677353657754916,14.744204278102222,0.4328072851294938,14.127256202182394,6.13445554639164
PID_333,441.92834198914176,5.419197397486627,0,6,7,125.30687316269386,-0.0114730569946996,1448,5.261091997202537,0.712176044212311,13.384949455649854,0.3051991312079708,28.51089605917771,7.817165224348447
PID_409,457.8635190316091,5.062586996088277,3,4,5,126.5452568687189,3.9324030621104376,621,5.168333516018093,0.6080493320629341,16.563077872624053,0.7373003527079052,26.1651380496404,7.324864780788435
PID_105,250.17993154678925,4.375316454517831,2,5,3,110.74121458412108,2.635425809970924,472,6.826228855067521,0.7335573288510226,15.308819422151798,0.5300422278533671,29.86691143188134,7.059636392089076
PID_490,541.6327674702482,3.305724129704839,3,3,4,47.95394597106,1.3671680642201671,253,5.400757322664359,0.7214310329599795,18.390932431010963,2.1408409781432733,17.853413800211673,6.187376794913493
PID_389,484.6488475897993,4.369785927942698,3,3,5,115.27550918181204,4.656210029972871,1396,9.20918826846615,0.5619737748173353,12.77987615182508,0.3471696615972774,40.24218130331836,8.081129495835759
PID_167,549.8010109859653,2.4396611480189767,0,3,1,76.8383388310267,1.956542134212726,446,5.860200815247317,0.5536310274381856,14.42273951316057,1.232737692793644,14.296904248548012,5.562122203801883
PID_498,160.3744621806311,4.783333488531068,3,6,4,73.05863080904179,1.8906089210464716,864,6.175721498950769,0.6948153400106927,11.807657537569042,0.1856185904868415,29.540535461772496,7.27958211029431
PID_112,658.8374704780728,5.974221341485881,2,5,7,69.48814533717461,0.6389813954626473,817,6.857048648620564,0.5912464215020854,14.874591200240436,0.8064106125802604,40.965526376195896,7.853328052855177
PID_300,436.0410371844826,5.105915839968779,2,9,9,71.23567794379989,3.514048447262877,1382,4.690453542625104,0.5454289352730507,10.39025694993962,0.3155144986863116,23.949061039927194,6.788525786606703
PID_392,560.8182816737517,2.405596295288886,3,1,9,89.98516079648296,2.8509805561272463,1329,7.110205414598414,0.8216897446153403,15.964453697550178,0.4219851630351781,17.10428380410092,5.583161137952184
PID_305,346.00940728744695,4.042125975909654,1,5,9,137.49452057466053,0.7141696204289127,494,6.909761179800664,0.5533672435701316,14.83362124400744,0.700423901391593,27.9301251522044,6.337403438923378
PID_328,511.27739050625695,1.5602876843620284,1,6,6,39.016605051363406,3.094752147066662,475,6.08083338154676,0.497640455184076,15.465554214143792,1.076373453697383,9.487849435884916,5.259499314054244
PID_465,344.6584436826344,4.358585466763514,2,5,6,128.5851643310295,3.79304452131112,784,6.82871276911554,0.5716306611578885,17.364403931082492,0.4396153618400948,29.76352823216942,7.131608740229412
PID_310,387.62310393041946,4.175905119293808,1,8,11,117.72735345093864,3.3545610926794867,1266,7.013939015388763,0.6731648193722564,15.674407467886873,0.3061793869908527,29.289543840776503,6.724215314208996
PID_415,641.4031353866786,0.695275490701754,0,4,2,75.55729602170338,4.389652536472785,393,8.22222885476036,0.6573552077334214,11.169667390848254,1.6320690467854415,5.71671420165563,5.060913793675816
PID_368,430.93175992366537,1.7573242341314543,2,6,9,67.55852817342019,2.0748110082438598,510,9.500313761576102,0.8387213430164832,13.332381673379116,0.8449642351444419,16.69513160507024,6.11181819386109
PID_194,471.7432873179723,3.0752916548843494,4,5,2,46.32302340576712,4.9212652689313465,819,5.226198814838393,0.5731607052227236,14.759455285709269,0.5759991298143741,16.07208560203899,6.110633015233635
PID_271,537.0067730688754,3.0487103792887607,2,7,6,57.297200868978,2.804372517402101,1326,4.943183108070148,0.6736156406987923,14.015701589977123,0.4049824834606904,15.070333648298336,6.276366511218722
PID_383,499.56818879726046,1.685784596871792,0,4,7,64.82031592610859,3.7605943678084346,844,6.623299533569618,0.762848888838915,14.382125881935398,0.5919054369635788,11.165456334159789,5.979851138184107
PID_228,465.0418905143577,4.083468094028276,1,7,4,77.42070701086155,4.333150905003391,449,4.005297823184752,0.5840984151506652,19.864357524456103,1.0357280412346497,16.35550586805584,6.282209216348504
PID_493,486.4961002466225,3.877210413410768,5,4,6,79.26100802586839,5.979522566437499,981,7.279298278190605,0.7203724208068971,15.30106633826028,0.4959185527488506,28.223371086523688,6.933177880316196
PID_107,690.3415585238275,3.208596302032221,4,5,6,99.02845195844412,1.502599008625762,1155,6.635696915687428,0.4667828899141025,16.146778849644953,0.597698319068249,21.2912725850813,6.303963536614685
PID_422,444.2381202966415,2.3663127497624554,4,5,3,96.28400122522262,1.9126835863038223,495,6.940743919113652,0.8258754539410739,8.973595513287957,0.8974507480740231,16.423970828634868,6.7329353735933255
PID_475,470.1099046714968,5.073060689624845,4,5,12,85.96687953187842,3.02783346108206,437,6.135713677856064,0.7494757761507216,17.2380139566986,1.075766372245988,31.12684786192508,7.458995671506611
PID_349,555.0654396007612,5.983110669632443,3,6,4,78.90938668763333,2.354968886778323,1009,6.806018919162082,0.5819325002791028,23.555885638675207,0.5501144099115572,40.72116441295892,8.105580143770084
PID_166,560.5525932957984,2.774657774230194,2,5,5,108.57830267531963,1.837858530797106,488,7.066687493172642,0.7329817777833716,19.036962408855366,1.1486733469176196,19.607639390986755,6.181312901037931
PID_373,568.703030556038,2.581749624267769,1,3,2,100.9884522690148,0.9701869953114926,736,6.740028086799909,0.7813182899459934,13.679429448263408,0.7726943349946168,17.401064980649874,5.983840637603032
PID_134,513.8730222029185,4.236811498117994,1,3,5,91.12415804918942,2.951047996024146,455,4.885881661444949,0.5211331416183271,21.84317227091765,1.129391257588832,20.700559601653808,5.955550224228001
PID_480,335.69950872695165,2.9629559303795205,1,5,9,69.85620308078373,3.754579949618901,720,6.706406992641825,0.5900122101025219,15.082489099786615,0.4662493176763217,19.87078837038678,6.866839609357114
PID_399,613.3431532301096,3.2909041990051486,0,4,10,107.6411896689713,3.2227063946842915,1342,8.724757623259803,0.7846083413842933,15.919638829564198,0.4570366268480697,28.712341497687863,12.20135308094505
PID_197,335.3654606981312,4.609479727587007,1,5,5,100.8717625341087,0.8441417867791778,318,6.789070470175836,0.6567472889439964,14.197691352636552,1.0546083669752553,31.294082701435105,6.763951507244523
PID_491,480.2635465239033,0.6359658687390608,4,2,6,73.85107371581502,0.8726604570493441,1314,6.664466735321797,0.6936166165699483,14.120043395384164,0.3654973717837925,4.2383733770115,5.05668534834479
PID_226,374.5724149980642,5.477453487279004,0,8,8,32.0627216302397,2.873448404760726,371,8.37204518946899,0.657019722860629,8.25571442168679,1.0096291509381785,45.85748811871432,8.739196779157126
PID_184,443.5861653407008,3.609020786494012,1,4,8,82.37514414845609,2.5133813068634927,922,5.605261330682153,0.7391488843665811,17.36248209565937,0.4811129775929509,20.229504656162977,6.255280599963011
PID_310,801.863706832071,-2.9188887979081244,3,1,9,62.69218457570625,2.418591755202619,1025,7.567613168104126,0.7012931640548034,14.109005377582344,0.4710987717369249,21.81561467930444,6.223128640648186
PID_142,482.1357215450273,3.366148768667826,1,3,7,97.93108651710112,2.4668911163619844,1339,5.863811176337391,0.6606217263922003,14.435817936378864,0.3600714873375857,19.73846077092875,6.471001329198257
PID_339,492.1920754235285,3.443644032530778,2,6,6,85.39772685036141,2.202196497779996,548,7.8039000120141635,0.439830735218268,15.820012932415407,0.8981607215757819,26.87385370683944,6.920375744212907
PID_401,611.3711269058647,0.903198044832612,1,7,9,38.18171589591333,2.978590005150584,766,7.457657785361076,0.7140010630514942,13.756265297097269,0.7981346304254108,6.735741930768831,5.075892991507901
PID_139,495.353430151398,5.742407341179854,2,5,7,87.36917372178407,4.121469692237822,675,6.005265364007336,0.7229240976659211,15.791480331608994,0.7338569335576266,34.48467991200884,7.365303980427904
PID_321,425.5843364709351,3.561988448405928,3,3,11,122.8777779175524,1.6789547218906375,307,6.180846648400469,0.5260461127242972,18.609181528336748,1.38626819697373,22.016104362970967,6.528435330426731
PID_411,546.4087168288357,4.164503195671063,1,5,10,76.18021652458472,3.3434193837424617,788,7.673373849701873,0.5328401091764398,16.21444006108505,0.693412077193954,31.95578991866222,6.886326693408476
PID_254,568.9470488924641,4.927324655861064,5,4,6,79.79041379925343,2.8992299564814594,1345,4.273458918532018,0.7017598595669597,14.539508589465733,0.4230089582843599,21.05671949509217,6.323875408082121
PID_247,327.2392184863008,1.9682563136595497,5,4,5,71.42381453389868,0.66027972689559,1445,5.9696850681263625,0.6694325068134269,14.629514688351982,0.2264631269801389,11.749870325898852,5.584028975610638
PID_305,509.7400069849858,4.210207848552843,1,2,3,81.8019760023088,2.013224043140455,569,7.24450098034942,0.4525206418078339,15.60178073723326,0.8958523848593776,30.50085488631589,7.261814643520539
PID_412,520.1172742310898,3.0985383636518096,0,3,1,118.50326674651004,2.812126071043417,959,6.1302718743260165,0.5677978295854422,12.503549107019303,0.5423537791773616,18.99488258221485,6.076177249233772
PID_111,420.2436496640008,4.77015616282474,1,4,8,106.38822450316005,5.397272395990168,1344,6.66183605624831,0.6813843098902035,15.623579103827756,0.3126812869523815,31.77799831944094,7.487432189471189
PID_340,587.570681331162,0.3091588694727569,3,6,7,65.60464674885156,1.9297829411720824,1424,4.050618865207513,0.7176676869168869,17.053712677421803,0.4126198604853665,1.2522847490325764,5.155152047348181
PID_122,434.9944412967473,3.3513585496380967,1,8,7,78.18075301218492,2.067696207829676,1384,5.474626285196544,0.5915680780174198,15.262548288332283,0.3143023419774186,18.347435606966894,6.158244508001341
PID_111,462.5576453471542,2.595769016324057,0,5,8,79.80552073937316,3.2957886278263424,1441,7.31534320658217,0.6352543511501637,13.727601306199876,0.3209976719966372,18.98894123942268,7.128772765943755
PID_216,432.692817571613,4.148394425951233,3,2,14,90.29157417340863,2.664069009326302,774,5.598791147522704,0.5620647894305378,14.138689440510229,0.5590346480253399,23.22599398844829,7.125989958410366
PID_207,451.5579047581468,4.205066281052304,2,3,6,90.7521399918858,1.2859651420465312,263,4.937048347013585,0.7823923674161531,16.956506520929608,1.7169502082058812,20.76061553195184,6.443255921954152
PID_271,340.3724913104798,2.438561157766961,0,6,4,77.60364277835737,0.7179803489126249,411,7.773930239545515,0.6674588277526009,11.69947138624903,0.8281569131641844,18.9572043253457,6.113851671729722
PID_138,305.99491174057056,2.4317392037359347,0,6,6,48.87861111822068,0.5663649884260384,268,7.118820864883643,0.5832311717185253,12.550628568461129,1.1417720587334723,17.31111578151091,5.877661415449274
PID_141,609.4505063224972,3.3340019471640057,1,9,8,77.1336151983971,3.820030837783336,1347,5.193759976619491,0.5343698567825182,10.179296958657726,0.4524502645304359,17.316005875151863,6.571212182335175
PID_321,105.4665704865177,-1.4762143291225485,2,5,3,70.93859182867932,1.5634521618690576,576,6.666204613318518,0.5233112631201031,15.10199609801941,0.6342080992502903,14.365915318277567,5.892487052354349
PID_147,350.86076505436927,4.76297554317819,1,3,3,57.56383006160954,5.643885918851045,724,5.232862646329656,0.8311554719252331,17.585663027223667,0.4846143163734382,24.92399680527885,6.537725673785387
PID_446,234.66098863962853,2.9461891993288307,0,6,5,99.7096951205658,2.1662398802342904,267,6.317049131749261,0.6326488155804885,18.99444547937257,0.8788801072645264,18.61122192358924,5.591925124823044
PID_443,386.10382523104977,-0.8604823289824619,3,4,4,80.48037123635466,3.7257709609834513,1493,6.711185827430553,0.6100478909821752,19.645997529584164,0.2586093939926656,-5.774856811021533,4.205873406285443
PID_422,317.69102065925017,2.9377669150672907,0,5,4,54.1813133712436,1.4059000881340713,1356,5.529804320959525,0.6286756185468299,12.928577573426344,0.2342854134655237,16.245276180911038,6.08540822508309
PID_134,614.2015160136369,1.9421842687340412,2,4,5,129.49949663434657,3.0278824300561973,1285,7.390799520230288,0.5869790213863177,15.75009289653495,0.4779778334736474,14.354294561558364,5.471585283052232
PID_355,550.9817089342635,1.0530862768085818,1,7,6,90.41243551367104,4.496191188655489,360,7.576822042785987,0.6392989506921424,13.793062976447892,1.5305047470396207,7.979047315078688,4.687882337223452
PID_452,381.18496548222765,1.6438600426661414,1,9,10,99.79852698623525,2.3802158719168807,1249,6.816278629879828,0.6534928403604969,19.94293185667536,0.3051921260866514,11.205008079338562,4.945137709964482
PID_392,675.2435805344309,3.664112707749455,3,6,8,106.20171571877604,1.497288056898468,958,6.996778581848481,0.6515003532142188,18.910338900317416,0.7048471613094268,25.63698531506023,6.494317017263191
PID_371,548.1765486991594,5.492961242372347,2,5,3,69.0968098169985,2.353240396235776,900,4.756605393957509,0.5237402201323546,15.50421431693178,0.6090850541101771,26.127849074267846,6.759177400461452
PID_497,200.05942851264268,2.59024491767639,3,7,6,31.753989156770857,1.617178189595024,1048,6.390410014332237,0.5947040566859434,4.655871257285726,0.1908964012525216,16.552727061492384,5.956542549143113
PID_323,679.0942572590742,4.183856292756055,5,2,11,104.05900999722044,4.783547113167347,1037,5.377692361849501,0.5841336652789186,10.699200547450172,0.6548642789383551,22.499492028630204,6.814049469845403
PID_226,311.0427533236404,2.8113645346715126,2,5,2,78.29823331828865,2.822503271212804,448,6.67500297494711,0.5796173983467457,9.44312172447717,0.6942918600974116,18.765866632593145,6.357898527114618
PID_431,285.46012530431085,2.458099446255283,0,5,5,93.16813691583458,4.336285470948329,1314,7.39456399086666,0.5447528306868903,10.6613022902874,0.2172451486334177,18.176573651248592,6.410098041059175
PID_397,552.2570432009641,1.7684559976505234,1,4,7,78.24517171754933,4.08925881510251,1259,7.114819480464764,0.6767797665287313,20.636542853735783,0.4386473734717744,12.582245182428691,6.009883929799109
PID_101,693.9752406339273,0.8722567898724214,1,2,5,125.44256434810778,4.841444352937981,1230,5.198371562253882,0.739498197234,11.114875759764823,0.5642075127105101,4.534314891455655,4.638014892369909
PID_152,588.4272818510518,2.915114440160832,2,11,4,110.60425105705828,1.2891125948273616,401,7.409165467420998,0.5777010781366188,11.817171015484943,1.467399705364219,21.59856524361993,6.0862288578245884
PID_317,506.390912005236,3.7370802348801977,3,5,10,14.727378531617973,3.573459671064641,1044,6.427209101840972,0.4656874214618228,12.238427603051836,0.4850487662885402,24.018996099932004,7.480908420988163
PID_159,509.4754341665286,3.3550644949776656,4,8,10,93.8191849895998,2.195404865697794,743,7.101445018860946,0.5472885402391576,22.795634186929004,0.6857004497530668,23.82580604581636,5.950980941526503
PID_134,535.3415558780308,2.876049608078962,0,10,4,72.94993126673636,2.6295203036490955,1479,5.53813819930244,0.6051714050705947,14.812643316626566,0.3619618362934623,15.927960197590911,5.952042654891505
PID_260,525.8928589786765,2.081380908954828,1,10,3,94.80679666461911,1.502912317243318,360,7.755093907263983,0.5268564688568748,17.982612798312783,1.4608134971629902,16.14130440573116,6.003367936114583
PID_290,460.4201103951876,1.5243021200801226,2,2,9,61.42537230702389,1.9177886457893507,461,7.926587976965876,0.5948473175719267,9.046772947199978,0.9987421049787152,12.082514858290692,5.475960836247925
PID_444,443.7406872100478,4.664041870765213,3,7,3,77.10511754813031,3.5833549402773666,209,4.658158269372653,0.6484509977883073,19.59791840294861,2.1231611828231958,21.725845209005275,6.883404591090514
PID_359,374.6035411133324,1.996674471609913,1,7,7,54.51516702690973,1.2572290469929837,914,4.818297056461985,0.5045045533747708,16.203290254021933,0.4098507014369063,9.620570729270831,5.603416483710153
PID_376,421.9324923133226,2.371347143970448,1,10,8,117.15127014573348,2.4946498437089013,558,6.211966584037633,0.7080113372992306,14.6348610629543,0.7561514199163487,14.730729217497498,5.720750085573746
PID_211,280.70431858046146,1.2998222140764844,2,3,1,88.18213365409449,4.072713009451916,1499,8.261150023967337,0.816093881869979,20.28038239303478,0.1872610530890336,10.738026314971226,5.683947934370632
PID_231,440.166037320525,2.747896779671545,0,7,8,90.81161164612354,3.216811010154714,323,8.855373077208471,0.7929117205480102,13.960353186870686,1.3627431495991489,24.333651161651257,6.494153219122158
PID_194,351.14088928490827,4.962968687716968,3,6,3,87.59853668449333,1.6700143228931386,829,5.433888441110241,0.5915955852701743,14.566754505729646,0.4235716396681643,26.968218185777296,7.436789653852784
PID_411,339.6410682784229,4.273442132665934,3,2,2,53.504716430977226,1.9418848337393932,467,6.563656437933767,0.7168655161158359,13.96469183821424,0.7272828014527257,28.04940596621017,2.688790187205046
PID_340,467.9894151153479,4.9676331680420525,3,2,6,95.82045414342308,2.9953539766544126,477,6.686182370336787,0.7050253805902011,18.22887385593901,0.9811098849378362,33.21450131046305,7.210296179606856
PID_359,589.2002286344599,4.283213818900904,3,3,5,124.62899340858476,2.779253203147351,1223,7.361789135645665,0.6456474837070769,17.441468796070605,0.4817663357599835,31.53211695763205,6.713987681805039
PID_231,541.8316606002313,1.8444952572044464,2,4,6,41.097510576651246,1.2243915241943422,275,7.561955199694985,0.6677005641175124,15.835856585585702,1.9702969476372048,13.9479905010299,5.612160201696579
PID_335,292.9499396376823,3.003816163508664,5,2,4,82.00735570659063,2.342749875906869,725,5.162722168505998,0.7183043796859044,11.84469735746256,0.4040688822588721,15.507868297462815,5.9827002890156615
PID_358,351.03718634296627,2.329701306323806,3,9,12,98.99027227599888,2.62488050303012,817,6.577512032260846,0.7383375804373442,13.88929921657242,0.4296660787551606,15.323638373918644,6.301296778079495
PID_343,544.0771187988216,5.49586235605856,1,7,10,61.28713196520398,3.482080310287672,1399,4.089778491476096,0.5688327736598273,11.843747198295798,0.3889043022150262,22.47685965592144,6.414206256764468
PID_154,351.75126064616904,1.7048170303605326,4,8,7,98.30750156931764,4.015668385686584,1259,7.472949539648486,0.7247691389982683,18.48110346515142,0.2793894048023582,12.74001164221764,9.96322505026005
PID_296,427.5366850002976,4.840546534083666,2,3,5,81.12469608940252,3.605369922536111,469,6.093656158011156,0.8166462523485446,10.275817924882189,0.9115920788918924,29.496626195558488,7.068324401164896
PID_182,505.0052099024552,4.839430805163154,2,7,6,62.18552582056694,3.207444068098375,201,5.053541504837526,0.738218164201754,19.78311356449336,2.512463730857986,24.456264433681284,6.056623161148636
PID_457,353.1655545136365,6.244430302574131,0,3,8,17.260728602469392,3.235186342930007,1479,6.899056171948175,0.8036462915289861,18.862958632197586,0.2387867170477596,43.08067541927426,8.230456914247432
PID_387,460.537550614596,2.8854701110557537,1,10,7,77.51642646703024,3.372460715158533,772,6.056156908393404,0.3916480643154966,12.244413328094923,0.596551231366057,17.474859747032983,5.859644520827163
PID_479,316.5974505081796,4.568483239370243,2,4,8,78.1670018683689,3.948131132442041,1330,8.013753236931468,0.7095709062628095,13.75054720908042,0.2380431958708117,36.61069734737045,8.220164320118252
PID_413,389.8632356048786,6.9224777548082645,1,7,6,112.8555146316036,4.830273898818995,1357,5.428901437344543,0.6764251269908206,12.86270878669724,0.2872978891708759,37.58144943306421,8.029836348173479
PID_316,290.70062664683303,1.1974396287014604,5,2,3,66.75113183323234,2.262140392355777,550,7.52546665155602,0.5374373842421598,19.237344680061973,0.5285465939033328,9.011291993044464,4.078808754968056
PID_344,494.0474737960399,0.6799849491383547,2,5,5,40.71643564443446,4.012632468407866,1251,8.045233295821006,0.5993858908228282,18.55685794901747,0.3949220414037089,5.470637553465045,4.522519601923053
PID_365,448.0362201073319,4.569068043291997,2,10,3,101.86366548003852,1.60593837109939,736,5.265396558141859,0.7400536732980648,13.701208579753526,0.6087448642762662,24.05795514906564,6.922550621376635
PID_131,505.2489954417148,0.6752746879121245,2,6,8,82.93591424022955,1.24534087832041,1066,8.64615125256051,0.5440331442542168,18.764421203233383,0.4739671627032972,5.838527088713824,5.3857650561962025
PID_256,586.4140429973844,4.155969780558441,1,1,5,66.47100636937307,2.888230093101129,1417,6.24822596425571,0.6483061417094451,14.43349827373832,0.4138419498922966,25.967438289547356,6.904993615061064
PID_234,462.52245026479073,3.777763305244871,3,8,10,111.08612671624252,2.2259281271900164,1430,8.065587952888112,0.6304069333133986,14.971624566231249,0.3234422729124411,30.46988220364581,7.153328535584945
PID_498,407.0594458874747,4.138167296276258,4,5,6,114.78229465991237,3.243445020067344,1263,7.108122887005369,0.707269864209689,19.62514225394032,0.3222956816211201,29.4146016689184,7.191752444028378
PID_357,462.2297503032284,3.833434783701281,2,3,5,64.33188572771128,2.458923078266261,663,5.013005699244846,0.5384499212620634,18.175085640739063,0.6971791105629388,19.21703041837796,6.134236074935696
PID_365,504.3298029036388,5.41829871997009,4,4,3,22.542345496153644,2.385797763302646,222,7.862492074211183,0.5719883218369874,18.674351953527704,2.2717558689353097,42.60133074147343,8.271195677022732
PID_152,454.0591691203882,2.484507292312203,3,3,4,85.65245316990097,3.518535557298032,327,6.000559716734079,0.5298817634829086,16.641801048937115,1.3885601502152545,14.908434374180668,5.380680123363368
PID_139,383.7099082449052,4.745287717793915,3,4,4,40.64140729441751,2.575599790441843,234,7.0217006358473935,0.5701232862569958,19.07381238397698,1.639785932670535,33.31998978531236,7.038013856468489
PID_285,309.73947282003064,4.850597882592595,2,5,7,118.32634206513636,2.978795586362046,686,6.303886636440289,0.7286329600040894,20.963462734401016,0.4515152665015023,30.577619170821023,7.140525157928824
PID_346,624.957674318694,4.176837978977762,3,3,4,33.4891538509446,2.9762631630325407,300,6.687571218496681,0.5624496693052685,13.165818208452416,2.08319224772898,27.93290145253553,6.996090246169167
PID_175,325.6136764608715,5.275240500334892,0,6,3,61.27676170993944,4.06164032383105,936,4.59775836779529,0.7204197206142752,14.394424436440117,0.347877859466743,24.25428115254736,7.035796771655559
PID_320,378.1592734430802,6.000836167326705,2,6,7,53.1303040422444,1.197483282883632,810,7.076365545849813,0.7908615401044509,16.028249923233503,0.4668633005470126,42.46411030076014,8.416404324716037
PID_213,420.5050321707972,4.60343299586862,2,5,6,81.515937205868,4.3467503683586175,529,6.253662052579244,0.5947416491877447,12.15336814609629,0.7949055428559494,28.78831423785477,7.695879060436098
PID_181,574.7742072673734,6.17269836315659,0,7,6,115.36326982776252,2.8596497734639734,395,8.231958870881744,0.5674359367922867,18.40138656066501,1.455124575360439,50.81339904786411,8.821889914773541
PID_486,382.6509375756132,1.015065188483339,1,5,4,75.8825511785507,2.9858277350492037,613,7.444818105019816,0.6957802512500121,13.640019262287485,0.6242266518362368,7.556975692996114,5.526665528356579
PID_326,477.8994162223802,2.7133277956060224,4,6,5,54.80925452149582,3.147152561076053,267,6.780541959504018,0.4973893778196251,13.39562773850682,1.789885454016405,18.39783296799518,6.05898303248539
PID_121,366.4652946740243,2.3970448089770717,2,4,4,115.23983605179048,1.8751966229813972,1496,5.285189859600663,0.6534752086794251,18.389814759671303,0.2449634322687328,12.668836917414025,5.7487626428189
PID_308,664.5149127773388,4.582218985636015,2,8,4,100.9829160506971,4.137855120732393,1070,5.335425747762852,0.569241156508216,13.12457832528938,0.6210419745582606,24.448089157850173,6.533490279497238
PID_371,331.2401580970487,1.9247888905967816,1,11,7,58.88676556118712,4.012655711281743,1070,7.241049044847919,0.6245689884722027,10.789504568330672,0.309570241212195,13.937490757789712,6.3184319101300135
PID_479,480.9820710227028,4.6362427240062285,2,6,10,88.0585408851543,2.696225594755426,340,5.868205311073744,0.5856151228926332,17.23097132972715,1.414653150066773,27.206424176440358,6.645827130540898
PID_424,513.3776880932098,5.55580421599507,1,3,7,106.97556600688438,3.606864747543562,384,5.76156473748068,0.5701631367106218,14.604893109320557,1.336921062742734,32.01012565922369,7.080478959258166
PID_227,491.3799097451498,4.542804350125999,2,4,7,57.40275641059925,4.052016082972944,1412,6.283267593158848,0.8204794157624586,18.59417649953107,0.3480027689413242,28.54365535520773,6.987242152153343
PID_347,437.0179300266574,2.018189988648876,2,6,5,70.28796562944409,1.5630007297272648,280,7.580921571432424,0.5020137017827855,9.755104917655098,1.5607783215237765,15.299740020197223,5.525455104575869
PID_372,454.3811471979109,2.2297235508119533,1,5,5,50.18745423198927,3.62294287829996,697,5.893402762087748,0.5624186595232592,18.94660327016676,0.6519098238133586,13.140658933047266,5.8566159496823
PID_430,546.387911679491,4.669023505857998,1,4,6,90.80930935506952,1.4863067257954967,724,7.0276461608652845,0.7468686843804508,18.100810527792696,0.7546794360213964,32.81224511593273,7.254107196331362
PID_399,671.0523001591351,3.441470720933684,2,5,8,81.10013186433311,4.041846719183274,320,4.491204815165538,0.5114917304347154,18.22158127064111,2.097038437997297,15.456349873108577,5.304872854572712
PID_327,394.2508214992166,2.8731356813511644,1,14,8,59.59449769018208,3.0843916733061865,668,6.853409195579968,0.7198604848691303,14.256983757276736,0.5901958405676896,19.690774498720987,6.059893437488046
PID_396,313.0197020420922,0.4612881903329349,0,4,6,132.51957264837174,2.524582315527201,378,3.298689878867477,0.6765029116133022,13.5699139390962,0.8280944498468048,1.5216466846923469,4.492238749204744
PID_335,441.17179516487454,1.8937213719733417,1,6,9,67.75994858659685,5.286464693081875,310,5.425732086017616,0.4558330034934398,15.637334085078567,1.4231348231124985,10.274824809893062,5.061414072024332
PID_459,369.6325432030269,1.5793166434962995,0,5,6,100.18346588819148,1.668544529352214,421,6.48722827968875,0.6363836683649498,17.684200824358946,0.8779870384869998,10.245387592272312,6.064849658061341
PID_282,613.9116805444067,3.784219731831621,2,5,6,17.727013173930935,2.9877678809209502,996,4.37852947284615,0.6548491805367348,13.686652057184489,0.6163771893016132,16.569317627550706,5.9591456198206965
PID_358,617.770081407644,5.011165959792798,2,4,7,100.73418156728944,2.613867816553549,1060,5.157005879631742,0.5179417212679978,13.382522704513171,0.582801963592117,25.842612318461903,6.748679453852826
PID_190,394.64117582920056,1.6176159979965612,0,3,4,80.2236035678358,2.1296106961306864,821,3.369304264097335,0.5736984495815294,10.52953966084888,0.4806835271975646,5.45024047972188,5.01171333073951
PID_208,506.8983079185275,3.777065712171625,1,6,7,73.42249037874082,4.490525690200308,1331,4.888924091546859,0.5877056261351586,16.940759776066475,0.3808402012911551,18.46578755559145,6.465918428763244
PID_339,612.8396623128538,4.906873306265982,2,5,3,76.9250530768321,1.4533065589646152,403,7.19487601918226,0.596432428334025,13.830656177873978,1.5206939511485205,35.304345080418685,7.536262532982217
PID_278,429.64196398976384,7.802604583500153,4,8,5,22.93587428401122,2.904789825378544,652,6.7039346500718695,0.6367367089085517,20.18362553933252,0.658960067468963,52.30815122813626,8.6959195467973
PID_281,391.8319086051356,0.9971011116827072,4,6,5,80.7986188067324,2.7867686328111216,1145,6.516373257847396,0.6809636615110418,16.795166720353166,0.3422112738909481,6.497483019539104,4.931134877152294
PID_245,348.5243269307133,5.088092794825818,1,5,8,90.77584026928768,4.186446743932463,394,6.539099684599503,0.827422572451458,15.968696058507422,0.8845795099764296,33.27154598985851,7.472824449674492
PID_395,385.0722454933993,3.240797393905304,2,8,7,134.0266072296437,5.2648950468848135,460,7.727758907735662,0.7370888753546567,17.490591871427053,0.8371135771595637,25.04410092891823,6.787367989281213
PID_196,327.6059733237744,4.657880232255012,3,9,5,46.24458181799508,2.800358879474356,1065,6.256507229394771,0.7816863389509754,19.261842022327443,0.3076112425575346,29.14206134675848,7.307195836216758
PID_308,453.4083468259226,4.161960727548869,4,3,4,91.08492949018232,3.865816747764215,1232,7.592802047671888,0.6019244314976318,10.147557719504803,0.3680262555405216,31.60094393446303,7.469896978885974
PID_475,373.0026768941358,2.400265704335005,3,5,4,67.8999383774842,2.84890400328236,1439,3.5271879284749974,0.549607684975707,13.303114689154668,0.2592096434288643,8.466188217462967,5.178969213094264
PID_493,473.3785911790748,3.84349458868901,1,2,6,92.11252673512084,2.894618148219964,1122,7.833711148212856,0.7301425275547332,14.30359560426993,0.4219060527442734,30.10882640750889,7.227725737214283
PID_143,294.4104353796373,0.7131478229025694,3,6,11,101.66596342223067,3.341632862843631,1336,4.951906289468267,0.648378906011524,12.06497420308938,0.2203670923500279,3.531441189551836,5.023800646152191
PID_333,483.0880232214457,4.404871250857091,1,9,6,61.62077141842934,3.002224246385934,539,5.212472332306014,0.7230317800129537,14.204335281018048,0.8962672044924781,22.960269522462767,6.345516808151314
PID_192,533.3528961608924,3.9472376989857887,1,5,7,128.87826612562634,1.7063789388893968,246,5.654459012610493,0.5617699775414958,10.346595295879082,2.1681012039060668,22.319493781946097,6.027914175912673
PID_263,487.4056569847572,5.087177487630726,3,7,5,99.70539912704253,3.339359735796238,1012,5.43284018102641,0.6324750513590108,13.447486227796706,0.4816261432655704,27.63782226281319,6.60944635050096
PID_497,572.7668992473292,4.051429760314567,0,3,14,71.08069743280224,2.743947567089795,688,5.712933464916375,0.603909901553173,15.60286919365852,0.8325100279757692,23.145548658459216,7.223037497129308
PID_128,329.03589813087945,3.722134129697414,3,5,6,66.13681222375486,2.04823735353666,990,5.3459747383690654,0.6133244234349988,15.153925858971578,0.3323594930614943,19.898435030183705,6.446832803467228
PID_490,617.2572386837703,2.1783974950080616,0,5,1,90.99018835680452,3.150387422851455,1321,6.8064737610313255,0.6990433417247878,16.672258203372085,0.4672651314790085,14.82720539086874,5.861098592043324
PID_316,491.9019009366045,2.431668854526424,2,4,8,70.14659689884607,2.508213918664956,292,7.392330001865202,0.727414131634439,7.617331274484364,1.6845955511527553,17.97569862791687,5.968438742110512
PID_129,379.4988144241592,5.280101930265996,0,5,4,66.90717314646075,3.0186032332651567,1475,8.545189418912758,0.6133585842279142,16.350791163173902,0.2572873318129892,45.119471145289815,8.572490527561587
PID_347,444.4230922342294,5.654503108558968,0,4,3,127.88039086555077,2.5733394910107634,1386,9.379780999744126,0.684430982842333,14.174724839462062,0.3206515816985782,53.03800082065551,8.87219716469766
PID_319,505.83269125217225,3.1428343455319188,0,8,2,93.68865225124242,1.8027191240534743,1381,7.280216903825563,0.6840816394333178,16.22059178164408,0.3662800081478438,22.880515728265024,6.464968742744491
PID_146,457.60053914124114,3.569004120879911,1,7,3,100.58878214844827,4.73246439832676,778,6.938785024243242,0.7238336860031627,11.46164037678497,0.5881755001815439,24.764552345423944,7.132831697685914
PID_261,503.8755992446369,2.143078437509351,1,6,9,126.91483666971996,1.667446731410097,337,5.039192321470146,0.7486915193283155,16.24102221101942,1.4951798197170236,10.79938440660536,5.234129641626075
PID_475,357.9326406920634,5.259135267901167,3,7,3,82.07797540820482,1.863087118220932,511,8.791163784477172,0.8311221387272714,18.89553557917264,0.7004552655421984,46.233919504839385,8.538207609930252
PID_243,466.93608240360777,4.498125235537668,1,10,12,64.18787813057455,3.6137992283500417,489,6.758483731200735,0.6034829613476989,15.569298779397508,0.9548795141178072,30.4005062252848,6.9029225682662005
PID_347,308.628550309502,6.411826154695624,0,4,3,53.24548755648745,3.1717332007194665,264,6.153122189710836,0.7960009899660185,12.84827752010415,1.169047539051144,39.45274978902595,8.087066482219464
PID_173,438.87739386513,2.182515384230392,3,9,3,113.86149710829854,3.5928722142739096,1421,6.965038122864264,0.661707437506134,12.97940582120006,0.3088510864638494,15.201302854902428,6.017690317743077
PID_128,359.609235853521,2.9329881514726743,2,9,5,70.67840085495081,3.4037679600775594,902,5.736379127126143,0.5405198794588302,16.728723902685722,0.3986798623653226,16.82473201221614,6.580252550716184
PID_349,376.44700574102336,3.8471688837883584,1,9,6,6.142231191860475,1.8963569758583376,1160,3.694794122850375,0.5849515513952728,16.70893293657924,0.324523280811227,14.214496981434063,5.641395998928346
PID_220,573.6093175210437,4.469734306588656,1,3,8,13.45727307585885,3.6039563537658257,1473,7.186163505120322,0.6965960120216214,16.06962594818026,0.3894156941758613,32.12024155159169,6.9760606924900745
PID_319,510.91381209071767,2.190558364319449,3,8,5,70.60697484058095,4.064530957831351,316,7.168307162241136,0.5483732143272171,15.608879926053277,1.6168158610465748,15.702595212258338,5.563777189327993
PID_406,340.7687235327421,4.8221112933853565,1,6,1,74.33680516091489,1.6023628696344137,1091,6.491505043998015,0.5736115743381771,14.805272750388864,0.3123453011299194,31.302759783730835,7.282159749984417
PID_411,418.3591550305198,4.581703043818372,2,9,4,93.1501167607692,1.8484160153557467,766,6.515926102869632,0.5966883343141087,13.85735688220072,0.5461607768022452,29.854038458813378,7.247540124770112
PID_269,571.3097699979184,2.1255888491544126,3,2,6,51.57669172570134,1.8822088851967247,685,6.706735697259544,0.5636631978101937,17.272430730460744,0.8340288613108298,14.25576261232073,6.562032031971746
PID_274,464.1716913639905,5.533164201658243,2,6,6,85.45981387732236,3.172290660785653,1249,6.669985065306301,0.4619915009752513,15.93035052342332,0.3716346608198482,36.906122588947945,7.634134530570895
PID_419,681.9329539981694,5.255298063794905,1,2,5,102.10269234072923,2.7375605423274214,983,6.427158419023335,0.4280686287036694,18.871624985766807,0.6937263011171612,33.77663319519645,6.766735823153478
PID_216,489.3317839394372,3.701444745871689,2,9,4,76.40072952411919,2.9376848745495154,1211,6.530411455362621,0.6118192884501629,18.350596140552096,0.4040724888021776,24.171957169832265,6.652098447074163
PID_448,469.2049116490032,3.6193967935640554,1,6,2,68.38147180286919,2.6584764383560167,1076,8.366015288528557,0.6752079289626367,15.832441597032131,0.4360640442834602,30.27992891020812,7.288783134964052
PID_101,419.0883535797499,4.331086656673861,2,1,9,58.33385247918791,2.736211783340748,819,7.06672785721584,0.7155585606758651,16.786141899588937,0.511707391428266,30.60661072873299,7.019283253624486
PID_465,463.3540904782282,2.207445394615613,4,3,9,108.64851056506326,2.221576558035572,613,6.6261763808294765,0.5137665926025555,12.128438205792357,0.7558794298176643,14.626922535772778,9.91590914869753
PID_131,434.7530163619456,3.5450472187461237,1,4,8,45.751108448825256,0.9867655739297864,1345,7.2910722755551,0.5154660882607301,14.767231566116257,0.3232364433917811,25.847195492133576,6.978395965775072
PID_466,520.810867668859,0.2714246830862294,0,4,5,119.42325798238208,1.1258863516637454,628,7.291158784139892,0.5972071396895644,16.027988490252913,0.8293166682625144,1.979000462316548,4.743985787742433
PID_409,545.6702316794584,4.814683468254403,1,6,6,79.43561575239917,1.8382692474039095,442,7.63519755532383,0.6503342452888572,10.251791834177856,1.2345480354738878,36.76105944647408,7.785381543522154
PID_257,316.8767046442222,5.755129742643499,2,5,5,101.01896473342885,4.5574987718183575,1298,5.9233665126226525,0.721772206919022,12.122319076251191,0.2441268910972436,34.08974279337313,7.662492231843807
PID_364,266.37946268967033,3.004819859050325,0,11,4,92.70376404191164,1.576873185803206,311,5.523731054966897,0.6132171828852937,12.451248328414504,0.8565256035037632,16.597816770017534,5.365236517962417
PID_233,339.66333938261266,2.5583991408732416,0,5,5,97.60079507770156,0.6155105277581572,1169,7.36144516928843,0.5656460760869829,14.908480001278027,0.290558887410276,18.833514996692998,6.145236794318745
PID_453,234.7109407047517,3.0679416891168856,3,4,7,84.04927828327062,3.4014866388627896,559,4.972108552973154,0.6574345755649823,11.01591432890562,0.4198764592213805,15.254139112480972,5.664968087656584
PID_356,488.8578604530964,5.627797017722055,1,3,6,91.46924794376396,2.543848527023878,966,6.969005375384388,0.6437576706966457,17.569930423841484,0.5060640377361246,39.22014766807723,7.840442524545762
PID_496,699.299951743279,-0.2317129848026189,2,12,4,114.0182538353418,1.247051413693308,1118,8.146680641441447,0.7904302289827988,15.532254718086543,0.625491906747119,-1.887691687662112,4.354230079192715
PID_361,449.3929088460106,5.415448079132282,2,5,4,85.06319989184112,2.765688528473597,367,6.217600833530616,0.6993555083825458,20.774937091681537,1.2245038388174676,33.67109449075465,7.305573432970996
PID_198,533.8490774451642,4.007035221652562,3,12,5,100.4915382211586,2.100013202720063,1473,6.8767679287115655,0.5729214953997297,15.900241366559747,0.3624229989444427,27.55545130147798,7.176560415393823
PID_256,458.1829358547565,1.689467528214177,2,4,4,25.010201054853653,4.354231129218261,957,7.376582843389309,0.5739445174187319,16.712415533708985,0.4787700479151061,12.46249718308804,5.7093338642618425
PID_293,440.1110346808857,1.8870314104261432,1,5,4,88.10687614873858,1.99539582999708,412,4.915330112721536,0.6166908467105201,12.438407196742103,1.068230666701179,9.275382315319014,4.949492755914879
PID_173,541.9076482987768,6.014589540812304,4,3,5,143.0712057408261,4.837746559723716,987,6.682385790789323,0.4935533995556923,11.454569126660152,0.5490452363716077,40.19180768495422,7.703588291276885
PID_386,420.97254558113485,2.081739680085903,2,3,3,35.33100957843254,3.0066725589537096,991,8.026539427689766,0.6269979621853211,16.857468367251503,0.4247957069436275,16.70916562039578,6.27105744076919
PID_171,476.7392314071903,1.769974234106061,2,5,8,130.00996212019075,2.3261390003885194,245,5.788149419883022,0.6356340790351638,11.72013010347974,1.945874413906899,10.244875336348894,5.327063803264906
PID_483,482.1697806196013,5.205971813547095,1,3,3,98.02622826639356,2.491643594079389,1241,7.498959370710594,0.6966526878966373,16.925548456656944,0.3885332639964555,39.03937111485421,8.286670144728147
PID_394,383.1909546356951,4.007829314428872,4,8,5,37.57048055119788,3.151879247899782,1078,6.532593928566943,0.7112125352148851,20.1195734166345,0.3554647074542626,26.18152144617066,7.164625399924205
PID_412,549.2042349536523,2.0931116351954016,1,6,2,81.01120025860776,2.478187471819626,957,5.690594429439591,0.6598916409388039,17.83730605873119,0.5738811232535552,11.911049411438146,5.542784516560992
PID_224,432.5040243304591,3.8249374631069286,3,4,10,90.05434720528213,1.689239039587699,1443,6.384189739022702,0.4870007313360439,16.71133984870612,0.2997255885865967,24.419126504370777,7.132812505541078
PID_255,374.4254840507155,1.961370974539584,2,2,2,102.78264036062438,3.557109100471424,887,5.868646491096522,0.5278953468852264,15.80849132942826,0.4221256866411674,11.510592887470295,5.96945220251732
PID_130,503.65098435704033,5.151232097633908,1,8,12,69.11698253575724,3.989822876452301,597,5.4340231498845615,0.5894895076400581,13.848120122364852,0.8436364897102853,27.991914468971068,6.544321581874389
PID_112,360.15320182089624,5.0920564473097,1,7,4,97.40589835567864,4.03261299936786,860,6.19478627305627,0.7152291448634889,14.656316582960551,0.4187827928149956,31.544201381421804,7.287473875965968
PID_170,452.8181157369128,4.298009298232914,0,3,7,114.63156506967928,2.6076721446158966,297,6.5821115748633465,0.7118523971074658,13.303713978815733,1.5246401203263058,28.289976750769156,6.731088903586999
PID_150,449.08810033557967,4.042491591870525,1,3,14,102.16188904191876,4.110213018193135,1228,6.300734740941358,0.6250561726905233,11.053787347098575,0.3657069220973776,25.47066721286195,6.64166298030034
PID_164,558.5895565831578,6.141782187301061,1,8,4,109.82985561191744,3.178569939652717,358,6.181551702645391,0.8859730409766873,15.1062820277448,1.560306023975301,37.96574413718801,7.5145390370453775
PID_144,497.46982328799527,3.499529491082338,1,5,6,68.86125621422458,2.448763121732928,286,6.771195059558719,0.806156758506569,18.3236671846659,1.739404976531452,23.695996800796767,6.25452251368585
PID_212,447.4973041254856,1.7271888118687984,3,6,7,97.13318760504,2.1267845835423445,1343,7.137687169977258,0.7739919397851905,11.133604457786744,0.3332072257077331,12.328133422604186,6.0732714617489165
PID_152,531.7766299200287,4.17421086924846,2,9,5,137.49444669076652,3.904805930686981,642,5.127085720592312,0.7200658154592633,19.195489298409974,0.828312507663596,21.401536942465004,6.033946972425284
PID_381,589.0207549017314,6.62907057430567,3,4,10,53.00212361104145,0.7805373188958984,371,6.197124956743271,0.6958541753841714,18.651552698584734,1.5876570212984673,41.08117869604212,8.104101904127845
PID_209,505.7810306351862,1.9778607602212217,0,5,5,90.55083034350494,4.466497254458309,881,4.1317509080073815,0.6885576036111074,16.19099647203569,0.5740987861920388,8.172027991956202,4.962333405345465
PID_243,451.0352619843381,2.9578058499590214,1,6,9,52.12422784954923,2.951196891072859,434,6.305379969158956,0.4694970871637533,16.215136044823193,1.039251755724281,18.650089758992795,6.610970531311603
PID_367,318.81637676498406,4.124669057152179,1,7,3,111.36772395647348,2.083581286748767,320,6.680634855285946,0.5448715643205292,14.441260801469358,0.9963011773905752,27.555407869730264,6.750063742761324
PID_345,343.4886336924627,3.4191427264913914,5,3,7,30.57886074018285,1.9421713236548528,696,7.183736014598525,0.6277863213251402,15.126049810005858,0.4935181518569866,24.5622187433488,6.990889988425878
PID_446,389.0487797840717,5.182786784345707,3,4,11,137.67360313488325,3.647088327397394,621,7.157810772865098,0.6375543477157407,15.094914232737516,0.6264875680902926,37.09740707845256,7.583291892237686
PID_151,431.3028697014554,6.980061083025889,3,1,7,67.6350857968667,3.173903523457584,334,6.578269978003133,0.6772276781210999,15.419478483412522,1.2913259571899862,45.916726267097246,8.49080534048841
PID_182,502.969275435673,2.1438975653959997,2,4,7,111.1616128599142,2.150960431821627,268,5.160877797932361,0.7005664302819333,16.696848133136097,1.8767510277450488,11.064393346293455,5.165892084190355
PID_175,442.95012219409085,1.1765592124197877,2,1,1,76.53429478585913,3.17684526437423,397,6.1843967512537645,0.6562137555811995,14.371790794517766,1.115743380841539,7.276308970946623,4.406139456631772
PID_465,498.6501643826202,3.8869639718317712,0,3,5,29.191578139002537,6.092379350786855,1016,5.580468555911652,0.6312550041241695,14.703279939688942,0.4907974058884057,21.69108022276866,6.331602476461542
PID_251,456.4474414810121,5.155816014974386,2,7,5,53.243873656612685,6.080132961648273,210,6.356337062442836,0.7427312034526927,12.860225195049257,2.1735592451476764,32.772104423118016,7.008990225979295
PID_213,252.4533433646129,4.212751619743073,1,0,3,112.95289176877196,4.061432470637107,1068,5.909747595815085,0.5454466616630443,13.354712627644,0.2363795349855925,24.896298756542727,7.021243480934071
PID_157,593.5079568406061,-4.197212368064477,2,9,8,116.78652205614252,1.8706379966373277,1353,7.002897215076858,0.6263105147372008,17.732087075228744,0.2631681157561896,24.484889476454807,6.676386519860318
PID_266,435.5912444278384,2.6160925223160407,2,5,3,29.82059944006825,3.704885123387256,934,6.558746029348681,0.6784418411398487,13.51809869750807,0.4663717820426535,17.15828644314911,6.377663602079205
PID_356,329.0305257158892,1.8617545509228652,4,4,7,56.26270273529916,1.9070417137349711,1333,7.036993203508698,0.5646988691390359,13.147392159856173,0.2468346029376513,13.101154121445592,5.842863428424423
PID_445,509.9928729996204,4.752126989487323,4,0,4,63.19214335466875,2.5253515142545107,1250,7.030861667929473,0.4496656021917841,13.222462211909685,0.4079942983996963,33.41154749151951,7.471165841362326
PID_187,603.0750832343697,4.870657432078378,2,6,3,70.48191227222979,4.438767790087301,1417,6.284392347540284,0.5346959889654602,12.812462843470026,0.4255999175965911,30.60912229364357,7.232578875327337
PID_288,571.8761851697317,1.1814053199639003,2,6,4,56.777410964676605,2.5071023655216544,215,6.357996386094415,0.6435279412756109,18.38155522603056,2.6598892333475894,7.511370754843195,5.505429431752601
PID_147,428.6557129069792,5.884758467271026,4,2,4,82.64779934745788,2.4606079092501814,1296,7.101925385985633,0.6250980256337126,15.428109227585956,0.3307528648973605,41.793115549106005,8.24694959289206
PID_161,599.0726136849952,4.361106831341002,2,3,9,65.67487826800618,2.1931081142176136,1147,9.43512671680895,0.648173395083329,14.153056126495477,0.5222952168134222,41.14759557924351,8.40846902337205
PID_308,464.8667457202112,5.59939196771869,4,5,6,69.28661380653065,1.819472160537216,1424,5.313042623677301,0.5840723155876539,15.087844919570117,0.3264513663765527,29.749808191165712,7.513561259830816
PID_487,416.2914028881961,1.4868083772723275,0,7,7,51.68058201001161,2.485770567728613,1387,6.550101785587351,0.5187736167446872,15.651871529174027,0.3001379977564499,9.738746206797703,9.355564986700529
PID_307,388.6597336459061,1.4512637668768416,0,5,5,99.59395153799076,3.688514820698669,206,5.065149983331152,0.6637008258207928,12.758119436770343,1.8866977361451749,7.350868644605339,5.009694361731225
PID_168,419.7530313511872,3.2765460353490545,2,5,5,45.32066770148098,3.612248779263532,260,6.474905180530506,0.6333477005513611,10.831213177907356,1.6144347359661049,21.215324898528284,6.203375742548825
PID_168,411.1823181458771,4.254176640342791,2,6,5,89.54354203029523,3.152588563015412,1124,5.691126915614751,0.7137834882761663,19.01550815441578,0.3658205677454422,24.211059181634397,7.117440887786756
PID_151,467.0416222375488,6.194541234390446,3,3,10,105.082613536887,4.211657832016556,684,6.356112306737408,0.5752315217072212,17.96407122976937,0.6828093892361824,39.37319977450144,7.668575511440418
PID_206,466.0573981049865,4.559118370722697,3,5,4,129.77331425922344,0.7305571806839768,831,6.68637240073743,0.4479148009154681,16.133407781590908,0.5608392275631606,30.48396324569524,6.829152856795475
PID_145,450.3046020153415,3.13597808478195,4,4,4,92.51220951765949,2.8630889876593315,1135,5.912730665091247,0.3895540021549883,17.75758180998631,0.3967441427447942,18.542193786944352,6.089298402099345
PID_244,819.2955225565191,-0.8360155289784856,1,3,6,85.65509604988304,1.949206047741924,1254,4.359489588575141,0.609853078551892,20.743092145292785,0.3936952288473963,8.546544747732632,5.017747232253701
PID_184,569.0646274786342,5.345000859078725,2,7,8,37.74127690587492,5.181236659203028,759,8.210642812583368,0.6627909162117797,13.393788890531464,0.7497557674290305,43.88589288684666,3.248350364528534
PID_129,544.9554135441324,2.052941861373928,1,4,7,116.8183116130696,2.492711335172193,290,7.507132375759172,0.626768747803817,11.639897827592812,1.8791565984280427,15.41170631307151,6.0667804613743455
PID_276,301.51020315500966,5.942702832158482,1,7,7,83.57379691384115,3.689959093743192,645,6.343328925306962,0.5934849547678751,16.984549863832942,0.4674576793100925,37.6965187697345,7.933215888378404
PID_132,194.60788650980453,3.073423025590236,5,6,5,87.73377923648376,3.996734712002543,1149,5.426320402147326,0.4908617586841906,10.59952209018429,0.1693715287291597,16.67737806818966,6.004346243055155
PID_464,543.4319911239273,5.885873108926775,1,4,8,89.88559406498261,2.351987614235718,1362,6.602029508339633,0.4610637795292783,15.113917961619538,0.3989955881967161,38.858707947477306,8.129028680486885
PID_413,313.3121301584579,4.5183969350889175,3,4,5,82.85623419714248,3.915562004195012,529,6.93318659004969,0.68672747809946,14.104705750917727,0.592272457766461,31.326889038880104,7.841388814432627
PID_461,427.5234598107317,3.2945067658363127,1,3,5,80.19755860050964,4.050797664114571,1356,7.424014178911531,0.6272398770210514,17.02166335322629,0.315282787471041,24.45846494208876,6.776928408602574
PID_448,332.98869739406405,2.7209054422608103,0,5,6,70.88575897015679,3.747749038084424,1244,7.534666597280943,0.6136481685239941,13.553175606728315,0.2676758017637171,20.501115350162458,6.885958127632826
PID_333,269.801956241998,2.98863818398088,1,4,7,98.1747980784411,2.17340836286851,1154,7.760811566374215,0.4958249045082881,18.599309333110448,0.2337971891178492,23.194257785946444,6.82854518482163
PID_266,504.1462728204788,4.142475038562856,0,10,4,42.49285504940071,1.0832135831188887,678,4.410968372606025,0.5533743400089989,12.75934948340631,0.7435785734815321,18.27232637941068,6.078397444734281
PID_329,525.9155160302647,3.6157347443265753,1,8,6,41.95857144476775,5.366098301205843,717,6.134428143174628,0.654510434950974,17.117401984116107,0.7334944435568546,22.180464973851254,6.546781436738009
PID_348,392.34895992732805,2.609282887896942,3,2,8,58.82180410742608,2.451088391550156,735,7.691720984733953,0.6784615953465056,13.000758868015746,0.533808108744664,20.06987594394412,6.5299417317654695
PID_298,190.895770785509,3.2515528845235515,2,3,6,111.2177929701757,4.005215392686218,424,5.391641956834443,0.6335759867924838,16.64536348567462,0.450225874494125,17.53120895706324,5.926057429997019
PID_136,395.37555517475175,3.617865544578725,1,7,8,91.13168621135908,2.2423961157057617,771,7.963121092618008,0.7879249426162391,11.956062639916889,0.5128087615755536,28.80950142829078,6.298901965037413
PID_114,489.18040054025465,0.3068988583777816,3,4,9,64.13397389433777,5.317380518090157,567,8.672453138165931,0.59245061041437,14.927658470485746,0.8627520291715249,2.661565967437934,4.556186854838447
PID_192,302.10884312258713,4.187252172183048,3,6,7,59.9850330377445,2.202044024359681,1365,7.929505183350993,0.7786871921509804,18.966274770482485,0.2213251597967671,33.202837803323185,6.889437498086282
PID_365,468.3359919779156,2.0304181629247897,0,4,7,78.01447597088095,2.920693654408788,1422,7.293908488523858,0.6716866761292,15.345015600425224,0.3293502053290545,14.809684273810142,5.669961261992048
PID_375,448.4690150827004,1.7700013951913824,2,5,5,90.00677914883809,5.586420448098011,1222,5.962992527164582,0.6608133442287466,18.549231543352946,0.3669959206896075,10.554505092597095,4.9926639221428015
PID_221,507.9291499601088,0.9689834793339344,1,5,6,114.0223419279412,0.8820145744995405,1259,6.837961764497447,0.7432522716479398,14.921176560217749,0.4034385623193874,6.625871982115146,5.552658552722617
PID_336,461.9580368414153,0.8091612531981647,2,9,3,131.31996708315452,4.247425045248358,665,4.884686421535252,0.5875872652515819,13.48485221906957,0.6946737396111509,3.9524989863295232,4.56322054019131
PID_236,352.69310591184444,1.4668287453315665,0,4,9,76.85268311260185,2.769666371347957,771,5.562667202489893,0.6170796540825038,15.515947483687352,0.4574489052034299,8.159480153325303,5.463512428518973
PID_297,569.6571501664491,2.436468563554264,3,1,6,135.05274337229417,3.64918965739386,637,5.647035820986235,0.5276458433958142,16.855189967649906,0.8942812404496847,13.758825255097808,5.913842665798476
PID_375,434.147042697303,6.429888706289852,2,4,10,81.99100774940875,2.3823968553429906,956,6.574367088759137,0.7435212521505403,9.283380336995528,0.4541287057503169,42.27244869501607,8.436963594259126
PID_163,447.2695460490068,2.711180486157194,4,6,6,87.55836708082029,4.763241835727346,790,6.029387281486051,0.683550544123513,16.566855133076036,0.5661639823405149,16.346757141049356,5.441947975138696
PID_440,356.6732040926804,3.766625159402047,1,3,12,104.46926649099278,1.8256994644646545,1080,6.813919947944077,0.7597793351904618,12.180494481516002,0.3302529667524818,25.66548231007765,12.194470557154837
PID_219,405.67177488084894,4.1007220797594925,4,4,9,108.09656628401352,2.844600718755623,390,7.55339218985271,0.670486340314671,11.434686651117898,1.040184038156023,30.97436213001191,7.206489507898908
PID_234,361.5197285973099,3.696597779323773,1,10,3,119.38504104121056,3.922509535387538,296,5.648326948554487,0.7603042215191318,16.615730000485303,1.2213504344503712,20.87959285492114,6.603970210707094
PID_201,432.7053940076577,3.383834808911009,1,9,7,47.8566008806887,1.815503106520115,703,6.678321311524462,0.5752710875720218,19.015508782438417,0.6155126515044917,22.598336119028698,7.089438945961322
PID_163,621.1708480142344,1.707059354601133,0,6,4,83.05530409774005,2.952871141065042,1087,6.000837212218476,0.7487239656970484,15.649218554438455,0.5714543220002156,10.243785298556135,5.683707483122381
PID_403,312.8098857068644,5.676391322418818,4,7,5,111.37817196841506,1.5698293293800567,349,6.728194992388618,0.610218507254636,10.933777944440704,0.8963033974408722,38.19186767033649,7.385385805042979
PID_325,288.6438602123259,6.210794965456827,4,0,6,53.29934891577033,2.317704967870971,242,7.323407117854183,0.6502531936350244,12.988318469132912,1.1927432240178757,45.484180057559456,8.537753739936361
PID_402,597.1170327493609,0.9760119588159712,2,6,4,33.19937687362259,5.949460124378126,1112,7.605482949010654,0.7228355513327014,13.745198475422653,0.5369757488753245,7.423042310805358,4.722507966639303
PID_291,429.0676322848134,1.9639571136704304,2,2,8,42.84512696452529,4.409831525428306,518,7.304364943151646,0.882784124294786,15.588290820686208,0.8283158924417247,14.345459490947588,5.8857828569840605
PID_422,383.09272613400833,3.0802844864344907,2,3,6,76.9580104691619,3.5994062436898364,417,6.9967827547147925,0.7320052873711048,14.784360454991118,0.918687592647502,21.55208137430036,6.323261921571031
PID_272,743.5172311724506,4.559422002414074,2,13,4,130.54066600050913,3.24308418311357,687,4.795744072376564,0.7414346134952572,16.48568941033052,0.8063907841915686,9.846589634532409,5.426879478912471
PID_372,389.4384460263136,4.258948330183798,4,5,5,42.28793485138372,0.921073193714181,345,5.202480884544933,0.5954622045465054,17.9999184919288,1.1288070899313438,22.157097276045768,6.068458124022292
PID_293,632.6009713546937,2.4075916963900803,0,2,8,50.85514354958264,2.575773030402222,527,5.510986064239411,0.6656997990959588,16.034233734572865,1.2003813498191531,13.268204287184256,5.301638544726363
PID_461,517.7925871339269,6.747584101709903,4,6,7,67.41729193029502,3.906755666381184,458,6.93034424816903,0.6404132732665134,17.69424207773431,1.130551500292417,46.76308066832202,8.326655725391836
PID_303,665.7308213265503,3.8188610459483225,1,4,7,50.639822166382565,3.232675602082654,318,6.905026793801429,0.6354065804795413,24.887713379782653,2.09349314882563,26.36933784407772,6.477540660910583
PID_496,389.42850769966617,5.040479394979599,2,8,4,29.034086398323915,1.595922113793263,1365,6.817363108559179,0.782854185234936,16.65954178150876,0.2852956100363855,34.36277827678661,8.126963631882651
PID_329,524.2095372009308,5.158850636535964,3,10,7,66.79504403606009,1.4946411131040087,489,4.1771730733763786,0.519835329328061,17.05214589436092,1.0720031435601856,21.54941196850862,6.601658453443022
PID_431,479.9292580406492,2.654078767912635,2,9,8,129.00435714978448,5.537473709681557,424,5.194876613878938,0.7898777325049842,20.27304243116351,1.1319086274543613,13.787611722821971,5.8392457863745095
PID_126,580.1741289398798,2.275674133187053,7,4,7,93.86956303294534,5.3549486830126,1093,7.7526506898281,0.5638599153481811,15.264536408576326,0.5308089011343823,17.64250663847657,5.851765418220431
PID_189,606.1511196726852,3.617214594454471,5,3,5,109.40741895685753,2.69735606041004,1452,7.336890978073896,0.7353884157420804,13.063475065799144,0.4174594488103892,26.539109123810235,6.469515328684393
PID_146,453.2004149065767,4.792454186746916,2,6,4,64.87933618676053,1.8662404765092488,952,5.479527203366079,0.5635669537530793,18.919302137756816,0.4760508559943032,26.260383087165383,6.830618109029359
PID_214,374.65821296538167,3.7085905979801264,3,7,7,58.93656582569477,1.6693503049938072,1480,5.25816681750266,0.7118347257330669,19.095428899803785,0.2531474411928254,19.50038802200145,6.933692813349573
PID_139,495.9972142939116,1.1345052767135044,2,5,15,93.0355421877195,3.2819455872303536,444,3.559583977905704,0.5537412839482705,15.460518915173743,1.1171108430043055,4.038366805838868,4.87604790439672
PID_168,382.2284630247894,2.2957633340737367,2,4,5,82.09734408101818,5.121638842772335,375,8.265557225265578,0.7536480941423274,20.27888261353261,1.0192759013994384,18.975763213452968,6.515901062992133
PID_259,651.3387247526623,3.389040704608433,2,6,8,78.61079443187407,1.9614282479336027,721,6.549265242117254,0.7345245465937128,14.75014257226463,0.9033824199066052,22.19572649081258,6.848590873129459
PID_199,463.6535331082737,3.386501593511255,2,5,14,121.9321291546988,3.0389833959062607,1362,8.760468866414241,0.5899312575734502,17.796848847369443,0.3404210962615813,29.667341776017565,7.096951757175948
PID_400,413.46784486878914,6.4588132651847125,2,5,7,59.8708124807902,2.9784772620565185,318,6.269994695633292,0.7078084508989512,19.54659719026101,1.300213348643991,40.49672491279409,8.140226990614277
PID_457,468.4680305864909,1.421018086401503,1,1,7,56.41510906692317,4.798809302617863,458,6.839107158667503,0.7447432648322458,15.294987046268446,1.0228559619792377,9.718494967304515,5.131510121518688
PID_343,315.2873710470303,4.258383862753812,0,6,5,101.28985740121796,3.1367990601413918,770,7.569558165714315,0.5576680946376336,16.370394329508642,0.4094641182428965,32.234084341054185,7.21723027465308
PID_435,352.8385961489348,5.733669662492434,5,4,5,97.92557237692708,1.1246812360143692,1415,8.466611223417091,0.5465997155741533,18.07804533316128,0.2493558983384698,48.54475191582453,8.563730231064262
PID_429,570.0413907944426,6.907174618134194,5,4,7,53.89836759950623,3.7030857944638345,1142,7.101225990181309,0.5428695269031121,13.901445275363356,0.4991605873856765,49.0494079170152,8.83812935847097
PID_479,384.3105721028604,2.893403865224058,1,2,9,81.97583442548802,3.005197298093848,1353,6.502888661525951,0.5286997299624403,12.557544853444522,0.2840432905416559,18.815483188380888,5.818353320809616
PID_136,345.30890173180603,4.2371441790803,2,5,7,35.16227334110112,1.759427912984805,357,6.533549193338437,0.5423907153986413,18.99894543053264,0.9672518255792886,27.683589933288744,6.709722401349308
PID_242,503.66527525272863,4.35464053579797,0,4,9,87.4504070145978,4.0720833477919,460,5.244997277351678,0.742478820915332,15.920297503986278,1.0949245114189754,22.840077754105607,6.653657640872681
PID_430,568.5704154662997,3.793222597329936,1,9,3,68.2929976607456,2.4245784214639885,589,6.04174055976122,0.7057849821263995,13.483231380007366,0.965314797056536,22.917666818491075,6.239838112767898
PID_364,521.8953310665066,3.351732198141041,2,4,9,73.85264317524386,3.200139467042853,844,6.561463381538108,0.4803997812808388,15.282350315042205,0.6183593969982306,21.99226808282467,6.157038874948427
PID_181,549.6047685805817,4.153963084250069,0,0,6,51.50170937632068,2.9733831962499946,331,8.158272650122115,0.5989833014593748,16.52559688789963,1.6604373673129356,33.88916341985424,7.155034500388568
PID_324,381.0809471302598,-4.325172164375119,2,11,9,109.86920635324178,2.441662284319222,607,5.983948167822389,0.5342163411276717,10.292101985313144,0.6166729672867445,-1.785425395810268,4.2620353550023
PID_410,307.81893332581564,4.523104235093947,4,8,5,86.55880798076676,1.8260179284025893,1376,7.7751855745685425,0.7361530196508848,17.147978692752282,0.2237056201495753,35.16797480097234,6.887333233655087
PID_236,600.1333651955487,3.689266855492951,3,7,4,104.84091769690356,3.4714775234679265,481,6.401794386483369,0.6050354263813917,16.225338611525725,1.2476785139200597,23.61792784573392,6.163871036639019
PID_419,417.7320161157865,3.166287654832602,3,6,4,77.37840394246757,1.3357456948742945,766,7.992270271498926,0.495557257717945,19.96529724332873,0.5453420575924105,25.30582669473266,6.9903307330629145
PID_140,424.9166983544953,6.570293293579336,5,3,7,109.74323972711562,3.914117566323655,967,7.312066992767542,0.667016506777058,14.343026048524155,0.4394174750305018,48.0424247247834,8.75245282589211
PID_370,582.8194141849058,2.487598971814172,3,5,3,33.30127095045779,1.7753167560342262,245,7.2310344354216225,0.7106492108131366,19.13135230052477,2.3788547517751257,17.987913826707697,6.114529315059688
PID_135,505.623000940066,2.895386016402454,6,6,4,80.14547467532466,1.402183539043949,885,7.6745919919946335,0.5546301566761564,14.866063376004565,0.571325424791035,22.220906335215517,5.880063315650908
PID_164,495.5887772081608,6.487329953307102,1,3,6,109.87750815712776,4.482813822896952,220,7.499791893543151,0.623508408331858,15.417522265978166,2.252676260037094,48.65362459455227,8.192331039999106
PID_132,666.5002344901084,2.251908042725215,4,5,7,30.474390587587852,2.912737215326954,1196,7.77657607484459,0.5597604515359755,15.842853746573986,0.5572744435536023,17.512134207807016,6.022793983163542
PID_164,385.6481769619857,2.674827075595192,0,8,6,83.23123235050691,0.5149676275741055,1388,9.058116751088678,0.7744047392118782,21.279759976284364,0.2778445078976842,24.22889593971435,6.907887926370523
PID_222,542.7840128081237,3.279461864853725,2,6,8,94.4285312286208,2.7846548104221607,467,8.440273653618714,0.6068641863128068,11.281528207117228,1.1622784000173956,27.67955557597219,7.200140187327921
PID_489,455.70131248970847,4.761101723194324,4,7,9,70.38897907726935,3.533554267855157,300,7.059709080997955,0.5778161802737599,16.485225536492603,1.519004374965695,33.61199307078998,7.594640779127841
PID_482,476.8592278863257,3.81170376102997,2,4,2,104.86355002250824,3.5663386271658943,860,5.969903769555616,0.6448674506150858,15.126694311771685,0.5544874742864252,22.755504651402138,6.368876362351798
PID_430,602.8468426412531,1.561061979271606,3,3,5,105.11671207741438,1.871464291246809,852,6.93970134762899,0.6292450670033092,14.914394516475085,0.7075667167150859,10.833303921283544,5.272325796267418
PID_275,500.7835756289624,2.701747155309216,0,8,6,64.54617143343808,2.041508341764533,232,4.188565129209773,0.7188493393866003,16.74903227781087,2.158549894952424,11.316443922669883,5.946052419601143
PID_446,503.82960790496327,2.588968350181683,0,1,7,70.32973747844659,2.9958016421445035,435,7.494783935001229,0.7716047225928888,18.318003213906763,1.1582289836895707,19.403758399168314,6.076431191869879
PID_173,323.79216507272776,8.097566740836955,2,5,6,50.96361113696874,4.046226824931709,397,5.227960166511667,0.77236232510225,16.594896259745667,1.4036542411359705,17.69229776012712,5.805828544985203
PID_255,413.5047270457115,4.138765487944744,5,6,3,87.94137221314054,1.2217970338960682,706,7.846977531169408,0.6118092639407525,18.705614102988104,0.5857007465236707,32.476799790681795,7.180480136130103
PID_115,366.0790332660994,4.127308633831958,1,5,3,85.06229976611777,1.2902812938649826,946,8.87634684042886,0.6805113633147655,14.247116422112375,0.386975722268604,36.63542295138905,8.078250814118633
PID_462,345.5190805978966,0.8359823689273966,1,5,6,80.05835618730362,4.444961777902012,531,4.758878788778109,0.798849991029045,14.854343343926914,0.6506950670393533,3.978338763281063,4.808985505049131
PID_125,253.36434106239983,5.095911481341284,2,5,7,82.51679201066635,4.261172910983061,685,6.439634724550896,0.8026998808375005,11.997386542773656,0.3698749504560581,32.815808528482926,2.914930544918184
PID_277,655.6207129940321,3.878853268994935,2,5,0,58.57012487715644,1.6691822983853837,319,5.222704576799083,0.5624093845306465,20.94871707027461,2.0552373448088783,20.25810472071193,5.956265353366649
PID_153,339.67916342783167,5.57679807139086,1,6,6,44.27838399698853,2.335007208487032,357,4.426028043276208,0.7092245216643345,14.439862592770329,0.951482250498128,24.683064655664616,7.015403962403017
PID_447,427.8746376414228,4.166297490936008,0,5,8,91.10501864729656,5.329494516843528,1260,6.372414018555348,0.6923205572771827,14.108355370394412,0.3395830457471609,26.549372536712585,6.94057090518282
PID_305,422.318670011108,5.151984436603643,3,5,6,75.04676449281901,3.856214747744252,1049,7.262200444518257,0.74263875444447,16.819988170880592,0.4025916777989589,37.41474366565412,13.748708114593096
PID_240,480.7406697809101,4.19981796717519,1,8,2,54.22254440314366,2.740777137292954,343,7.405280515182853,0.7743617567837788,18.32123838216913,1.401576296737347,31.10083015963729,7.702632425289378
PID_292,531.5737212539296,5.519338634304122,1,3,6,61.87435132451836,4.171039996587076,840,6.6847109750784135,0.5459023990705795,12.923756306646064,0.6328258586356306,36.895183543907066,7.245929871394741
PID_390,536.0473488359745,4.283375954026668,1,5,6,102.9635951830825,2.221019674498856,892,4.502921532063724,0.5809321694965425,18.5600624316839,0.600949942641227,19.28770581331068,6.068116837000903
PID_128,433.28782862135887,6.908652080670323,2,3,7,96.57364929143478,2.428106695068492,1148,4.708942380505356,0.6648030754849987,19.29185866268232,0.3774284221440408,32.53244457483499,7.436684311261249
PID_258,478.25799504883,4.833555683419839,2,7,8,78.96823452508092,3.649154242363364,953,4.787614090330564,0.4272758792444185,13.377272988949333,0.5018446957490346,23.1411992963382,6.663710977071714
PID_367,425.13088738164527,4.36061663150662,0,4,7,62.94907181990801,3.642545623285928,1074,5.303816134092129,0.48337175578542,17.20634197418518,0.3958388150667088,23.12790884477528,6.446877313625459
PID_168,610.7345576019993,1.585543375192496,3,4,2,113.05709853338666,3.067760828791669,1467,7.759773429654104,0.7162573141298979,15.128129459743388,0.4163153085221536,12.30345735438282,5.522585359185937
PID_337,499.0974951638251,1.5675385738046934,4,2,12,71.91508587778605,3.404914809572112,1489,7.154306414817853,0.7339110922571653,11.620866468915173,0.3351897213994796,11.214651274045346,5.881794183178854
PID_131,523.4877786049817,3.93907322321278,1,6,4,86.76484339402644,4.16409864731922,250,6.88710883745912,0.5150512295719736,10.752106642100538,2.093951114419927,27.12882600698732,6.886039948123464
PID_365,516.2881268667413,3.718281796652361,5,3,9,58.73642979568724,3.3595188607730937,308,5.464862982995799,0.7599167562127842,12.771141418132178,1.6762601521647444,20.3199005508726,6.359420692236077
PID_382,468.10215587037067,3.71147404941809,1,7,9,13.337793955616547,3.3120585465543884,279,4.855852992611525,0.5477525870211968,9.170534412701423,1.6777855049117227,18.022372369866847,6.566932330304711
PID_266,320.31680520441535,5.882940392065394,3,8,5,64.28121001899174,4.254681839022766,1206,8.137161592270516,0.5939704109951477,16.001837919677744,0.2656026577151039,47.870436607931374,8.750353758011988
PID_376,489.9687951752642,4.543103711825448,2,6,5,41.91029408950688,1.6910368880468711,537,9.136709609084347,0.5277256773951197,15.740671567541952,0.9124186129893188,41.50901933890234,13.400952360989324
PID_115,384.8643106208171,1.7884872353708925,1,7,9,85.43084509176235,3.2989500770865003,631,7.167918096887751,0.5884089016618937,9.953113105412276,0.6099275921090603,12.819730020467762,5.310324760330471
PID_384,397.1383318250243,3.3327367592855843,2,4,5,65.10606005203637,0.5356223226644494,1087,7.378105053212433,0.4631102029111376,12.6093145679357,0.3653526511729754,24.5892819247118,6.497698459432954
PID_349,508.6364018755093,2.2925502787211585,1,7,4,72.45886674931853,2.4605485352092726,301,6.309247832946356,0.6426167051001884,12.603645432940898,1.689821933141227,14.464267877942037,5.495793432235171
PID_201,573.8283071433635,2.9184501253871584,4,2,6,133.25892746319386,5.062035534406961,530,4.556657163609963,0.7087118687927999,15.158074413317223,1.082694919138422,13.29837667048379,5.110467324974494
PID_224,452.1271576736062,2.879576501555536,3,5,4,54.46531218309537,1.8515389369572224,575,5.487242251247369,0.5152575032541307,19.399007348213125,0.7863081003019238,15.80093384503462,5.665627010018292
PID_309,620.2214944635238,1.6172969420399077,5,7,5,85.48471586601354,1.6651372306404977,963,6.037692787384694,0.5695347971823581,13.919074654703872,0.6440513961199623,9.764742082013672,5.457332076545781
PID_182,474.0753179488568,3.308517977722715,1,5,7,56.25461487621311,3.655040559292351,623,5.76152764571566,0.7168800835364239,12.511747532058305,0.7609555665310703,19.062117794996688,6.023943869312774
PID_308,710.1683114180395,2.659088544729035,3,7,6,107.58700847735103,2.6422297876546006,1248,6.55730397028588,0.4185592908701097,10.324878503161877,0.5690451213285572,17.436451871693404,6.205802461646796
PID_113,506.5509645631544,-0.8941730350034023,3,9,6,121.1582206265627,1.5923989505582823,768,5.479797093761581,0.7211888848048997,13.8641745493553,0.6595715684416074,-4.899886798531616,3.731073693636268
PID_396,273.92372408441827,6.579458036752494,5,6,9,109.986966948104,4.249363636828111,615,9.101268944743554,0.468224340254698,12.3036383416217,0.4454044294055581,59.88141710313887,10.00023251300567
PID_467,525.3341621104532,5.133154481325008,2,5,7,56.15396472066944,3.312718144240696,501,4.861551182004497,0.6290059653776606,14.891556054883456,1.048571181857192,24.955093236097277,6.982418237149546
PID_173,488.11583848827775,2.935548912612506,0,7,7,62.4292305328474,1.4120701001579394,1323,7.564771452827061,0.5791081883517302,15.005231589232409,0.3689462120092802,22.2067566125086,6.181921944523774
PID_268,578.9752754082746,3.528228574610897,2,1,8,29.328627071023057,2.5340182187507763,318,6.185774347805735,0.6139297073191139,13.573242202608286,1.8206769666926876,21.82482581002328,6.3591448495986285
PID_271,517.3181351269958,1.7425184790236572,4,3,9,75.45745119356353,5.359174638043974,530,7.055357714314218,0.4970609243222565,13.636067458529231,0.9760719530698034,12.29409119331464,5.309345385205817
PID_428,436.1544016016226,6.043584316716298,1,3,9,77.24623657074594,2.428462180682022,861,7.10973784061315,0.8160137640513783,12.918615536894317,0.5065672492469485,42.96830010949403,8.529100363068377
PID_371,327.57017637106344,6.345933042159667,4,11,10,99.48620035482264,0.7671508656286732,558,6.688451876144787,0.5213436922389663,13.4625615103692,0.5870433268298628,42.44446776172202,8.660301487691944
PID_225,429.0976742713975,3.7350405923697862,2,4,3,124.08342474950904,3.364106833775811,1349,5.139955102880451,0.5292346394024274,19.30774605211624,0.3180857481626371,19.197940952216708,6.590909363602833
PID_123,391.9476550195277,3.762930168400886,2,5,4,83.46142596534952,4.399186234867338,752,6.702914326639212,0.6822701636075664,16.594050826334147,0.5212069880578826,25.2225985359172,6.785542734258428
PID_286,616.9904504351406,2.882264946554514,2,2,6,76.21543580661032,3.330022243799226,774,5.272241630261568,0.6371212324096155,17.770567797605853,0.7971452847999232,15.195997240668344,6.0818820604601385
PID_474,489.4671529822981,3.697891950157936,3,5,2,119.10703423577172,3.095852924467504,916,8.04945495084988,0.6264270530714201,19.27429317591871,0.5343527870985787,29.766014665906717,7.277670338693559
PID_471,330.4116937964816,2.818178421884834,4,2,5,82.39285517731774,2.79239773137081,1427,3.507711888898783,0.4812349162425369,16.765254328549627,0.2315428828286486,9.885357955483444,5.76719026457048
PID_426,494.4602668220141,3.172020083847446,2,1,4,93.74377865442816,3.18839301326812,1402,6.199850134682435,0.5741737405981772,15.615433322140923,0.352682073339525,19.666049144056977,6.267701970027213
PID_234,569.6631486645651,3.3629006637363283,0,6,3,91.84980318997154,3.5223658011854253,545,5.394417493777258,0.6473619288124699,13.227686106359087,1.0452534837881928,18.1408901702944,6.181091706268024
PID_365,436.5982833327082,3.578387735746225,2,7,4,60.82292807204317,3.901638218473073,1212,7.720071027205312,0.6311170156773971,17.646771785189337,0.3602296067101553,27.62540748284125,6.772124419430934
PID_265,451.4688194729197,1.9090924004050984,1,7,7,126.7922811810059,0.0645696344072535,1032,4.811637186587506,0.6386354792385993,14.666835067186296,0.4374697863109687,9.185859986420777,5.044162205149885
PID_387,371.510168691776,2.424475776308096,1,6,10,79.14981185495226,1.005391467231402,304,9.324326278746137,0.56848333290398,10.920360746802544,1.2220729233282106,22.60660319321301,6.25303667666129
PID_417,514.8280433843859,1.573123601450046,1,6,3,93.27818620637532,3.0560287437967344,512,6.742218364349434,0.7595890781208234,8.720903707179588,1.0055235222351286,10.606342835088022,5.471762219373573
PID_197,437.9051851392218,4.9667233245293,1,6,4,86.34522845599352,2.939035025547963,285,6.958068788114562,0.7402321751500952,21.442883456344443,1.5365094215411292,34.55880254360792,7.347990514810373
PID_351,491.9532443907028,0.3415295872395134,2,7,7,27.210027069074638,1.579922690237416,1474,4.772294797583104,0.7289334772981517,12.042191328987595,0.3337538971443031,1.6298798724038348,5.03381046909796
PID_187,361.25078221979,5.230385514975389,1,4,6,53.94600733208753,2.398143957682491,681,6.444119373999829,0.6611838865069581,12.941283848041696,0.5304710458440381,33.70522863054097,7.696894822462118
PID_219,406.254169967659,5.579524095894265,2,9,9,82.8493526397978,1.8082095130857223,1049,7.666009785821471,0.4901426438096323,18.68423376888697,0.387277569082611,42.77268631935213,8.014878673585775
PID_149,412.7166847908233,-0.4047056317409478,4,6,7,90.07573115132116,1.7300807497575896,1407,6.6682346884723005,0.6557329747937781,16.59423000718644,0.2933309771079057,-2.6986721321950853,4.753151005004948
PID_140,622.6963851233405,2.958034157049064,2,7,7,57.24587459787391,3.057636699644648,499,6.437768517585934,0.6191408478513656,20.46593049614628,1.2478885473413637,19.043139170194312,6.318197768359331
PID_146,410.03638143853976,3.403723758066771,2,4,4,80.42259226391586,4.030104770288396,727,4.846399890003895,0.6948459061892632,21.34149086322352,0.5640115288012927,16.49580644669844,5.822259161012143
PID_357,472.46847257518857,1.9841026701066296,2,6,9,37.31290306800538,1.7548627953596487,805,4.839549594723856,0.6724189703828016,13.657655146449745,0.586917357236259,9.60216327300506,5.8019418827744005
PID_269,543.259083187309,2.727172409287636,0,2,8,100.89774432844818,1.19135806299557,1126,7.903192551968852,0.54308020064381,14.963889321522236,0.4824681022977877,21.553368673016998,6.555197979519353
PID_103,308.16342670669684,5.795292798295026,1,6,6,91.27470835583316,1.886444916426366,1379,7.558744047131713,0.6179202138513956,13.81084838093524,0.2234687648344429,43.805134940497815,8.400068448526842
PID_100,273.9191188019224,4.497390743452612,0,4,1,92.44167316519012,1.7559744190039444,1264,7.73632540696074,0.4595907207584337,14.946149115941614,0.2167081636091158,34.79327827360249,7.902464522746408
PID_366,297.4343685429905,2.11315382843285,1,3,4,77.73315753524726,2.848394857277797,848,5.5126159474344565,0.6586026634598958,18.89481470072958,0.3507480761120171,11.649005494001104,5.872651693620237
PID_211,576.2584103427182,1.1036012456068516,1,3,2,62.57219657425057,0.7583777744769873,1481,6.310918686597297,0.783012776730114,10.802062577190371,0.3891008847688846,6.964737723452333,5.85297155827233
PID_110,394.8141854107553,3.0094740235853434,3,5,7,119.44889062639535,4.727300881172793,754,7.978160223201374,0.4704384862531525,16.943870388075723,0.5236262405978187,24.01006594772638,6.568960428501798
PID_464,705.8199285668252,3.1798148309743426,2,3,7,121.66229420979104,1.2924676419793406,1289,5.025613610288432,0.6628628069811476,14.413507100732303,0.5475717056375681,15.980520692741669,5.810467523622759
PID_113,393.5752401342612,4.244298781044974,2,4,6,78.21417528140873,1.1809999718190742,1431,7.85585888906392,0.7168478533794523,19.105503240084573,0.2750351084096863,33.34261230691532,7.880688512387833
PID_190,468.4551303197037,2.6970249311485115,3,3,10,65.71620058008064,2.873648413215339,444,5.796176488851328,0.7316356983724467,18.946259704227096,1.055079122341675,15.632432495768876,5.625376375808632
PID_319,604.2109952567876,4.267249363042792,1,6,6,36.78867403944616,2.652428102812634,1466,5.473720039478595,0.5753810239179122,13.778605502636834,0.4121493828491047,23.3577283519396,7.221863784399177
PID_442,94.74833957209908,-2.125915034631772,6,9,6,85.62899233660002,4.445540447120707,788,6.461700440232185,0.5397769270334997,14.667656844793882,0.8256463056039497,41.37253010967406,8.44290821103329
PID_348,656.1503576636399,4.723251533666394,2,5,3,63.2877880028898,2.471436598319824,930,5.159597709065844,0.5912948034877467,17.67828823029941,0.7055380189931612,24.37007779244686,6.777213423452196
PID_172,570.8366230593142,3.427867239003841,4,6,10,68.0093928871886,2.4579749689302584,1446,4.22372768660353,0.7690871029959452,17.949962981841548,0.3947694488653625,14.478377763381722,6.300059486720474
PID_414,552.4062525811462,3.225274293420058,2,4,6,104.10030878453036,3.5771783524523717,1244,6.591235623978749,0.4790444354676036,7.582532070820919,0.4440564731359696,21.25854281989317,6.550883486517221
PID_245,509.2526949201183,2.9649902987301933,0,3,3,55.9411917496836,3.936971277482773,346,7.1411189244576665,0.528403300494819,17.668651488457986,1.471828598035024,21.17334833309557,5.831046591700735
PID_160,527.8361076166638,5.270961368678217,3,9,8,127.97106055639986,0.4662762437795509,512,7.9583482071650655,0.6041230515474219,19.93944567662276,1.0309298976887964,41.94814595845661,7.7661770577014915
PID_379,394.88142836714667,2.5590298310730457,1,3,6,54.5736801317795,2.878561038207666,515,7.228369655805784,0.5524328782087864,15.766828098341476,0.7667600550818382,18.497613579230205,6.291167540794751
PID_126,368.1801116577693,3.5678340634999737,1,9,5,28.826221086514984,5.386088640118764,602,8.858476621799246,0.6458327264585961,17.850529267966703,0.6115948698634042,31.60557464197353,2.955201849874069
PID_390,449.6625542589048,3.576796852821628,2,4,3,63.548198349483215,2.051971964421995,325,8.13328997088378,0.7914525939428755,18.836268380604643,1.3835770900273994,29.09112597094281,7.321259561175816
PID_121,432.9815377475072,2.7473237107827018,1,8,6,88.91967857680523,2.98024344316003,1034,7.385694502023938,0.5296181553191757,15.664781128124346,0.4187442337983628,20.290893626007804,6.379187831576147
PID_110,404.67719506727246,1.4413016781738488,3,3,2,83.41541091908229,4.0236577779617,695,7.062342590427191,0.6353633823502234,17.44269242962613,0.5822693454205359,10.178966227421355,5.1633703220391
PID_223,519.6387447456715,3.9844617554265023,2,3,8,84.57505768917473,3.3835060892620903,1180,7.976122619687877,0.6491749030599524,15.038059492089726,0.4403718175810775,31.780555534738596,7.131991890591219
PID_223,545.5305208570511,3.4084940422169248,4,5,8,73.07343299502696,1.5390001900653298,943,3.8443734664057616,0.616541375143204,14.84349554518979,0.5785053243446989,13.103524056300865,6.014988683251863
PID_285,597.7530081055262,2.6995995403412496,2,3,6,49.01132193904273,1.312122038150771,244,4.269822743647147,0.586217447782311,15.519067340802629,2.44980741026855,11.52681151608845,5.018731150674607
PID_197,335.8310885866495,5.331231948219571,2,4,3,83.23674384034966,1.5173916245910084,1035,7.29571715886332,0.5865163648450205,20.660570505328508,0.3244744817262314,38.89516040250585,7.794146960787688
PID_175,430.63405407202816,2.1848393281822327,2,8,6,106.41901534632164,4.13062827784554,1163,5.608683347106922,0.7133503955637578,12.292515275826323,0.3702786363474017,12.254071956079963,5.943633536095584
PID_231,378.3177679397195,6.068060426026839,3,3,4,80.35391242392193,3.8274354032936935,1110,10.123583770805652,0.6919579297698505,16.8506187737541,0.3408268179637112,61.43051804919334,9.68649040303519
PID_293,263.346338292694,0.8785452352576075,3,3,4,60.98011895628008,4.943098060688861,1059,5.878489042195064,0.4948104250469202,15.96286523234733,0.2486745404085873,5.16451853853453,5.17575072283951
PID_466,441.73193141573006,4.152155096835337,0,2,4,83.64897977747553,3.908522214038452,1295,6.627635797859028,0.6112863641983222,19.424483306986705,0.3411057385449653,27.518971758048693,7.031895425679019
PID_420,437.8252491616717,4.213146023789935,2,7,4,116.59542701752903,2.6296082397991967,927,6.017280158974801,0.5999744791816244,19.988679930648548,0.4723033971539068,25.351679975814758,6.652157536194119
PID_245,601.3449743242131,2.3066643980886763,2,2,9,74.89940649794558,1.5829981166283833,297,5.913402514227347,0.8454695283717246,12.227167489339308,2.024730553280179,13.640235051136289,5.501290982959013
PID_414,513.0811684554777,4.136590906791519,3,6,7,49.08486501680201,4.476693377869667,1494,5.004173739402441,0.6792313180301622,13.27735364428109,0.3434278235980439,20.70021958641705,6.726729344302776
PID_453,635.4092566334189,0.1747717409689033,1,6,5,94.7400850420612,3.759761814197873,316,3.8846083972724177,0.5723202077398349,13.54740183696802,2.010788786814617,0.6789197725737218,4.476420746226465
PID_343,508.2097703468616,-0.2399062304951162,2,10,4,97.43064728081649,4.22357385790194,1266,5.990423880166423,0.6862367575391543,16.041193557511086,0.4014295184414388,-1.4371400121586548,4.298607314111302
PID_333,427.3515901150168,2.051502794715188,1,3,5,84.15226348166601,0.9715075814712516,270,8.820353871251175,0.6984920946162239,12.445839075467498,1.5827836670926547,18.094980617248712,5.630762868399301
PID_464,354.056076327652,5.943749547351418,2,6,9,59.15599134002396,1.3433380522619724,1367,5.007031779119305,0.6700482642691445,12.867625517087475,0.2590022504225691,29.76054287071453,6.674003101462136
PID_310,412.7793223928947,2.627326949911919,5,5,7,55.41819619947131,1.7538386074980858,957,8.271577424185935,0.6290234754363736,12.628229068459838,0.4313263556874552,21.73213828484672,6.631317739769008
PID_395,558.8748619704186,1.7391800533865411,4,7,3,71.54688696882006,3.236920091327218,995,8.386711202421825,0.6363999675809658,16.477873478098587,0.5616832783622298,14.586000836765493,5.952347825008482
PID_461,638.4586305934608,3.203093406522977,3,6,7,95.3813865017368,2.2512584120803654,1038,8.032451799800578,0.6371030773585882,14.808694974986002,0.6150853859281896,25.72869339815485,6.64633665554016
PID_267,604.324352827219,6.601859507245328,4,7,4,63.736194755900414,4.1538798332480935,925,6.781756772558621,0.4717090102714114,14.276095634468508,0.6533236246780746,44.77220542474152,8.04171393276687
PID_278,401.1150578213726,0.7524766291909608,0,4,4,67.73429253510119,2.7800215641864905,306,6.094153129736718,0.643870837835632,12.474360906490682,1.3108335222920673,4.5857078048378295,4.928108838620937
PID_332,338.0382566710989,1.9230351325409831,0,7,9,57.86520535592503,5.582469792974927,585,8.031281236324741,0.5922745944205627,10.187837784978756,0.5778431737967503,15.44443597676966,6.359939099403592
PID_492,464.0886246911204,5.746147524769439,0,2,2,119.01987194717968,4.856429702371907,655,5.5502442285947815,0.4847169779215269,19.89460118202925,0.7085322514368251,31.89252213600577,6.839616252745404
PID_250,273.15606344371486,6.286553515306599,1,6,11,74.44751121980737,2.966985487040868,974,6.824849114534865,0.8917882578036485,14.133816936555652,0.2804477037409803,42.90477919241628,3.4643945614492417
PID_240,482.3167714184781,3.344853163564574,2,7,8,96.79093615827512,1.1701446097508117,493,6.447502464773447,0.6811303605987119,23.1314773328491,0.9783301651490428,21.56594901638785,5.87502114654859
PID_356,435.2397413701331,1.6414209462100362,1,5,11,119.50738770171468,3.626837411533917,375,5.4302997647647775,0.6513103258278298,17.318374172702953,1.160639310320355,8.913407778084338,4.951411544450259
PID_431,403.3963498131758,6.643765252713738,1,4,8,56.20818450026345,1.4640504250145772,1330,6.833656366741165,0.612887200940421,20.48775849905272,0.3033055261753201,45.40120871834096,8.559603994022828
PID_237,290.52969327332045,5.891663587623795,0,5,5,98.9744592881067,1.6305990218362378,1309,7.390205901911615,0.7230222458648686,17.980461838542332,0.2219478176266772,43.54060701733513,8.678392890995978
PID_459,501.36001065697167,4.51842048164335,3,2,7,77.67135576501163,2.3271969962819776,1450,5.383006148673228,0.5337699740792986,15.475548473060904,0.3457655245910149,24.322685234977204,7.251229635356045
PID_323,396.7299160338089,2.28139647659387,3,8,6,115.14191158949586,2.3044614846941998,793,7.0521442245390205,0.6187295708057187,13.20702732582006,0.5002899319467956,16.08873698629513,6.330251607294646
PID_188,162.7737786718351,3.2594598784327538,2,6,4,85.35705325111445,3.192863428603641,1464,5.24101359072772,0.7221562853671353,18.35895305095781,0.1111842750490676,17.082873521297785,6.208927299313245
PID_366,447.2485094949364,3.996276956923367,1,5,4,95.85979947775232,1.5889425929419885,1225,5.951185132546453,0.5673258854147346,15.795102147121987,0.3651008240774991,23.78258401158032,6.463019129420362
PID_174,627.2251596669744,5.676502157197004,0,6,9,62.886390863782125,2.445146864007315,1474,6.928804684359339,0.7601327811633698,16.849503122350416,0.4255258885121943,39.3313747375625,8.384469986129366
PID_189,616.125921454787,4.819125561706105,1,8,12,74.80888737591269,1.168238059301005,241,7.543177699560866,0.640072461239621,17.44387051484621,2.55653909317339,36.35152046844522,7.821244014813311
PID_483,389.778793963822,5.564744675029306,4,0,10,107.34525801780728,0.5677898154858521,687,7.1799148813879965,0.6899858884370875,13.584427355095796,0.5673636011118224,39.95439310336753,8.113341809834713
PID_256,496.8774256075024,3.969698210019733,2,4,4,135.44935356573373,2.518314619583349,1115,6.30730171607669,0.755924483399552,18.0381074130468,0.4456299781233205,25.038084332364026,7.197582851733918
PID_257,350.16145608117085,4.530598693788375,1,7,6,119.42255449526766,2.024789070192809,461,6.985697771489958,0.5564823403971477,14.405439458093046,0.759569319048093,31.649393198712765,7.283425790093311
PID_494,480.1791899819466,5.699811288917904,5,7,4,115.9531418726154,3.454572741567358,908,6.92229087995445,0.7405623184946641,15.27170779415292,0.5288317070285755,39.45575170273783,7.926193130000764
PID_164,572.6933223884307,3.4462616319403057,2,3,1,83.31717137261249,1.7800221018968594,1192,6.073544148143274,0.6543126762113686,14.823109779453178,0.4804474181110996,20.93102216764173,6.511027958935705
PID_105,439.9845923520047,2.702818172961177,3,9,10,81.5989749474061,3.27571170614116,1007,7.220152606821462,0.5954078067696985,9.546456425010422,0.4369261095849103,19.514759677270067,6.523546282417827
PID_176,429.6326249823034,1.1482108619518163,1,7,7,100.01757923652082,3.3395133706579188,747,8.674505370369682,0.5095458616004963,18.12176251366064,0.5751440762815306,9.960161288317831,5.341103569736293
PID_190,362.2017413243439,4.02006496640738,1,8,8,43.97882614649167,1.5443475288688526,814,7.948182297571184,0.560647787500666,18.76478648974516,0.4449652841822407,31.95220920108523,7.554447605692808
PID_390,367.311964596014,7.267334827376636,2,4,10,98.13191416936374,3.5065160426288062,1146,5.14506073265912,0.5859344273720667,9.506651725198669,0.3205165485131012,37.39087905142157,8.036438079398094
PID_227,427.3521108098473,0.7398833832413709,1,2,9,27.86662648486612,5.748067092546805,1014,5.149301912928907,0.6303448317896134,11.870126383015386,0.4214517858085279,3.809882920669103,5.0914256554370105
PID_324,50.307070096773245,-3.8527788482595824,2,2,8,38.79070940217409,1.325834479934103,1368,6.618705605453114,0.6580025973539655,15.696104035511736,0.3957298703386878,29.524817291455083,7.612447822150886
PID_483,599.2688568959522,3.3303079212263893,3,9,6,109.36989837493644,1.141900556307424,326,7.988336332314018,0.6023142298998666,13.720849778851289,1.8382480272881967,26.603619764925934,6.430961419516594
PID_113,422.8876398957431,1.5511754548312635,1,4,5,71.6561384302176,2.4895157178054466,994,8.05413596701613,0.6210933934959139,11.907892047430096,0.4254402815852546,12.493378021909084,5.758489159820936
PID_273,447.8632705651564,3.849180114410245,1,3,3,90.95912843322223,2.193945790379916,778,6.506798701298612,0.6682096222330757,14.416747073080847,0.5756597308035429,25.045840169509027,5.923209891074996
PID_474,375.2788320852177,2.36485403447611,1,4,3,79.92006203882826,3.630726471909778,1370,6.226764108366951,0.7348847281837563,17.92326821749713,0.2739261548067282,14.725388223402623,6.38368125208104
PID_249,207.57597397270584,0.2151174425321702,3,2,8,43.03312155994255,0.692415679436976,1039,7.12009571874512,0.7353663007065379,14.952966121857004,0.1997843830343655,1.5316567816007047,4.7842500688321845
PID_287,538.404539636105,5.291888330770596,3,7,8,94.06846043986764,0.905364357221072,1304,7.775841584061812,0.6737483991802166,16.830852257679144,0.4128869168988535,41.14888534061745,8.442921608715453
PID_184,523.6843897092433,4.937578729763064,1,7,4,109.68141224832743,3.258118283467549,1465,7.162924171973057,0.6930253016605599,20.29712144551969,0.3574637472418043,35.36750203443987,8.227938737938134
PID_485,421.86724428817865,3.57749146527662,2,2,5,71.93825689623662,3.4509234623477028,782,5.98214503593115,0.6811866915845476,13.25856545866142,0.5394721793966479,21.401072810090582,6.38471644075395
PID_424,501.59392177041,5.111477019073342,2,4,9,58.07415100410619,4.624983621894586,266,5.167275537841131,0.740058300261788,18.013180682807032,1.885691435227105,26.412410162894783,6.451094425312
PID_405,397.0947322653705,4.856026332141972,2,6,6,80.25424020920337,1.994131567932592,778,7.247744117983625,0.4451854531696154,15.534158484197414,0.5104045401868516,35.19523628555557,7.409821357103618
PID_339,529.4264679621828,3.0537766986892247,2,6,5,79.62702735482712,2.9146788782245325,1036,7.381814231755349,0.5458510613245644,20.616973573879083,0.5110294092299061,22.542412294986985,6.597884041808492
PID_283,479.3557932166629,3.981178588899026,3,4,6,118.22938343332626,3.6450576422966856,774,8.276371520794319,0.6204566861502322,18.20503961401137,0.6193227302540865,32.949713092360014,7.255626829273351
PID_443,496.6429982433526,1.594908366931952,4,4,6,52.94362676004251,2.372859136584733,229,6.985714920117593,0.6226049983429796,20.39876105195097,2.1687467172198804,11.14157517509692,5.690212182296019
PID_125,446.4358517702517,3.930433781452563,3,6,6,62.046306123275706,2.6681370983227093,962,7.02711138725681,0.7061665328826358,10.063596333488684,0.4640705319857086,27.61959598250415,7.012262858434315
PID_460,288.48681840944903,2.2520676237583235,4,3,7,78.20120796928668,4.249893986481812,1030,6.411264309898397,0.6570712666006377,15.194868573030853,0.2800842897179116,14.43860077967943,6.6660217146541605
PID_224,566.4739354457172,2.5425759102072587,3,4,6,92.40449414353468,3.3607969872310526,1338,5.505986516066867,0.6431407990767748,10.56343591456233,0.4233736438308798,13.999388677677606,5.783678764088262
PID_341,376.5408423201951,2.2769365575258185,0,1,3,50.9581996201389,2.368547647116673,930,8.233555801684124,0.7113778335050446,12.897369551157318,0.4048826261507474,18.74728420328338,6.791660347011729
PID_441,368.9747562985619,1.9006476021511625,2,7,4,88.73284493634225,2.092877768973384,1377,5.793679386743079,0.6034322061381177,12.879543644114417,0.2679555238188539,11.01174283404585,5.921673184877768
PID_382,470.0569197230943,6.6871571045254425,2,2,4,102.22864797041356,3.070532350497103,734,3.868917368680474,0.6872077782697051,14.199131078598436,0.6404045227835071,25.872058268793516,6.282930589784464
PID_374,564.8637349428715,5.4970085929826045,1,9,2,67.49404770500658,2.697384357360005,568,6.5240867421322815,0.6325278338922184,11.43512594791404,0.9944784065895624,35.86296088286504,8.068822678241505
PID_136,348.4178181021603,6.380551253216392,1,6,7,129.27397920851607,2.509794610051344,501,6.214563599737089,0.6392573746787108,14.784781327321465,0.6954447467108988,39.65234156449546,8.21651786884011
PID_391,456.1679849847972,1.665657470666654,1,5,7,61.43433872070456,2.8072009208616846,1116,8.729236727376163,0.5681402500676725,16.381399513443533,0.4087526747175601,14.53991836817184,5.796174730281917
PID_320,492.8816500330573,3.6068806248663385,4,10,8,85.0375113036997,2.4754737625103123,506,7.087632745032501,0.6284044350613728,10.4042906021353,0.9740744071799552,25.56424522422595,6.829722187248042
PID_418,519.3105607263144,1.5597385621938562,1,7,6,27.78614368341108,0.9216546876338264,1286,6.133684703802522,0.5958757449752818,13.095202529911584,0.4038184764590314,9.566944560859394,5.626960791665994
PID_394,467.64415552772255,2.456457684204404,2,5,2,72.08079426319473,2.7309416858579207,1036,6.263773891528311,0.7629920178761095,22.62297639828907,0.4513939725171067,15.38669550796364,6.421314019393972
PID_346,413.2972160916678,2.1228095248751377,0,4,5,76.27897828077887,2.77389884263073,1499,6.249915790594699,0.4815928336141238,15.987711416597548,0.2757152875861693,13.267380769941951,5.589787824002887
PID_227,367.24097793512806,5.359376009662342,1,11,2,69.30374169681347,2.9596977365068664,710,9.16056004947606,0.7389259891444463,9.5467763874547,0.5172408139931381,49.09488576423328,9.1319517438181
PID_206,458.6143883046375,2.90565548284736,4,4,9,61.5726991292718,1.5959430694937928,1217,7.310580641765413,0.4755742319311018,10.798602405720636,0.3768400889931286,21.242028724543445,6.147504391427383
PID_495,342.7860988014393,5.102569000541024,0,3,8,67.0678726210544,1.8401203701792768,1086,4.811407793271187,0.7037215637609961,15.677712736118584,0.3156409749552848,24.55054025490705,6.328943900499941
PID_435,157.86495165053924,4.406181334382777,2,1,7,95.84104649762806,4.7670531191340775,1137,6.206672062278818,0.5662269765787572,15.301998115722713,0.1388434051455929,27.347722589447983,7.138561579199097
PID_260,213.70675644581613,5.388849859680199,2,7,5,67.71194806665156,1.843760186796766,1058,4.360453451303492,0.506764664411121,22.85618646260596,0.2019912631813007,23.49782896919886,6.026976718811295
PID_387,349.0269295290062,5.219661305601091,2,5,6,76.94832226980225,0.5306880908173195,657,7.214676058144214,0.7858618539843818,14.20684992045083,0.5312434239406487,37.65816545314196,7.316738729247823
PID_355,511.91542610051977,2.039931742959448,2,2,2,60.43422289910446,2.67532034511872,1452,5.534440405114515,0.7276646309855643,17.618870597780216,0.3525588334025618,11.289880661910448,5.815548372329772
PID_341,655.7495469711698,5.010700004709739,1,5,5,81.58139951379361,3.535354217505629,1450,7.998525942271978,0.7003175456998856,17.769498513963008,0.4522410668766688,40.07821397661317,8.035468199760636
PID_219,452.0793707675408,4.004217444539343,2,9,3,95.50521382818478,2.399525963324553,476,6.5098333191294016,0.5859630255612136,18.16761941843273,0.9497465772427328,26.0667881375014,7.161138000412465
PID_105,377.19970587708656,3.1587856100698883,2,11,6,104.47014593204908,0.4045456029414085,429,5.930877415685917,0.7311084613452465,13.079744034678289,0.8792533936528825,18.734370235757165,6.204923566890923
PID_460,431.710355889516,2.2640967695420007,3,6,5,113.08116240509972,0.1200735354823874,1380,3.5999196198252856,0.5216748378401758,20.81834765166161,0.3128335912242869,8.150566381857296,5.137205613764313
PID_244,385.40358208754645,6.574718143678889,1,3,5,60.7167355223072,2.7828939876314496,396,6.852232199174362,0.4937674130807798,16.265976243075333,0.9732413689079455,45.05149536461237,8.696781152881448
PID_179,401.7256477817968,4.673195002297189,3,3,7,105.27524550893324,3.077991802478091,302,5.4316503349037575,0.5745163115909467,14.580941483103723,1.3302173767609164,25.38316119929809,6.554765872837008
PID_210,462.26703159947954,2.330220580667542,0,7,6,87.67636840611885,2.4930211548971104,308,5.222936359192573,0.6109566765380363,11.442343278619449,1.5008669857125958,12.170593795707337,5.889133227052633
PID_350,529.1503367592436,8.020610329711113,1,6,5,44.62573457676671,0.7635979958081491,575,6.057623050036818,0.5850161717708968,9.086540942479052,1.0651614710381845,31.03306485558207,7.01624085437686
PID_367,482.3079273116029,1.475635682672702,0,6,8,63.90881424401279,3.934955615462977,325,7.183694122468475,0.4383685227833823,14.35985857195882,1.484024391728009,10.600515380520646,5.644742236734332
PID_464,424.7646497873712,2.877179348142093,1,3,2,57.57823982490812,3.183142880988387,946,8.240919968028049,0.6692123367610648,12.358717089230192,0.4490112577033522,23.7106047417021,6.540354779870749
PID_495,420.8188731084456,3.551041116608348,0,7,5,97.08531005388645,3.6887675074342408,584,6.240416351554664,0.6235325246548665,16.64251103395992,0.7205802621719959,22.159975049125663,6.411482304118205
PID_147,538.3109777147159,3.2313600724757654,5,4,5,124.61601601519304,2.372384976242488,882,6.371912949733618,0.7898021291372694,15.040440059090106,0.6103299067060272,20.589945091060493,6.377987231395013
PID_266,442.2162802987198,4.093729671643885,0,10,6,85.38880983488863,1.9103056894132784,1224,7.585364795548803,0.6257834635444636,19.44472437166316,0.3612878107015684,31.052432933781088,7.74019188404097
PID_308,431.95200864093744,4.5392836337267175,6,6,5,61.79438339357252,2.6729647311098077,1194,7.855273862315843,0.6558531732456175,14.981316963411093,0.3617688514580715,35.657316081651565,7.493449511731713
PID_204,769.3107567844861,4.601956318188995,0,2,5,88.53257626672257,4.321142484489029,751,4.849809021145543,0.7295850151783133,10.62554747116231,1.0243818332682904,22.318609266870716,6.431147820898361
PID_169,479.87529083656864,2.02129428699826,4,4,6,59.65791144534863,0.9205147842339708,948,6.637928144452411,0.5010139157772506,14.329067275036753,0.5061975641735956,13.41720623588662,6.123701572697975
PID_218,374.8208949904816,3.0737673531068044,2,3,12,53.44151404551638,2.824816612899761,1230,4.778881509246322,0.6477389946332098,18.51290330056503,0.304732434951611,14.689169967487118,6.107778751127883
PID_460,407.3642403794457,5.292144292815406,3,9,3,97.45697069492569,3.765957877039973,1386,7.561060605172727,0.7292547854016627,9.34723598111837,0.2939135933473634,40.01422372929625,8.243027784673629
PID_445,564.8445709196754,4.841970781360809,1,6,8,114.2231704355413,3.16957317504656,635,7.006860680699783,0.6408671097301089,14.717891018850072,0.8895190093223235,33.92701468501426,7.068153500909341
PID_100,461.3270410537765,1.4407108227784042,4,3,4,89.52471850334831,4.087767178980745,1001,5.394577242859125,0.5196657413314408,16.726386103676866,0.4608661748788975,7.772025818101225,5.372943201759993
PID_499,306.1722021682633,4.027219850528303,2,7,8,49.27827050345182,0.9579539283486208,524,8.340974684061397,0.6017524555054726,22.95672700358335,0.5842980957409605,33.590938820406095,7.696038456006191
PID_401,541.9228934575203,0.5326621259377848,1,5,5,59.59620510747933,4.104741301118493,356,6.902016176008865,0.6688986645743648,18.624772910782816,1.5222553187008998,3.6764426095698624,4.626884519771951
PID_162,383.1855914461006,3.570402353090554,0,7,5,118.22594125605522,2.0509435894191017,1337,6.770230976559954,0.4393122109850867,15.397849150093457,0.2866010407225883,24.172448609676223,6.855396527470871
PID_158,637.3297776217546,6.3466505251189655,3,7,10,99.85900404895924,0.2858348144042923,311,6.285066221184849,0.5147339004898757,16.56227767904084,2.049291889459018,39.88911883309029,7.7181360340175
PID_402,558.0048065714649,2.0781609240965206,4,2,7,51.81224747619101,2.4078304738276888,1186,6.490354478798412,0.847353689593511,9.306913919145224,0.4704930915442368,13.488001061373698,5.762960403023637
PID_371,405.2678104341249,2.248515431762627,2,7,6,62.16463554244723,1.793292514459704,1296,6.042220998292654,0.6984590227684913,11.850833442282113,0.3127066438534914,13.586027156781215,6.151476944173827
PID_145,578.1016361735112,4.646044672359289,4,3,4,84.6857188837606,2.6030997164536767,1153,5.610549804540495,0.7983470560716281,16.95286701333189,0.5013891033595067,26.066865028391817,7.225333935338273
PID_179,456.7855510527404,1.1857977271855311,3,7,3,76.40235799331873,0.976098153401558,1416,7.974956705126472,0.7366317701507883,15.483502189968954,0.322588665997698,9.456685535341984,5.5106792890687
PID_149,535.277367512222,2.5508674551724413,2,5,11,132.22523668969268,2.6521714398847136,1496,5.908708892401181,0.689398364317413,15.86622355979218,0.3578057269466724,15.072333215714176,6.093792657388762
PID_375,385.6450167682538,3.1460450191835427,2,7,7,87.43301559211216,3.0085571292962463,1072,8.209417377025769,0.7949964190862355,15.308791945436392,0.3597434857912815,25.827196649390743,7.0444652978643
PID_328,552.9960817581161,4.616278565472552,2,4,7,38.50686950069498,3.073900346147456,293,7.857399072436776,0.732553892316743,11.831894447205585,1.887358640812683,36.2719429184538,7.35636140112511
PID_474,416.5224667893459,4.132319125304842,1,3,8,20.169718396889387,2.526261664570247,918,6.026181956519015,0.666681030484678,14.313219082965205,0.4537281773304422,24.90210695149048,6.536011061370456
PID_432,409.6351536758003,3.900227594443103,0,3,5,70.38243728812235,4.297027389651404,881,7.9721425106704125,0.6327652930800356,11.267686105713477,0.4649661222199777,31.09317020694966,7.112241227529588
PID_171,354.4877420650647,2.991316581094942,3,2,8,90.46035352088953,3.382350960581737,867,6.629744204514006,0.6998323587470864,13.141210629785276,0.4088670612053803,19.83166376738084,5.974862063224634
PID_268,492.3599065593461,4.055091672903433,3,9,4,119.7456880211563,4.615734584678961,714,5.487889678390358,0.5967957392709429,18.5877150276136,0.68957970106351,22.253895736653444,6.539109846009689
PID_481,656.2524919243144,3.3144009798503653,3,10,5,60.434270053690696,4.065155375288321,1443,5.928644782395912,0.6998474410414453,14.457743068507307,0.4547834316869816,19.64990607595777,6.082883565682922
PID_154,452.4219456672758,2.754601962323033,3,7,6,72.74463970932604,3.6754822672254535,393,8.999414316282936,0.6146079112514576,15.34588366233765,1.1512008795604982,24.78980433539097,6.8499573584479005
PID_329,591.2220555415429,3.2261465384306884,3,4,4,123.18458234284716,3.7769429704407824,253,6.883780110503843,0.5472294533783499,13.845324999320177,2.336846069334161,22.20808337482,6.443301380160774
PID_146,442.0358608754285,2.01506331117198,0,4,3,79.00002833924101,3.933673792353132,1133,5.820155405980377,0.6060236955905672,11.97429388017473,0.3901463908874038,11.727981623910315,5.452832583154147
PID_482,495.2371796249734,3.447488584990646,1,5,5,69.00348029865259,3.2816876347520267,1175,6.350099038791264,0.5816272341513755,13.799833042771926,0.4214784507446582,21.891893949792955,6.641463383356382
PID_459,492.8307097207648,1.82893032475701,1,7,6,84.82093674164119,2.7649526954978527,1432,5.759883945292101,0.5605504242772212,16.74046033237278,0.3441555235480201,10.53442641462577,5.454121435822044
PID_405,431.28557349954514,3.887991721783082,2,4,6,114.90925103277468,2.9333302737375493,1303,5.6419426426438175,0.6884835295607891,15.36701059367186,0.3309943004601267,21.935826289374127,2.620772084837176
PID_452,548.5729995679862,3.8191096637864894,3,4,6,80.12692763627486,2.885193325565784,1231,6.404787503001612,0.5553117680646418,16.94844095383713,0.4456320061478361,24.4605858472124,7.042379646582456
PID_472,568.7386051564752,4.6743106024228585,1,4,7,90.75767629923048,4.176863301866169,290,6.644817243749512,0.6546896036676116,10.439489692320882,1.9611676039878452,31.059939693620574,6.936221013047803
PID_460,708.9563642018613,2.8533116456373517,1,8,6,38.648592359168326,2.028095054573999,545,6.322206631181853,0.678991540195439,17.599987672750505,1.3008373655080026,18.039225806876868,5.9722786263399055
PID_378,507.9633173213576,4.112079270255133,4,5,6,51.11580987018799,2.9633198473514866,1221,6.234412478574115,0.4648896326076299,11.61523097789414,0.4160223729085647,25.636398315364545,7.055198173057999
PID_160,482.5796316582167,4.326196358410495,5,3,8,70.58907970088514,2.716503500300058,550,7.412589948206833,0.5102298511677799,17.950513851474064,0.8774175121058485,32.068319640322635,7.355090010364334
PID_106,469.4384301577336,4.1671607117473926,1,11,9,82.5938558220863,3.620227036685144,409,6.224949290089464,0.5545326808762017,16.507217530238528,1.1477712228795445,25.94036411428064,6.750327528247699
PID_370,414.6833707189312,2.2615194757967867,1,7,1,60.958262961940136,4.9721764199561145,457,6.301981027239519,0.5196763125951465,9.3894313135651,0.9074034370217312,14.252052829204011,6.12270329967397
PID_434,483.8483843461691,3.724045223406783,5,5,3,87.08833039771928,3.5470446252939083,1264,6.288127674768672,0.6584085201945516,17.21088847255479,0.3827914433118426,23.41727183139428,7.196149986915126
PID_108,420.45985898609706,4.046210444081992,0,6,4,66.91731083439859,3.467479857990746,926,8.351945279541523,0.6742580208754866,17.985292019498736,0.4540603228791545,33.7937282184822,7.555863351257135
PID_264,581.759753560796,0.3702835124433727,1,1,3,74.83247307944157,0.9476815405926056,503,7.215555328329842,0.6624198436932555,12.69420514768193,1.156580026959833,2.671801171203468,4.854620338489754
PID_414,563.9878561129045,6.818796559095864,2,5,5,74.54357355319738,2.576186188677278,1064,6.919933797710315,0.6400523966431113,17.083348149146126,0.5300637745422035,47.18562076899827,8.942320734237944
PID_255,581.7115067339865,2.959941096864526,1,7,5,77.67460814807444,3.352401760957633,444,7.155479830146005,0.5871576710394084,17.208980602236238,1.3101610512026725,21.17979881703436,6.086033406877983
PID_463,438.1931473008921,2.4078843532170184,3,3,8,93.65877320303422,2.064495503747333,985,7.801111144163286,0.6987656732462146,16.228562285588907,0.4448661393917686,18.78417346173769,6.191659327667264
PID_489,237.8145100991405,4.060022839567098,3,4,9,83.44972009847024,4.48350437122753,790,6.0388781968489225,0.8134929256937677,13.720091269630132,0.30103102544195,24.5179834045704,6.583150830729425
PID_493,389.2178012905568,3.9685673156998575,3,2,9,66.95753081263305,1.3645874024622504,503,5.163244922209782,0.7274334215618579,17.963831262327442,0.773792845508065,20.490685041234997,6.510660123141975
PID_114,579.6994546561109,5.2891027481246216,1,5,9,88.375675196499,2.564787617208377,310,5.55921761208731,0.7893390848679118,17.98145990044355,1.869998240826164,29.403273149513787,7.091490951560691
PID_217,447.7131937701118,1.6131977661366683,0,2,7,76.03792360078762,2.330380367479628,1353,7.657449887764006,0.5097175216893708,14.537165081710192,0.3309040604361506,12.352981053244376,5.798741811667146
PID_187,350.0697767705089,4.5970703788624885,2,5,6,94.56560223059113,4.117237444431238,459,8.998101934984007,0.5824290897726858,12.649335587876816,0.762679252223331,41.36490787130022,7.9346899267266195
PID_103,399.5225078771783,4.385633091877195,1,7,9,108.69055300461326,2.522658812308473,865,7.501344094415263,0.7065235832798016,12.816289982405568,0.4618757316499171,32.89814289402515,7.448111199373621
PID_338,534.0620026504553,3.286780194589181,4,3,5,104.80081290777792,2.1063851258051143,730,4.985432684253978,0.8008294174883442,19.09445314599664,0.7315917844526785,16.386021408063552,5.927019326334959
PID_213,504.67335682013794,4.008030976882535,4,6,5,53.44603029947558,2.8968428336992624,760,7.460783457335405,0.7150440426906574,17.852035154755278,0.6640438905528131,29.90305120881308,7.107191259740281
PID_326,426.10679008303055,5.044186222397536,1,3,10,4.281997062534842,1.8532332536740728,1437,5.367450690774151,0.5473775914626137,14.939880651839912,0.2965252540591722,27.074420823801105,6.5742380039753385
PID_413,413.31755881853127,4.808473070042675,0,10,6,136.44051593876034,2.773274219981096,252,6.081028859442513,0.6065342665181119,14.402480377437008,1.6401490429306795,29.240463508781644,7.297993609332723
PID_242,410.8241850956178,1.785471031889407,2,5,11,93.11546288885243,2.6443052579118613,1101,6.724677292238353,0.6833404436588141,9.695439717432969,0.3731373161631406,12.006716504096076,5.616393127660639
PID_343,357.75898155014977,4.730237280133227,2,3,7,89.43311853874368,6.267071985700857,389,6.926442626565158,0.6335340478369254,14.746796686865723,0.9196888985865032,32.76371713088241,7.756688679951235
PID_101,611.5375689469442,3.402967092451222,4,7,8,62.20622793878052,2.245015562769626,343,6.57853051360546,0.5701227542281629,11.426654536337477,1.782908364276805,22.386522854485616,10.768383660625643
PID_459,417.767953078866,3.609311147023273,1,3,10,28.749083403990447,2.692748144571211,959,5.778665423540494,0.620974555665557,15.476998429475277,0.4356287310519979,20.85700152810267,6.009824734205481
PID_223,571.7158520825496,3.609795486502542,1,5,10,29.92564777662998,3.0617855181049407,1403,7.771949917609201,0.6485563981240421,18.55574174028432,0.4074952616411615,28.0551497339095,6.878494811442895
PID_424,602.1316051922452,3.27463551680261,2,4,5,71.56778784458832,3.12778605298639,1002,5.866920314123288,0.5415078694522422,12.058645341082675,0.6009297457008435,19.21202563487884,6.308547063277458
PID_300,549.8310898147961,5.287561245660598,6,7,5,83.82574480767906,4.0517974200012,917,8.005415294434387,0.7484509072536735,15.7157602811641,0.5995976988165715,42.32912366626989,8.139284956786165
PID_170,406.8379687281952,3.374423060226182,1,4,14,122.13060298009044,5.105505693868339,1291,4.8687441310524,0.606038517744096,17.99333928602978,0.3151339804246283,16.4292024701641,6.151996463410742
PID_167,490.37300903366094,1.820680807425247,0,4,9,86.0797092734004,1.83873591096047,1072,6.758636410333308,0.6427423773689206,15.660886185816754,0.4574375084269225,12.30531959665932,5.778728270539027
PID_246,447.5804393609084,2.9097052160454067,1,3,5,96.74351564155704,3.326375697702773,854,5.028618844122162,0.7535052703723987,13.428051114449229,0.5240988751298693,14.63179848024648,5.7990122822537575
PID_363,359.6298139269872,3.7680420752157135,1,6,5,66.68444737588942,2.6027057799910973,1331,5.499100841608836,0.6375001333894045,15.03115921581634,0.2701952020488258,20.72084334703624,6.24196227703921
PID_386,482.4359281721603,5.343822176445576,0,10,7,68.55502531048454,3.1964125477736074,384,5.884385349279898,0.7480358828441589,17.87174613668363,1.2563435629483342,31.445108924233367,7.204246079319018
PID_369,332.09602088401977,4.40464202742325,1,3,9,43.16709409941213,4.132448318890628,1374,8.32472654567717,0.5470799139083273,15.787733579692324,0.2417001607598397,36.66744040989564,7.891274662482353
PID_128,568.7679388461563,2.224197081879434,1,5,4,49.29281091012539,4.753200037778284,789,8.069629599322791,0.6932955914616283,14.989888252318972,0.7208719123525429,17.94844660666166,6.476327934112097
PID_236,403.5382702701607,7.2277848750183376,4,4,7,49.04680902760114,3.849571348384009,958,7.549098515068636,0.7339322355713954,18.46842937863488,0.4212299272131113,54.56326006723648,9.002358590609948
PID_425,478.3287871546142,5.413086106998522,1,2,7,38.40336608219568,4.031605660506656,1362,6.725670739245611,0.6321630407633595,11.39129271315016,0.3511958789681455,36.406634838856895,7.9814046475144815
PID_333,424.1095026295922,3.2724283496341564,1,3,3,59.71818169497661,1.790324392801092,879,8.019774994197627,0.634232441536942,16.894237985945985,0.4824909017401504,26.244139048699417,6.4939100512551935
PID_400,402.5096343377476,4.759202756777607,2,6,3,19.92471197056149,3.002135063166508,1281,6.521610108044908,0.6974801617339769,11.288050838737536,0.3142151712238467,31.037664804836037,7.52881432803124
PID_429,537.1297297457244,5.327292067631384,0,7,8,117.05510521326688,4.196531567393503,830,8.284005896019536,0.5588793801377689,8.193781512400134,0.647144252705692,44.13131889807649,7.9646201462496595
PID_153,315.40203197532514,5.086052458067337,5,4,8,124.53773617736404,2.4452577601495,287,7.477435443396217,0.6439945141698682,11.874201993664943,1.0989617838861503,38.03062891692516,7.255168280564531
PID_400,462.6379579546412,4.808295500109467,2,7,3,105.82389289211136,2.571505751452528,1345,6.7909038390068215,0.809131817357458,14.692500936949155,0.3439687419737109,32.652672370772606,7.617174688896732
PID_358,643.8928999058285,3.027369903208837,2,4,7,89.79700630032656,0.4211218975986619,1193,5.949227863701823,0.7553876791624804,18.029365035143805,0.5397258171884564,18.010513381902303,5.99063054005194
PID_175,349.96686753944255,2.642380937065908,1,5,8,88.15109849194938,5.6659750178444845,1467,5.840909296048385,0.7293843845243837,12.327143897450616,0.2385595552416104,15.433907379009302,6.421143429535079
PID_391,382.2255029475149,3.998911265486296,1,6,4,93.28626187823846,2.524077479960889,1290,6.0965895737596645,0.6307220402065368,16.665360799963402,0.2962988394941976,24.37972072755382,7.24011657017073
PID_238,501.3907849658915,4.899692108511604,1,9,8,82.15298366672639,-0.4894546783011577,493,7.048389062914382,0.8628830824727124,6.322856595654564,1.0170198478009969,34.5349362692811,7.689953483505437
PID_489,467.9581781939598,3.165918948835089,6,3,4,84.5499457130584,3.000534485572161,1353,7.502939379119368,0.7529814188506261,15.54092016108024,0.3458670940088394,23.753697952314987,6.89941511577603
PID_337,485.0630099273559,5.09775794857158,2,9,4,38.47255906795652,3.367450940865766,1054,4.766849785338756,0.6537418867929432,13.77977863834371,0.4602115843713054,24.30024638285737,6.5799323560271095
PID_216,498.9187130147664,5.6789251182292695,1,6,8,82.90398283819346,2.524015538198209,239,4.164081586818526,0.6720410715590701,21.295796344918195,2.0875259958776837,23.64750751773972,6.012292835616705
PID_140,513.472146856177,2.1255186213898707,0,2,8,92.46627662850454,1.7077734259191586,1435,5.358212232089441,0.6041150345260959,9.323741138302037,0.3578203113980328,11.38897987666509,5.5723605335197215
PID_427,560.9699841956224,2.2446189443055804,4,9,3,88.4574781864612,3.8773872927880464,1279,6.010788063949584,0.6893371691158305,14.956495551587311,0.4386004567596734,13.4919287585471,5.421374313673934
PID_304,490.9818656928513,3.2894374116419955,0,4,7,108.70195015465929,3.739781368410994,911,7.935136640787432,0.7093075033726914,9.305335945126766,0.5389482609142165,26.10213533269737,6.794279981616852
PID_206,425.87423453814574,3.9614190022837943,4,5,12,116.73285484141556,3.4312639039151867,490,6.163498198420174,0.7202608084547097,13.350876800512648,0.869131090894175,24.416198883763613,6.47326498444187
PID_492,517.2573701202731,2.713149479349424,1,5,6,66.8660611242828,1.882921939475072,1016,6.805728018766271,0.6319316107809553,9.896535103188118,0.5091115847640483,18.464957430709493,6.21931807251583
PID_439,639.9881934895216,5.528304018300717,3,4,5,51.64585896656728,2.069494904657996,906,7.001485414385206,0.5026300662372328,21.902366220272484,0.7063887345358958,38.70633995041959,7.801446825517334
PID_203,436.73662536174265,4.136100292277677,2,3,8,111.39591063689883,2.3794588365432854,1345,5.271714967794777,0.6741788346179824,13.933356395817036,0.3247112456221135,21.80434181910058,6.713902478409481
PID_237,352.54706953293584,3.559170572361109,2,5,6,96.63147566866824,2.302634144543409,1318,8.251866598253924,0.7206793505930607,14.366911520069948,0.2674863957002548,29.369800763554935,7.131593505645567
PID_140,560.7080669286972,1.3461357141972088,3,4,4,65.68186632768224,3.5504491070645883,998,5.702232936824096,0.5521446659644802,14.87179882468409,0.5618317303894762,7.675979406930552,5.10402849607819
PID_280,437.96188360464015,1.526276275358739,1,3,7,74.41589598661125,2.326194972820007,1043,8.371749747159537,0.6409167422004628,11.603169621637248,0.4199059286717547,12.777603022330126,5.387824040494995
PID_103,232.7330453985964,3.9215138754227095,1,5,6,72.40101715120818,1.6600557702474843,837,6.348588798243542,0.7841465825240393,18.165716200982327,0.2780562071667818,24.896079061665237,6.863608111127601
PID_109,534.7421677150421,0.3011065607677459,1,6,8,86.7706087238671,3.30783739213358,1113,6.094996042864272,0.5296524941929955,16.92058243645903,0.4804511839308554,1.8352432963598817,4.1054721762534125
PID_148,396.4671814046077,5.018956114466108,2,9,10,115.91632440153369,5.651939988610614,543,5.167052979612438,0.6216265650211537,17.753815088015344,0.7301421388666809,25.93321214579617,7.1485758729086
PID_173,440.94667176958393,3.2627692334415195,1,3,4,57.61033785655819,1.855800746720058,1226,6.7367423494382965,0.798713914793835,11.346114353891132,0.3596628644123849,21.98043567136981,6.73180820750886
PID_147,483.1980330569015,8.3646394543921,1,5,6,87.3160248815241,1.9485286574205412,1253,9.205258872843126,0.665771535411377,18.405945645732157,0.3856329074675989,76.99867155567657,11.252832371686091
PID_250,520.9451817139039,3.227826396128725,3,5,2,30.32624461033273,3.707582728762987,1478,6.824524246338686,0.6492968406889593,14.302820895027548,0.3524662934464844,22.0283795033525,6.666830217406453
PID_199,406.4513629430157,3.340494496203028,6,2,4,142.6209021685862,3.478859210563855,244,5.7000756490530105,0.7325917132278281,17.685063226630692,1.6657842743566216,19.04107133360248,5.826285227432886
PID_492,501.3105798176083,4.993372271003045,2,5,8,85.23595802295853,2.6581748756726578,1400,7.210380498334136,0.6296494464816244,15.818014869882862,0.3580789855840059,36.00411404376279,7.713176251277903
PID_374,424.04533224160826,6.054758914877056,0,7,5,108.91342157981538,2.276692777181688,1445,6.689141368547539,0.7097582114939075,10.218001403577071,0.2934569773298327,40.50113833408613,7.781841554694028
PID_299,523.8810480887503,1.0429564138459746,0,8,4,39.55350055028988,5.31914129652835,321,6.424598630310233,0.6734990158675745,14.45158229426388,1.6320281871923683,6.700576347868121,5.107842748299751
PID_317,511.5367484013053,0.8204368019679702,3,2,7,128.1797503054111,4.172730148051921,474,7.093753741194211,0.681707841034864,13.555469886661058,1.079191452323429,5.819976633373703,4.676187704570276
PID_225,356.45612979554045,2.566947791668428,3,3,2,71.18987920504938,4.882273066622175,1159,4.320984825416129,0.7161541511008133,15.256257864143684,0.3075549006001212,11.09174245543472,5.731257918792982
PID_278,558.5982116175032,4.374106374760797,4,6,8,22.41656544201472,3.64344984390062,1100,6.379370609125786,0.6205171917026707,18.06337886319992,0.507816556015912,27.90404564833877,6.492523713967858
PID_327,396.4036554885952,4.245310385761396,2,3,8,44.44281080075998,2.6878496638594807,511,5.063566585857555,0.5555489247127713,10.075975993408363,0.7757410087839436,21.496411815935453,6.970836555097288
PID_366,530.8057798281145,5.104657182475775,0,6,3,49.28389776739861,3.278493093879023,617,6.534678197983932,0.6974395605447106,13.66926627587869,0.8603011018283866,33.35729199850653,7.532501904229545
PID_358,486.72873134013406,1.7004537074520378,2,10,4,60.6651639784514,4.967982308540711,960,5.630960749239974,0.6367595887223231,12.53448770111598,0.507009095145973,9.575188082562018,5.471189396078628
PID_351,633.8183676795122,0.0257842055466852,3,2,1,47.75457165684956,3.4166352045757256,1326,5.712992179326555,0.6051888774086617,12.66332608406788,0.4779927358065703,0.1473049646383612,4.746060021662119
PID_309,427.6534017628148,4.787021292953218,2,6,5,100.2612841968322,0.7380168751075726,887,4.89987046065716,0.7026385289308047,12.530672853499295,0.4821346130358678,23.45578422787832,6.259244406037521
PID_470,448.05803941122673,0.4722682034170429,2,3,6,92.781893539519,4.596241957596728,1468,5.686704202078546,0.6345421616981216,16.569526358512018,0.3052166481002907,2.6856495768797832,4.97011120710075
PID_172,419.6820217165725,3.7175956189390726,2,4,3,90.75104591399624,4.284738863368321,1356,5.750913651639495,0.650844953855811,16.044974876668576,0.3095000160151714,21.37957139623189,6.533120924716613
PID_129,529.994190194205,4.689763532328016,1,5,4,73.87343234120607,1.1887603237806477,1055,8.336738085406902,0.5318232780873621,15.55700462267747,0.5023641613215213,39.097330251511366,7.540702990566554
PID_179,288.3689391563412,3.316914301818084,1,5,1,41.014910257438224,3.264257470354651,870,7.1815489193199005,0.6277305391588128,16.86523346347693,0.3314585507544151,23.820582319698385,6.930263254893377
PID_107,344.6317580853646,2.813227420726266,4,9,8,42.217478210059454,4.030458386366619,540,4.058432914385621,0.6721290446850849,22.140978400531164,0.6382069594173418,11.417294759927644,5.778208799875089
PID_268,343.2197078420807,3.2609566517811404,2,6,6,43.27961983426498,2.819148385337844,221,8.162432206066178,0.6479555901312263,15.407674242941662,1.5530303522266096,26.617337597084116,6.872912514218602
PID_104,545.0307591973576,2.9441258563988257,4,4,2,52.70085399285023,3.2571814727469603,1373,8.477468770039163,0.6137844167145897,18.06341520843982,0.3969634080097288,24.95873500268585,6.835770140183083
PID_337,439.55507814625287,2.427978984514352,1,4,6,42.60414032227512,1.8083247229007455,869,7.301827091613356,0.655800767857829,20.333382489091854,0.5058171209968387,17.728682726994784,6.193808555839401
PID_251,433.1178276809989,4.281919857520721,3,2,8,116.95419880578892,3.364009662294728,1169,5.177948288082786,0.908880311838165,16.681556594850218,0.3705028466047895,22.171559595957103,6.006816263041216
PID_433,457.0052163113181,3.98251781206475,2,5,4,53.64556901181996,1.6172395426562851,1390,6.44092939118217,0.6707719264856103,12.467051457078195,0.3287807311592217,25.65111602663436,6.730888432946295
PID_480,566.187830260819,3.7520897089502303,1,4,5,46.12092511389484,2.676767116429099,544,4.761865637140352,0.3753497147309555,15.914645763065636,1.0407864526853292,17.866947052518046,5.969687580443322
PID_168,357.26468658094257,2.0072772772199308,1,2,7,90.53925314808782,2.108181203093152,1483,5.460780733397516,0.5387968391264856,15.753416230252643,0.2409067340397455,10.96130108202922,5.877982051347167
PID_355,473.83689827347854,3.2277452567964997,1,5,7,111.6807489395306,3.8504724085994,399,5.166935931244728,0.7032119279269704,17.445547826363327,1.187561148555084,16.677552944246575,6.201123749102154
PID_426,547.519762978243,0.2344024303357179,1,11,5,39.392796533195394,3.60258516993519,204,5.747563453772577,0.585669020005887,12.379809991501736,2.683920406756093,1.347242842073045,4.38583093583663
PID_178,500.1094169939845,3.7677149958280847,0,4,7,77.7587084992187,3.4808549168093146,499,6.696744668253755,0.5918769732170455,18.798963221878857,1.0022232805490672,25.23142530981145,6.5653463154273775
PID_169,468.9581616598744,5.643286561720351,3,6,12,109.677761254324,3.1382985472981315,1459,5.966105661001384,0.5260770156047272,15.01571144742036,0.3214243739958015,33.66844390253282,7.813775413604739
PID_387,550.1046092567141,1.2888018019368417,4,2,6,102.77221953073968,3.32310924050284,937,5.914565893652026,0.6023267529349672,17.518137761795195,0.5870913652686383,7.622703181412917,5.110621412277932
PID_159,179.6767707000763,2.621108490023367,1,4,9,41.377498927134674,5.210589177222811,739,6.150926666331838,0.6693927755874285,15.9290194742209,0.2431350077132291,16.122246106633508,6.225211687699714
PID_227,517.7875319530908,3.9936601680651935,3,9,5,74.87698391849203,4.389195534872911,1375,8.299367215462258,0.688583571438792,15.367772334960009,0.3765727505113387,33.14485226853777,7.647826232734571
PID_482,384.5924316872576,5.379263951641225,0,2,6,39.77365621409157,1.646093623149269,1095,9.096506602820964,0.5480104348502228,15.701569231451312,0.3512259650111941,48.9325100544212,8.727618150640282
PID_269,266.9367103143543,2.827663075549776,3,5,6,89.35321631088675,2.1590439203004035,445,5.959164584216972,0.7305406113316486,17.01597603414367,0.599857775987313,16.850509655914262,5.994265242344705
PID_139,501.1202599524981,2.4616245061011552,1,4,5,84.13806462778422,2.5496403491343367,1228,6.903289042996349,0.5308630910195078,20.875964382214256,0.4080783875834675,16.993305480939405,5.920857121937822
PID_126,587.3658545162957,0.5466152863758751,2,5,7,94.12695113831695,2.5091804050176485,212,5.490466444932025,0.6937956108991248,8.947867845513137,2.770593653378753,3.001172888133652,4.495808367392517
PID_203,436.2551485372308,3.65515719396216,3,3,4,56.12428655071486,1.8076295993636269,1177,7.421181565827809,0.6837046774636698,16.620008846772166,0.3706500837189726,27.125585188034883,6.896437038586982
PID_104,545.2874547202939,6.563114060215616,2,4,3,62.52432980630637,3.504028259864616,485,5.928259925686708,0.5565641814965513,15.13190338800224,1.1243040303511214,38.90784607088722,2.9378169994792014
PID_226,611.2278257988646,3.9160376929470138,1,5,8,104.71239924946153,2.726727958481117,538,5.646674164292244,0.5446684473916044,14.468680298386186,1.1361112003696368,22.112588867158504,6.3087174129516415
PID_407,581.4914453584047,3.46658153122443,1,7,8,105.77442494500428,3.061030097979434,1437,8.901904718978836,0.6882290440604882,7.910165330617398,0.4046565381756469,30.85917849153163,7.319478155374323
PID_174,613.9964529371393,3.983123466150478,2,6,5,121.80666039651668,0.7488019390813738,1144,4.872716908410073,0.5940117481397309,16.74062304376505,0.536710186133863,19.40863306179637,6.381748377197862
PID_330,524.2127491071892,3.483361994077097,1,5,4,115.5270148265742,0.9125922483335088,312,3.5566071743744314,0.6309500654690104,14.625088089356058,1.6801690676512475,12.388950259077829,5.986670672262487
PID_444,457.5433638901593,2.280478441609805,2,7,3,38.78238198489273,2.1505667416224226,537,7.381796295378801,0.7187335817914792,12.49671459697088,0.8520360593857715,16.83402731196648,6.329198597772776
PID_352,425.39375118700514,3.838642284667632,3,9,5,79.13842314767588,3.3736323239721164,982,5.724804104895293,0.5584055484905429,14.12162930680536,0.4331911926547914,21.975475108489903,6.463398590303243
PID_421,365.6753404683808,3.526419877900486,5,5,6,98.18717180604682,4.009014857674433,958,9.777990800528771,0.6446420809703174,9.772820498945526,0.3817070359795206,34.48130112491275,7.471751002083758
PID_234,667.0942717497813,2.036950959082625,2,5,7,71.54753616929352,1.9591002799716457,1253,7.376271887099235,0.5565284798107162,15.264554157474375,0.5323976630086045,15.02510409488099,6.019884081474158
PID_278,432.4114187567664,5.455261897902139,2,8,6,57.12553176864586,3.622814038023845,556,6.429783082993429,0.7369938949956337,16.74022058910004,0.7777183790589323,35.0761506644298,7.698069071963173
PID_482,462.3204806784486,4.497054117999665,1,4,9,72.88219909860855,4.63627117579085,745,5.650482032326762,0.8036516864281701,13.35229975595782,0.620564403595233,25.41052349215818,6.831051015309535
PID_213,505.14853760404674,2.670618743949047,4,2,3,81.61435881564111,3.911925286470997,658,7.034945418598024,0.5654904684806608,15.785138498055373,0.7677029446870011,18.78765709756636,5.803498587903697
PID_356,454.3602446372454,5.002737280522906,2,5,6,87.25285606992404,1.24915737629019,670,4.420576844966781,0.6468832896033637,15.324335923680492,0.6781496188615603,22.11498458373164,6.619933183793023
PID_431,619.5051040430753,2.7536437424221893,2,3,6,104.34079074595978,4.129409032706065,1066,5.880678273233839,0.741746101133111,18.136476667712326,0.5811492533237105,16.193292928288486,6.3598388753918
PID_344,52.87616136402697,9.203296923314454,0,2,5,54.05684980327584,3.1915548512169307,1138,6.455481236242646,0.6524211008328301,14.688922818993978,0.3407162248036509,15.021871017977436,5.963343263421364
PID_276,469.46074552372426,2.3604453237795693,1,5,5,51.88112482193956,3.344978353410194,1450,6.756190198036323,0.7061505287380426,17.40327551748069,0.3237660313956719,15.9476175595202,6.001283183292613
PID_119,375.7529414301952,0.8433971703678633,1,8,3,39.25665355402614,5.794695073425814,772,6.3290823958470686,0.6551606331510943,14.059941732543423,0.486726608070201,5.337930183682475,5.203117140735385
PID_454,742.9852524179889,-0.6666623003443437,1,3,3,74.44720969126377,3.095904588925049,1414,5.668146507525324,0.5443196292112891,20.901965884485566,0.2248923259391297,23.84766972141508,6.812845858901827
PID_141,388.8230909094715,0.7532826824924745,2,4,7,58.13481029362268,3.5574534678039043,1225,7.604794574793846,0.6618925017177872,13.689475204080338,0.3174066048240583,5.728560057104926,5.262417529778922
PID_243,446.2963202951588,1.657334253101356,3,11,1,71.72244112762785,2.9125437119420523,1341,4.518015722961053,0.7627283639233051,12.945002627003095,0.3328085908241303,7.487862213713839,5.379179472429561
PID_341,407.069777548274,0.3866179863822001,3,4,9,80.61612305485258,2.508084817712032,507,6.166491353581887,0.6814292069807579,14.698523641668189,0.8028989695232229,2.384076470165077,4.67861411281444
PID_132,380.7579020126144,3.3708954608136605,4,7,4,35.43450141918195,3.237496614520837,763,5.878483325214813,0.8123674283789194,12.815943283468282,0.4990273945119455,19.81575275743541,6.694733785550657
PID_188,309.3682536328166,3.274519309592192,3,1,5,66.11240666280015,2.275445731577197,1238,7.714211720051199,0.4728496140978573,11.254030698318497,0.2498935812866047,25.26033523559005,6.691832459817055
PID_182,441.68944273713055,3.009955680220454,1,3,5,89.0672330141635,2.9746067867109525,623,5.9493402868047625,0.6879047449640207,17.182807062773623,0.7089718181976413,17.90725058983238,6.745744385949122
PID_371,299.5279625968998,1.936133457994136,3,2,9,81.72008916392517,2.437964457583873,1319,7.025196268132772,0.5851992014816821,5.812053858945905,0.2270871589059134,13.601717543707402,5.9245821883074665
PID_499,526.0055963689603,1.74164936984504,1,6,3,70.64764247653835,0.3059644468371343,809,6.899656155391295,0.5624368838874227,12.847399932001816,0.6501923317292463,12.0167817951847,5.617663696072146
PID_275,458.2439752934503,4.196554795319861,2,3,7,79.10975444603805,2.209914352158649,254,4.297857989471456,0.7834418608571729,10.97470825634474,1.804110138950592,18.03619655532022,6.342738292699948
PID_188,304.244850053507,2.6741721024372684,0,5,5,73.20191864698194,3.9466546599013874,612,6.421223138108449,0.6244995022310621,15.426508200581583,0.4971321079305669,17.171455779454305,5.924801402125472
PID_410,419.07909229501365,3.974537482304217,1,8,4,55.091318848752366,3.423702013407292,1468,4.408717013870297,0.6148454738666699,8.432652990806396,0.2854762209094098,17.522611020499816,6.468759000822131
PID_335,374.78435944094167,2.1721269708136663,1,8,6,50.87298235491216,2.518884090929133,1181,6.921542262145079,0.6843575885118884,16.64355253483476,0.3173449275537186,15.03446862723196,5.985005966015549
PID_255,481.91745104191807,3.771594114156624,4,2,5,147.18281036651,2.9182952667672617,237,5.623614159227397,0.4347481546953698,16.96826978048257,2.033406966421595,21.209990063229903,6.203764498415558
PID_300,584.0450446023144,5.454917055974096,1,6,4,95.71638910034665,1.8334419581118813,969,7.924003492219277,0.785486593988367,10.102145864294776,0.6027296641922749,43.22478180130523,8.094954375508472
PID_250,461.5026079147417,2.88137927267528,2,3,4,95.0938163300204,2.808019340368303,382,5.5759324373549175,0.7415113445022232,16.548177851460586,1.208122010248015,16.066376150832212,5.323945173527117
PID_385,433.986720443336,3.885798455533891,1,4,9,114.82475771284923,2.541086321737441,1436,7.9398306394339,0.6911989740571398,17.820901123248564,0.3022191646541337,30.85258163591292,7.105040338672738
PID_195,517.1340076450466,3.1390022382046805,3,8,5,94.33232640413038,1.8957175698357929,325,5.453731802349976,0.6283424572858535,10.593211990150616,1.591181561984759,17.119276334144622,5.884886437448238
PID_443,471.3196628237689,3.511820277042092,4,6,6,27.377598422474264,2.7199686905079967,339,7.573634073617168,0.5424787681217818,10.171216072490266,1.3903234891556604,26.59724171062567,6.534282523966116
PID_302,374.8030668261181,3.0115834217772446,0,5,9,59.04311618387296,1.464792543922858,820,7.06103440882176,0.7694063815732765,19.507947665010278,0.4570769107635586,21.2648941662063,6.404603398572773
PID_343,418.0946064333382,3.2534971911719133,2,2,6,85.90659842390833,4.689052004610265,231,6.061482052880475,0.7416341623268872,12.534330884041143,1.8099333611832824,19.72101483338559,6.18300762624856
PID_224,370.3974143196511,3.818140029611263,2,6,7,85.22465711318881,3.8747143702743214,434,4.896826633383629,0.6950116254917386,13.417787474974338,0.8534502634093343,18.69676978698859,6.400675908671874
PID_125,557.6007138598599,2.009961950627074,5,5,4,83.28540285551205,0.1940553277591772,272,7.989995050180811,0.6833628889448342,16.899283571258632,2.050002624484779,16.059586036562088,5.948325310373887
PID_494,452.13116486719423,1.9761817595150328,2,8,3,52.106287240525546,3.8063024488812975,671,7.100556868831232,0.6800592413865307,11.492396930191555,0.6738169372089333,14.031990966583454,6.087493178207367
PID_375,640.1190685753007,1.4171861692531835,2,3,6,65.96673558442481,2.352576674426808,827,5.573662375087797,0.5974063280210672,14.202451760741624,0.774025475907256,7.898917230061276,5.50527363745567
PID_399,443.9339186185379,1.0995933432444351,4,5,8,86.18898887118267,2.1439799668491277,867,6.793526821513508,0.9001168827931811,17.675232878259173,0.5120345082105396,7.470116870088779,5.480669188945203
PID_261,298.6285607387173,3.7391937602061938,4,7,4,99.38666497766812,2.628320236274132,818,6.634422553036265,0.6073295806521561,13.499987011813474,0.3650715901451311,24.80739141288445,6.928656797482241
PID_199,269.6860323744055,2.160818726762174,3,9,10,53.129515698960674,2.335436732196234,491,6.786078599183716,0.762060631204515,11.619829140032714,0.5492587217401333,14.663485718396194,6.119838307258913
PID_103,291.586405699451,4.270421696346644,6,6,5,92.14739131840012,1.20563591633581,828,7.738404492564833,0.6470794227575652,12.678193743324794,0.3521574948061002,33.046250440155205,6.881803647536485
PID_312,479.4431679310897,2.4130731200540563,0,13,1,65.67773693636713,3.898692087817703,412,8.344715329163812,0.648100548474716,18.556945740392017,1.157069575488224,29.641018179095703,6.995516467707617
PID_189,994.0485321620567,9.81017414796793,3,3,6,71.09804968348226,4.043819367650914,366,6.356480990045839,0.7914569372079804,19.2151909018982,1.3685041047076325,3.47854404784425,4.233082412462395
PID_445,539.5038314076115,4.716197968387565,1,5,13,36.71390870674179,1.400961993898126,1444,4.936908423708745,0.7229418546774293,16.596629053882417,0.3736176117781243,23.28343747801064,6.561500625215733
PID_496,401.69389483165605,2.00920598774772,2,6,4,83.17822558506582,3.1631074542855635,601,5.67080862459213,0.5082289505807283,16.514564703702277,0.6683758649445192,11.39382264390192,5.46213562264406
PID_140,611.2220628255425,2.2152526438862017,1,7,9,49.59824203542037,2.7681427343549867,1168,4.481037324679178,0.5494392064405123,15.714451512550529,0.5233065606383069,9.926629780848302,4.978792074916867
PID_190,539.6839315865532,3.646505565122503,2,4,7,126.44404638672452,3.857884571365711,378,8.717390003757858,0.6045005993255078,11.11407482957822,1.4277352687474951,31.788011162046303,7.385957262392951
PID_237,360.8807774584712,0.8103403211981348,2,6,5,94.72575888384964,3.1649131925654217,203,5.871442883798011,0.6463790197924415,14.739595360767684,1.7777378199924692,4.757866912353383,5.033204293248871
PID_149,234.81845986706952,2.925774215580547,2,4,1,46.91998856867761,4.576557959621184,535,6.460979789129626,0.7154218306028772,11.817087019057915,0.4389130090973262,18.9033680744225,6.1214413626972926
PID_371,428.8869761172306,2.903480459578094,1,7,8,53.4948856795236,0.9183135113643024,1092,7.888786277490491,0.7345633839282623,12.864306517629151,0.392753641132995,22.90493680648145,6.716658368287884
PID_422,457.6851882958768,3.903942128871101,2,8,5,78.75251826537423,1.0937420833865328,329,4.29389341430204,0.6475421131224128,14.902319919137208,1.3911403899570722,16.763111396975905,6.078556492444806
PID_292,384.999741917654,3.77375154589882,3,8,7,71.84524645672647,2.8010006700474723,985,7.99122664672507,0.3985687152217401,13.309517633565784,0.3908626821499025,30.15690391170658,7.3674028047184015
PID_388,466.8654671966728,2.4948271993186504,7,3,5,63.00518667635594,0.6145891692734806,686,4.539257490029877,0.6234671200236295,8.80305962034135,0.6805619055345083,11.324663050837446,5.345246619370045
PID_237,494.1940649569409,5.257576872074239,1,3,2,78.81973155423539,4.655415755586958,522,6.321549319737632,0.5039317902329057,12.319432558094832,0.9467319252048676,33.23603149912921,7.150881772786598
PID_144,591.0932379746271,4.231340445630078,1,6,6,88.09597259695212,2.060940900074533,576,7.057003400413263,0.6550555751583816,15.422907845998395,1.0262035381503942,29.86058391311763,7.297281283890775
PID_286,440.1411867715738,5.272836639439943,2,6,6,92.11169622161668,3.929890747912066,978,6.584223199734035,0.6165250561479141,14.697071685245444,0.4500421132633679,34.71753332980812,6.9937300247148935
PID_457,451.8849622944848,4.221362139123343,4,4,5,100.27491152375217,3.31383757639065,1379,7.094916214805838,0.7814017007131084,14.1550631564476,0.3276903279872986,29.950210689433664,7.37665308669862
PID_386,520.8214423256557,3.196213659402755,2,3,6,94.04109653065244,4.110249598078735,1495,5.767011253274854,0.8268991996973352,13.276100903983531,0.3483755467061242,18.43260014164649,6.364020051293632
PID_222,473.3216131263501,2.707554430005531,0,7,11,83.30559996978167,0.1840016498805607,292,8.819355026399597,0.5533165787267968,16.031587634136795,1.620964428514898,23.878883771519774,6.440109232424137
PID_187,545.3136633913246,5.054131476569384,2,7,6,73.58742501836835,2.456760243316582,320,4.567258576529798,0.601223483463214,10.908324664879082,1.7041051980978892,23.08352533327073,6.558685314841339
PID_237,478.7124165201824,1.3655376121074907,2,7,9,41.67716509760738,2.9606432700781724,651,7.894484893194529,0.5468911761767915,17.406188133994466,0.7353493341323847,10.780216049871516,5.416617969313769
PID_319,486.15035252061017,2.903663351762418,1,4,6,107.36183032109128,1.7864052051975172,1099,7.240531077637219,0.6659043604723748,21.20129475808184,0.4423570086629755,21.02406473743204,6.216113479575261
PID_228,335.6273792679338,5.356480636267998,3,4,3,60.824061831279536,2.391244877770184,786,7.453455221100487,0.6532331169962348,14.05405338072085,0.427006843852333,39.92428856511537,7.587014027407765
PID_349,460.85597057765233,4.069651454061344,0,7,9,63.29637050580865,2.968954636248479,1254,7.166754324155892,0.6812466410727336,13.55947282987986,0.3675087484670273,29.166192156201447,7.042672438904718
PID_463,429.188314272746,3.0345384419226447,1,4,12,120.81224740934218,1.468859626885421,906,6.156476372613462,0.564352997416347,13.589392172333609,0.4737177861730088,18.68206421948403,6.24745682617794
PID_429,437.1462488561069,2.5785152838555585,2,3,7,59.12810984178993,3.7739789877135967,800,4.758092399529402,0.6551054753790797,16.821684175274196,0.5464328110701336,12.268813974183532,6.222644045225362
PID_460,261.8150954502361,2.435316511649697,0,3,6,143.78735536695714,2.091893503594701,809,6.1418051287862925,0.6232991634962565,14.873171395828583,0.3236280537085736,14.957239441468053,5.744428200244628
PID_216,395.1275092259039,4.968334337835168,0,3,6,90.4373029286616,3.2504197606363623,328,6.887022793770131,0.6847024077274682,17.961244997884478,1.2046570403228776,34.21703183174164,7.361210372821077
PID_434,459.28449011411146,1.4423853061047414,0,6,1,103.08639853668475,2.568390995698516,652,7.228553930428044,0.4868021431479776,16.39326440080134,0.7044240645921955,10.426359973635083,5.366721287763692
PID_443,465.98563919974,5.91317128360156,3,5,2,71.19651676336352,3.1299468492151727,1006,6.969721213993114,0.6686358582713292,15.094477378451852,0.4632064007949702,41.21315533729268,7.819995442698099
PID_162,347.23248590740417,4.742344535276934,3,5,5,86.45386372701729,3.054511926471738,635,4.393892310283839,0.5810753994196625,16.118863006795973,0.546822812452605,20.837351186269903,6.263217188002421
PID_173,576.5707840864701,5.136292505905547,0,4,3,90.64568821927242,4.332413515702411,706,5.825391281095127,0.6651304937413556,18.58904066449116,0.8166724987060483,29.92091358105641,6.769401807219815
PID_484,363.3825151785499,2.8055907319621127,2,8,9,57.511630866348895,2.517231002035215,851,5.705300612758967,0.7405089609370751,16.970087889152985,0.4270064808208577,16.00673852221432,5.3220125467090735
PID_481,546.9457200526737,3.275088921381336,3,7,6,121.33744778876653,2.4371603065793828,1106,4.92779848010797,0.5943752248884797,15.84167098032164,0.4945259674978966,16.1389782090014,5.861773461577865
PID_119,492.71943618716847,1.3502722782129322,5,4,9,79.02032448122459,4.082061447897006,308,5.496879918675488,0.7696720515770181,16.268227665025776,1.5997384291791183,7.4222845708528675,5.107052750826803
PID_128,385.3772690156197,2.7130063893997955,3,3,4,67.49754592280746,4.4803543997878,725,6.501535016443412,0.4759237414990399,11.54194549304454,0.5315548538146478,17.63870604051748,6.289834981065308
PID_261,627.5310892609511,4.240482271464726,1,4,8,51.0296494646422,2.324475161728185,1149,8.196546224934114,0.8043828830521387,22.71508855876489,0.5461541246831603,34.75730895407424,7.509189520880144
PID_293,330.636316824352,5.444094592672094,3,7,4,94.05882284307076,3.630812333592136,591,5.356322804949205,0.7738494052347915,16.584377161893432,0.55945231273156,29.16032801903019,7.041163600822882
PID_293,541.9154173610002,1.8392647747963224,2,9,7,86.39718705815555,1.7753443986162734,872,5.1453626779931625,0.5613410364089538,16.88374407766501,0.621462634588303,9.463684327184495,5.743679498008958
PID_229,550.0582318042979,2.951741094522101,0,8,7,55.60882965634556,3.637804088418066,1336,5.780633067626535,0.5621774587884941,14.91392283586614,0.4117202333864505,17.062932178066603,5.7075026436332905
PID_409,382.9379790923355,3.2730511696512163,2,3,7,83.50223863565395,3.904125614813331,1051,6.904959664503333,0.5005044046910784,8.107295688946643,0.3643558316768178,22.600286306297104,6.504794819585826
PID_444,589.2465300064329,1.4063161967112725,4,5,7,92.19756844438456,2.469753801509736,805,7.968449468430252,0.7421378792120641,14.203969244207824,0.7319832670887365,11.206159550128792,5.866344834754687
PID_373,424.9953485401047,4.387023862637601,3,6,14,70.12552143608339,4.133006757860419,546,6.396189310772036,0.6169589187317803,15.227841408183949,0.778379759230961,28.06023513630447,6.833193080926471
PID_336,478.8693629279857,2.4140145023860864,2,7,5,89.33850255952572,2.484752341906101,1021,4.764945504857587,0.6096230099941194,12.53148653434146,0.4690199441018469,11.502647551805609,5.155256810641456
PID_308,476.03218387712207,3.206914473234464,3,6,5,80.11831214081613,2.8288414242225097,1484,5.020300606063939,0.5377185037261409,12.50534037559758,0.3207764042298666,16.099674673574196,6.587380230099742
PID_385,436.5691258529452,2.822075942132184,3,5,6,74.50960554627545,3.269353798697616,917,6.725937666391933,0.8311973894435428,13.98224411232215,0.4760841067098639,18.98110687660536,6.524979634792501
PID_363,531.0808273159782,2.3159922414204885,1,8,7,56.0001347630585,1.6478967352000906,506,7.694305273611267,0.5527239070350127,17.314586530644146,1.049566852403119,17.819951316804442,6.403985948431423
PID_269,529.3488720552212,3.489432521779168,1,7,6,84.97626499113633,1.1693343015533917,1109,8.678890309809539,0.6524166138725237,18.767262825122454,0.4773208945493429,30.284402100003483,7.108027523852425
PID_337,275.1468026761819,3.176585632147966,5,4,7,28.14907265931577,3.135743099047162,1257,5.081118998116717,0.6715969709725694,15.512888864819075,0.2188916489070659,16.140609604651633,6.234264264533733
PID_256,580.4340242878152,2.9422131765820017,2,6,4,115.95255351078634,1.9096800890630412,368,6.667729257541183,0.6101328817157695,13.297863822297186,1.577266370347324,19.617880879418998,5.360952776824836
PID_150,283.7508011964326,2.407307567479486,4,9,9,109.68165608431242,1.3351357931357597,1369,5.264185955305761,0.5899109284374913,13.912846379562666,0.2072686641317988,12.672514686826784,5.62972092163931
PID_438,553.2546204341658,3.979287006174433,4,6,12,54.38727911140917,3.722796719681238,731,5.421647989298448,0.6130738555626538,15.298602006780133,0.7568462659838109,21.574293395867056,6.837279444509119
PID_219,562.6705136827584,5.9804259027384274,2,5,8,44.02725123128355,4.620205714971768,737,5.32002592127019,0.7065333332752995,15.654090373027625,0.763460669854489,31.81602082280411,6.9098835389227125
PID_456,340.9033569784802,3.709830849258691,2,4,7,109.23065745705529,3.8287180360186746,1469,6.098886602270559,0.6152942844988127,16.304877558522296,0.2320649128512458,22.62583766323384,6.36087364572198
PID_237,408.9185712045416,4.994177322366694,3,3,4,75.84694314338223,1.3784999688872923,1127,5.441265096833035,0.8125545687299529,13.681920348250596,0.3628381288416518,27.17464275158896,7.154293780664852
PID_243,339.4295331514064,1.414667112269806,4,0,4,81.49595343007122,3.013914150107951,889,9.47461526832016,0.5722961314196404,16.587873397514397,0.3818104984830218,13.403426621501897,5.53074732654696
PID_220,428.50789697112646,3.736642158940654,1,6,5,80.59711117151154,2.4286321545776777,1304,5.948389060057194,0.7254106752670343,16.35071170427503,0.3286103504379804,22.22700133959108,6.498313641130297
PID_140,527.966053226934,1.284612608702148,1,4,6,99.636469876793,2.9021515485587037,904,5.708566790438242,0.5723074965164011,9.841526933271028,0.5840332447200598,7.333296876615318,5.294138559327272
PID_333,581.0308746119608,2.3909428888114457,6,4,6,91.22191356020598,2.7189626639191355,390,9.179888635841872,0.5683707833920786,12.34518995540418,1.489822755415284,21.94858945394713,6.213658596919715
PID_153,589.5683810789956,5.287849001620359,2,8,4,80.46931803353266,2.5207833376486546,482,6.906877977702595,0.539608646683634,19.70278597838221,1.2231709151016503,36.52252781870831,7.309297573742182
PID_399,393.7831973421698,4.925023743004468,2,3,8,23.277554915158557,3.9857334313669,1170,7.504318075433627,0.6783472507255605,9.919285220854531,0.3365668353351878,36.95894469656821,7.905403601327859
PID_415,429.0778126255472,3.8645070830816,1,4,6,92.59024846669814,4.359841272181161,688,5.790706988472874,0.6389812806407854,18.952566725919667,0.6236596113743419,22.378228173003546,6.618599350647488
PID_424,281.656180777905,1.200949160165104,4,2,6,89.45508479909523,2.412081243612254,1258,7.671728726122851,0.4221172282147095,9.814257299901255,0.223892035594519,9.21335617065174,5.40337584910694
PID_434,369.4129933503812,3.2055790229180947,2,5,5,77.63995249991599,2.584732264149652,1005,6.901866830981501,0.8495535439252513,12.680549318731556,0.3675751177615733,22.12447953236849,6.71255913542676
PID_122,546.4851633097458,3.952550013352604,3,7,8,104.13130289282246,2.502960078813936,241,6.045226944949754,0.6676016194343763,13.875843041264346,2.267573291741684,23.89406184198067,6.565266332890952
PID_322,611.5582823548232,3.7633043443678966,1,9,5,108.22386289534818,3.4179167570124527,369,5.204130276284443,0.6501177354515746,20.34690924885932,1.6573395185767563,19.584726077397743,6.368172502451338
PID_193,326.5651128120078,0.7343096247788816,4,8,5,88.39215330393128,3.1977237489936754,1206,6.21494778683651,0.7810118848596985,15.078392873100542,0.2707836756318472,4.563695977372259,5.126968494065952
PID_426,390.7535740847106,2.164523227970192,4,10,7,42.19795069721229,1.9484982053961055,1067,6.112227825653039,0.7488860889391501,14.357984517714913,0.3662170328816406,13.230059103271744,5.824175026290106
PID_375,447.3594243041073,3.403883353776925,0,6,5,48.36678659445487,2.645491788318908,765,7.542833931903711,0.6201826706101502,12.193961900318982,0.5847835611818396,25.674926861110794,6.668515202844649
PID_138,478.0161158819607,4.304436364275785,8,14,4,62.5572120028498,1.0036752601175785,1411,6.221301361282805,0.4547486940298832,16.56588284026775,0.3387782536371089,26.779195812624145,7.260767212496936
PID_358,369.03964800783535,0.2058082683500801,3,3,8,73.78534226140195,0.9142604600962648,584,4.194147556058618,0.7064385645285466,13.461844666287083,0.6319172054928688,0.8631902457171449,4.37828009372015
PID_358,492.40610444640896,3.2568140367802125,2,6,4,101.03846198313325,1.3830363020234588,797,7.275416058203818,0.5537153825251347,14.312988322669293,0.6178244723292459,23.69467714177436,6.41195460923888
PID_362,402.6160652929084,3.714573154818429,3,8,5,88.23617509895372,2.498295384592838,1287,8.05179989832595,0.7739264458589424,13.924936485044364,0.3128329955655853,29.90899975029132,7.052172150763497
PID_484,448.5547729121721,4.774417982774319,0,4,6,75.85610738412937,3.533450676465748,280,4.500719017965871,0.5723836337402307,17.15958652375764,1.601981331829186,21.48831381479063,5.832429579069455
PID_283,504.62842480036994,4.539286376356155,2,6,3,95.72446697547566,1.8610288886833168,979,8.665676736075266,0.6048133104810026,17.285362657441755,0.5154529364661593,39.33598834997292,7.957863230769276
PID_292,450.64222698109376,4.373856978213208,2,8,5,60.61517782869479,2.6486693382444395,1408,8.175982163784022,0.5156818905360661,12.328834541506993,0.3200583998445268,35.76057664081347,7.566306369621541
PID_169,406.36141094734313,2.3000892399470985,1,9,8,95.6731039483194,3.0624597013529207,660,5.7429432018404345,0.5237704638997166,13.118226025778345,0.6156991074959745,13.209281864180522,5.755935453611098
PID_266,439.0390196074169,0.6379967943150389,3,6,4,85.69348520767991,4.643179873164772,437,5.159408471818825,0.6390924619301094,12.822364123967668,1.004665948758391,3.291686065582264,4.809700132065248
PID_207,441.16370407946647,2.9104208644078984,2,9,1,93.08027493498976,2.8670077336098845,498,7.76357294831026,0.6297740471507066,15.55005611326225,0.8858708917258363,22.595264691114924,6.72018263157573
PID_358,412.9988970117872,5.00244773781284,2,1,7,101.15620565518154,2.9205147290032536,936,4.856420984554319,0.6024117386479151,17.720084557374665,0.441238137833106,24.29399216805056,6.913714700043728
PID_357,609.8647170504717,4.565823653446678,3,6,4,30.22329242694505,5.004032597303233,1313,4.921844310192457,0.7103646366119909,8.428056916521951,0.4644818865578611,22.472273170058667,7.19076921198334
PID_351,506.0919447941239,4.144011234202601,3,7,3,63.52224642106356,3.717488903338533,728,6.507089371377087,0.6510243322926254,17.27925955880086,0.6951812428490712,26.96545145694699,6.894021863687006
PID_451,420.451968197084,4.069459472578949,3,4,7,99.54121484201656,1.466658231337397,287,8.258222172046553,0.3742674249730267,10.95302739633867,1.4649894362267732,33.606500444696344,7.399853741746122
PID_375,519.6954404510735,2.665821879858829,1,13,10,65.87846616554188,4.59765348108824,223,6.949900201221593,0.7325768228694317,12.85427882863812,2.3304728271348587,18.5271960192518,6.045613844655913
PID_382,416.618051024399,3.30490955966957,2,3,7,63.388899308419056,3.660148030001908,531,7.721689398467389,0.9494536298114112,15.595294095151264,0.7845914331909586,25.519485109794047,6.848729438343031
PID_183,567.3124637586641,6.0036042887394965,3,5,7,81.55610918394196,3.080752683789329,1281,6.077837029358379,0.6312049744477957,14.748342428292322,0.4428668725672631,36.48892845571569,7.971925435079291
PID_374,486.96421921980937,2.086162991312185,0,4,3,107.33461379442156,3.5923758574185145,663,6.616763395234215,0.5689487476867818,17.618205602082384,0.7344860018398331,13.803646917406782,5.998743869165645
PID_282,439.2697855995771,5.922168186064777,3,4,7,91.45032852862016,4.16299774068396,1201,5.028274682420564,0.6663324654741102,13.167742103103215,0.3657533601994813,29.778288355026035,7.46987882321367
PID_418,494.77169258102776,3.0169577682619124,1,8,7,123.51950292037276,1.8963780080830943,388,6.383736885754021,0.5068591267347787,12.100158651329872,1.2751847746933704,19.259464588015703,6.012340202211945
PID_312,292.91238479315007,5.4881481636426175,1,3,5,90.03775599843097,2.332445079642118,421,5.604835868412149,0.6962060544266623,14.06507182474275,0.6957538831191213,30.76016967874441,7.202057764364543
PID_142,337.32325310901945,1.3897774857536929,0,2,4,89.07154636035509,2.7538901093131805,1162,6.307675641948474,0.8000218963937245,17.931058006928442,0.2902953985447671,8.76626559461696,5.262131030357816
PID_232,330.6074993600945,4.378856301746974,2,4,6,74.1575024733844,1.3119927655768795,552,6.225185512858436,0.5829068899465637,16.889018613246463,0.5989266292755335,27.25919281252413,7.131285351269012
PID_474,464.2943094763707,2.394844796078567,3,5,4,41.21528452404916,3.67525808205764,1274,6.122672146383182,0.5861359217234063,15.26144402376725,0.3644382334979362,14.662849527860953,6.127534065400557
PID_303,623.2514999485091,1.3770992121137189,2,5,8,83.68245171164618,2.4694605839855925,1311,9.029068399916207,0.642030417126966,18.97788956400857,0.4754016017913876,12.433922979645486,5.5239783946771945
PID_211,673.1300146192632,3.8278010636164175,4,6,6,81.03789275038811,2.337187861477401,421,8.621053583254312,0.5998780768102262,18.43456872841547,1.598883645176397,32.99967807547499,7.6177701237277
PID_288,513.8051101440757,5.014207682893954,1,7,4,96.5890915380919,2.028442453665108,687,8.199370857850091,0.4987682792124207,17.365446708428298,0.7478968124367914,41.11334835032872,8.303338896061309
PID_289,500.0844474944457,2.232587842109756,2,6,5,87.62169012027314,2.7591340007638387,1059,8.654070760996708,0.6114762307415449,11.466048529954248,0.472223274310147,19.32097316575877,6.724083200397844
PID_173,269.8942265847261,1.251476059312398,1,4,6,86.73104562496695,2.986916889638813,1078,8.20316317913344,0.5912990780691966,17.349717111923614,0.2503657018411188,10.26606232931848,5.296325904641082
PID_290,395.7326200265978,3.3622328534975674,2,10,8,108.3890937300397,3.9952607328317526,366,6.4731471990677925,0.7866554863334274,14.392925260625464,1.0812366667393385,21.76422817823149,6.399930436011498
PID_249,371.2216248091761,3.3688470068342284,4,7,6,73.4717956196639,4.028975763505585,300,6.350108473952974,0.7655374718786678,13.815167307872748,1.237405416030587,21.39254392554915,6.291319077103148
PID_393,387.9152401748884,4.322479441331748,0,5,7,100.965074807343,1.439593143218486,724,6.782480300624695,0.7897312975246931,12.95234558616838,0.5357945306282988,29.317131660687817,7.836605046785181
PID_191,433.18561814152105,4.924391857046732,3,2,7,112.21240653742984,3.3526603214171677,1370,6.247178097541504,0.7301725001696708,14.48485030834697,0.3161938818551248,30.76355295305408,7.212246770822016
PID_202,252.0700189624212,6.283254972191394,2,4,6,69.79729406234569,2.532855638448557,1369,6.855926306656417,0.562559197255563,15.509262899853216,0.1841271139243398,43.07753305527672,8.587250705457599
PID_301,524.7910256117534,3.8363521168029378,1,3,7,60.79748840825615,2.5960623384887933,687,4.620654699736003,0.7826115627652132,14.481170516963989,0.7638879557667444,17.72645843834766,6.251664486807099
PID_339,342.72569742601934,2.9803602409896506,2,2,8,46.06262101612291,2.323880811620106,280,6.665169968547632,0.6847789436744237,15.661615477935188,1.224020347950069,19.8646075736976,2.504391525320621
PID_160,473.924686411115,1.0826489613457584,3,2,2,126.09610330805938,3.445861374100782,779,5.306272537908627,0.5251969652264948,16.659814613964205,0.6083757206817907,5.7448304517842965,5.155828515007482
PID_198,657.4082669749973,3.1060107195257483,3,6,2,159.62736205399614,3.144808188995873,1021,6.402753355555159,0.5586131807812088,14.116904485434551,0.643886647380017,19.88702055683378,6.606269788317644
PID_335,196.97124772536705,4.940457194422206,1,7,6,71.73423589710973,2.666563175329684,1362,6.076575834316618,0.4447971039383412,8.980792106808533,0.1446191246148069,30.02106279810165,6.995222821041412
PID_331,421.3995778119889,4.193725436100281,3,1,5,123.44708795544928,4.311998329451776,1085,4.531386964555214,0.6888522184949131,17.311961149702505,0.3883867076608193,19.00339277406844,6.512126698642348
PID_328,560.0959634998571,1.7309463175510742,5,8,3,95.0256145747674,3.5170112311280337,801,5.07437739986058,0.5262124628167453,15.236295789241458,0.699245897003567,8.783474874153065,4.8282504474186885
PID_343,645.8347454220594,3.758381579616556,1,4,7,61.14557779491198,4.211607607416028,1362,7.04989234601606,0.5744054719169249,14.471470858765151,0.4741811640396912,26.49618553154651,6.968931294459817
PID_318,327.0450405547583,4.50729675759358,3,3,5,58.04446047278939,2.084988910015704,271,5.831069367383735,0.6538839628647768,18.515749147581925,1.2068082677297354,26.28236005291196,7.171398367136693
PID_407,499.66992232365214,5.79204703908175,1,10,5,100.47188487652798,4.681179700553768,444,7.173019703341276,0.6312107076112747,11.134436419844029,1.1253827079361536,41.54646753401288,8.181807194501346
PID_155,439.4051645695864,4.641269981467216,2,7,5,108.05810457999893,2.1896370767269326,841,6.262601730667427,0.8018929013061759,12.107824078588203,0.5224793871219815,29.066425418431365,6.886469614225053
PID_384,714.4343347017035,3.5901289919227453,0,3,6,97.59417624638807,2.3276103119221405,1433,6.917172305745833,0.4973345508247651,16.968017562528647,0.4985585029321029,24.833540836983214,7.007985618674568
PID_317,675.4175086551863,6.716406781324372,2,5,9,49.48446421895084,2.199628876774748,393,5.6901235137262285,0.5016633851649593,8.32157616267266,0.7626029698740069,23.22974720712504,6.584929795694647
PID_428,475.3739661494574,5.374257351059239,2,5,7,60.65930180395475,5.072263769418212,737,6.980473901687702,0.6957843907588537,17.412046988207596,0.6450121657387481,37.514863180022296,7.520594372099849
PID_278,496.7693171765433,1.5008339037805254,1,9,5,58.0540844898996,3.4261848699402697,531,5.99659150102357,0.5873867035649367,17.28798056149882,0.935535437243961,8.999887831858324,5.67741925095158
PID_226,558.5786324939347,2.975841009174566,4,2,6,85.42548256990395,3.395055794717602,492,9.543542670847325,0.5834752223531482,12.230962700593771,1.13532242376816,28.40006565271483,7.073636583211007
PID_334,459.7983153470896,2.341146876865639,5,7,6,76.91852422902457,0.5301825739312931,929,5.1392772594367,0.5420963968854039,15.199019127208311,0.4949389831507961,12.031802905276828,5.32462464851447
PID_323,410.8351432578209,5.345333263476181,1,6,3,72.22554676869402,1.553846076655793,1301,6.119711603656935,0.6725631874613129,16.282789381836206,0.3157841224118531,32.71189799790858,7.364667541432481
PID_430,476.9126941245107,2.604538569918389,2,4,3,96.85066888172084,2.7563753544590988,1244,4.877761326726956,0.6619123108673448,17.460687323138004,0.3833703328975166,12.70431751031665,6.013618064061264
PID_128,415.6807724502589,-0.0854565512041567,3,5,6,75.47730119902319,1.9549703866327608,444,7.370975106918231,0.5917043078678993,11.985061002487193,0.9362179559690516,-0.6298981116489225,5.084000252684003
PID_286,512.1571889856051,2.881668882463295,0,6,8,62.97401320711022,3.087592635139357,253,5.985531102703301,0.5748970396588695,11.10975402936954,2.024336715358123,17.248318723676313,6.117415371587938
PID_363,413.03896639563663,4.87021059802611,1,10,2,47.36889472786745,4.640873451844497,1316,3.6442661339898392,0.633690616142815,18.289311452100712,0.3138593969571707,17.748343547784955,6.382296309099526
PID_380,487.7100393902186,4.30644485442482,5,7,6,57.42732442453556,1.6462933581211745,375,7.3341542858544,0.7466539809236512,20.82351177453438,1.300560105040583,31.584130985875422,6.8427173361312805
PID_311,447.0737186315022,4.142279371715864,3,2,5,106.70456101945912,1.9372686758059292,389,5.736597462376573,0.8068159398136567,16.483341169806277,1.1492897651195428,23.76258933224005,7.27324418375929
PID_248,562.6050250772169,3.0800100471882805,0,7,2,63.29516640126302,2.967497774363536,1006,6.37411829249628,0.7611355313029832,16.705324465476362,0.5592495279097583,19.63234838285515,6.586180050053659
PID_103,444.8606276411514,1.5814538956703204,4,5,5,125.34364563443714,4.683999249436928,1415,7.3121870958270305,0.7005737341895967,14.003878262523454,0.3143891361421564,11.563886768565904,5.201973587864471
PID_270,576.1921500713992,2.248577284948063,2,4,2,59.58760293538373,1.9405275635823809,267,6.052524032712096,0.5318064130112755,16.052163855718707,2.1580230339752777,13.609568056558668,5.521192393006863
PID_182,384.623366135118,4.3557608125317735,4,3,6,27.28108063845022,2.808983124081826,1378,3.915505102238092,0.7024398505700865,19.049581566043518,0.2791171016945704,17.055003685596898,6.120748534908697
PID_253,390.4338705956508,2.6290275461690733,1,7,11,69.0058425845395,1.570013366514465,653,4.956841416044666,0.6381839132951568,15.530234268103488,0.5979079182169231,13.031672624773144,5.839539321436726
PID_391,587.4438093170818,2.5829221289170574,1,6,3,128.7131510611453,2.3136034962246192,425,5.189526878089467,0.6837506379486346,15.916800030444872,1.3822207278048984,13.404143812027137,5.875639104212646
PID_268,236.4325786021305,3.360583690079617,3,3,9,120.83031039947204,0.4384502637875389,1456,8.646827289090812,0.747946519102391,14.51411084898046,0.1623850127761885,29.05838675865393,7.0613386662834055
PID_430,763.7748533659994,3.1407471169673755,2,5,3,120.21006305782568,2.763503434885692,303,5.726464032749542,0.7324028284430826,14.81898217369767,2.5207090870165,17.985375401275494,6.030215642713767
PID_448,555.6056809066051,5.175250663294931,2,4,3,95.23148018140132,1.3048728130494804,665,6.788250649814804,0.5409036489933803,18.656130813426905,0.8354972645212108,35.13089867806632,8.51662015529949
PID_405,472.323891412916,3.7796242546160697,1,7,7,75.55210101370692,5.762742229420638,627,5.931106156493212,0.6511844306098542,15.437718093084664,0.7533076418068835,22.41735268578444,6.647623727880324
PID_364,444.51059993837134,2.402552391637208,2,6,2,82.44516127127454,3.4658021617359784,1192,7.223840410797065,0.5579177418138614,15.50788515753582,0.3729115771295062,17.355655055766,6.411437430922614
PID_315,478.55540748576567,6.335661027733674,2,3,3,93.61788751523794,3.1045272240071498,641,6.484743742746208,0.5722681961359917,15.546606233678231,0.7465762987297436,41.08513820575695,7.741438649192509
PID_274,502.1122428379338,3.573962497280334,1,3,8,79.5929060416969,3.4323439738880666,923,6.803719035439486,0.4789130994913381,13.90646208925748,0.544000263096353,24.31623667469305,6.296200357129399
PID_212,514.5215585950057,4.653259513953345,2,2,3,60.34789318880166,2.2103683166265062,1349,8.044695645563817,0.6633600442354548,10.776179953038335,0.3814096060748744,37.43405654957888,8.16058989686064
PID_268,505.5604466003449,2.587660238832861,1,6,8,78.20120087149193,2.629383601393036,1259,7.028323576218758,0.4715225430867968,19.71772244133485,0.4015571458302977,18.186913463832862,6.480700341772616
PID_368,458.9580681255249,4.044673441616785,3,5,10,46.1811099071071,3.4064712813850946,1461,5.617919147052485,0.6894133238852178,18.20488203570008,0.3141396770195242,22.72264837123361,7.196942069640772
PID_285,430.2661579692674,3.9666649867147927,0,6,4,94.86874274636106,1.6289373478545732,1465,6.87448045890629,0.7858447610982772,18.74713095685467,0.2936970361564965,27.26876093819862,7.008487041203591
PID_436,434.8726716346488,0.6655260618557706,1,5,10,57.278662503014985,3.6197208370792224,332,9.402383298017464,0.7030336118980514,11.782443392842364,1.3098574446826772,6.257531128388035,2.1576151378990285
PID_341,430.5091719647319,6.52291266569096,2,6,9,94.24186448046449,5.32854574997789,1091,7.177964562804509,0.655188835783576,19.334760763927807,0.3946005242573161,46.82123596059841,7.736816536208966
PID_285,563.3770096867065,5.435966691383821,3,3,4,52.99567880819605,1.0241219104978,1450,6.682291585974802,0.8034448125403096,20.90061236107584,0.3885358687494528,36.32471448347339,7.855795798097348
PID_318,509.3556722280862,2.904207025781018,3,5,7,75.84314467029665,3.4393319310136565,595,4.855336456687159,0.6827445697369561,18.13446724281837,0.8560599533245146,14.100902250041562,6.09186028436851
PID_457,155.96113653357196,1.8465953893162168,0,8,4,86.87488330088492,1.8178677205654477,289,7.369302236797946,0.5637256680713131,19.943467237560935,0.5396579118808719,13.60811953294877,5.473615889734222
PID_421,515.5900776529761,4.021342420705328,1,6,9,75.8999270511338,3.629135263530338,454,7.546672256218063,0.6625106451731154,17.393545824779313,1.1356609639933395,30.347753279089684,7.440327960511032
PID_353,469.4736194718775,3.630046549121595,2,4,9,95.99500219855324,3.206684716931321,1155,6.87526777614476,0.845969150059415,12.460177189860156,0.4064706662094177,24.95754206508119,6.749411635249929
PID_260,448.1291243554103,4.033503422844844,0,4,7,91.19235328390404,5.055526952894971,282,6.6369129429125575,0.5407361165357683,16.522895611296626,1.5891103700546465,26.770011072361047,6.679892200154192
PID_433,411.1481546911114,3.7873660942911354,2,2,7,69.45559219759303,4.841848960384918,850,9.89904761740872,0.5119876120265272,11.9389719006743,0.4837037114013075,37.49131731194723,7.621833402749131
PID_126,562.4112719986014,4.259361483958889,3,6,3,65.25106898216896,1.0622870691027153,731,7.526513298949288,0.7114908647341539,13.207877584500856,0.7693724651143657,32.05814085404895,7.847316627786063
PID_405,544.7526462122858,5.670958549087709,2,10,6,63.47081961252076,3.717089307894827,1040,7.988033914211556,0.6275946832036914,15.948841285767807,0.5238006213579671,45.29980921620058,8.218208364527433
PID_158,372.7122332176391,4.352154807692969,4,5,3,59.877538704923154,3.696490890683344,1307,6.5802585853061855,0.5967998124500148,15.546055412640294,0.2851662075115831,28.63830403790325,6.811812065572922
PID_455,490.7052287124535,1.9255167516350884,2,3,6,132.42786604565086,4.226700577877982,226,6.342086698354334,0.524082057979816,16.38922621900819,2.171262073948909,12.21179417800334,5.1521220001086325
PID_177,352.8343265458714,5.5438442790686775,2,7,10,64.23433350923148,3.3668974372924088,1214,7.258518893242569,0.4549887762013256,9.62373301882657,0.2906378307626618,40.24009844081473,7.8690068476732
PID_254,312.03818352110693,5.960921845232431,0,6,3,107.3026359939619,3.5158257779005733,578,6.3409485653564825,0.5043569961168579,14.537286159727394,0.5398584489984549,37.7978988227287,7.764004000728685
PID_286,387.3282775410035,8.228085101768126,0,5,7,84.09339050202158,1.5608796290851854,592,6.439479218386283,0.811492552532736,16.646995492996613,0.6542707390895329,52.98458301994963,9.344540463735653
PID_283,536.2393472382759,1.814758950140603,2,6,8,71.11570596174501,3.30635122165784,416,7.055846818249234,0.6491125756855523,17.245121017677725,1.2890368923997015,12.804661164238894,5.294880647484343
PID_478,545.3125045376087,3.8643230197254126,1,1,6,84.85383187448994,2.5401067336036443,580,5.884628185259203,0.4537635517946563,17.441318941749802,0.9401939733407046,22.74010415882212,6.531228213164915
PID_427,501.3085420097293,0.3768519452165191,1,5,11,86.36564254690715,3.620358132731668,836,6.764491058071541,0.7684085938318764,15.753774783169872,0.5996513660403461,2.549211613634009,4.935822822470368
PID_261,522.5095786847997,4.329723734568814,3,4,2,36.0544324504925,2.686581261806356,999,6.596100975831261,0.7734833967013974,13.862327550067633,0.5230326112960958,28.559294950669127,6.855932369303168
PID_404,501.6178287114959,2.677699552749841,2,9,6,78.05740364012233,3.33664106973115,707,7.66043076494484,0.7729233955682836,16.504412655528114,0.7095018793656236,20.51233203316392,6.463161620138019
PID_315,493.1922544673941,2.338077544972127,3,6,2,71.77310588439688,3.56198631459607,413,4.100081713667048,0.6231189388257429,17.703169160696746,1.194170107669235,9.586308987275764,5.378398286421118
PID_244,530.0409525227682,0.9662254430491072,2,9,4,26.927543262550277,1.907442693909296,1379,6.1272380958287895,0.6637627863708084,16.281923859883396,0.3843661729679247,5.920293343809541,5.154563339556091
PID_348,568.8913371474644,0.5367683431742938,1,2,3,120.33788498664828,3.1046552766618465,1054,7.6569289485922845,0.5945098980911366,12.693014646727448,0.5397451016579358,4.109997065539168,5.060555758244458
PID_471,520.8303847201064,4.626649181760965,2,3,6,93.7635002378078,3.5580937685034484,816,5.6685883966738215,0.5745586755419286,18.358426321614267,0.638272530294248,26.226569867210635,7.38884971558288
PID_355,150.02217804602526,6.599371670275327,5,4,5,53.68442110810798,2.8708017965225,1382,7.150519831571468,0.7195676868357159,16.67714833902558,0.3510454564067715,2.8771934963533807,4.979327070320213
PID_425,557.0150238316428,3.5426863717747383,4,5,11,102.32968821572489,1.4701211646871866,240,7.862185238741638,0.7709254733849662,21.30890902978117,2.320895932631845,27.85325649765852,7.209850491898366
PID_100,447.347874075094,0.3832822702157048,1,8,5,52.32121388213236,3.7394472695828753,718,7.401500795726588,0.6447209305783442,16.578657791978834,0.6230471783775683,2.8368640279894324,9.029695967032998
PID_265,361.81253487722825,3.0195532931950373,0,4,9,86.72246863698707,3.1220269895474884,1228,5.551237875865102,0.717043990780194,16.829750672350265,0.2946356147208699,16.76225860937749,5.728117810635906
PID_125,433.6933036056236,5.965067233706801,0,4,10,86.93223757784577,3.866578553108848,1244,5.680128350195158,0.6612446764074034,10.604193553809,0.3486280575607907,33.88234750499821,7.324152416348729
PID_296,375.5097355193551,4.040971837153693,5,4,2,70.82353555724883,2.0021305430210545,845,7.022004139609574,0.6248755393895479,15.931453138584182,0.4443902195495327,28.375720968538936,7.542771847182597
