logp,protein_pi,molecular_weight,protein_length,hydrophobicity,rotatable_bonds,polar_surface_area,binding_affinity
1.778462915276499,7.101438446827067,342.9915233673848,568,0.7571113369872431,6,70.88292207564804,5.823343608833766
5.983110669632443,6.806018919162082,555.0654396007612,1009,0.5819325002791028,4,78.90938668763333,8.105580143770084
1.1028134721743783,5.601640731207168,405.3485047932979,1082,0.7002714872302497,4,100.05074838177394,5.394313334833432
4.668404755268171,7.029586613275856,509.51570254369136,929,0.7737359715735833,2,105.45141685147745,7.544172451903757
2.1783974950080616,6.8064737610313255,617.2572386837703,1321,0.6990433417247878,1,90.99018835680452,5.861098592043324
0.6801134222914325,4.744313512672165,434.432276460792,1107,0.7674644367950788,7,60.32038672446817,5.166661333622278
3.3926011222129,4.721552513616099,360.2745628514168,1308,0.5264633383746696,9,85.58132625307823,5.630489630942352
1.200949160165104,7.671728726122851,281.656180777905,1258,0.4221172282147095,6,89.45508479909523,5.40337584910694
2.919304025315728,6.647454272152001,385.3427115757473,578,0.7200509113575734,7,88.84004331765374,6.149592093139004
2.2041755591153507,6.40931533051405,523.264007721558,1209,0.6677353657754916,10,82.8701488308613,6.13445554639164
2.893403865224058,6.502888661525951,384.3105721028604,1353,0.5286997299624403,9,81.97583442548802,5.818353320809616
1.7309463175510742,5.07437739986058,560.0959634998571,801,0.5262124628167453,3,95.0256145747674,4.8282504474186885
4.1007220797594925,7.55339218985271,405.67177488084894,390,0.670486340314671,9,108.09656628401352,7.206489507898908
2.9461891993288307,6.317049131749261,234.66098863962853,267,0.6326488155804885,5,99.7096951205658,5.591925124823044
4.086043881392216,5.039313620132549,567.9297184063827,734,0.5674590425283723,6,84.74888061464672,6.274324192387109
2.800256931157703,8.073938146571466,537.2457328280145,812,0.7917726634283043,5,77.20866308710092,6.694139779374654
5.454917055974096,7.924003492219277,584.0450446023144,969,0.785486593988367,4,95.71638910034665,8.094954375508472
4.2233734290209854,6.908533012139805,380.02744920074144,726,0.5612685634560857,4,51.52048088693933,7.0878976155346205
1.936133457994136,7.025196268132772,299.5279625968998,1319,0.5851992014816821,9,81.72008916392517,5.9245821883074665
2.5132481692217943,7.342339006087335,707.335980324986,1213,0.589560685375052,6,20.039242838961023,5.757772668393209
3.5287216661236283,7.371944986809349,465.3725105945528,1029,0.527647078135026,3,81.97311502832807,6.554605931114008
4.963725079017063,7.584744935445362,363.9586634716048,1109,0.6222428526692769,7,116.78951946795848,7.477450880136512
4.124669057152179,6.680634855285946,318.81637676498406,320,0.5448715643205292,3,111.36772395647348,6.750063742761324
1.0826489613457584,5.306272537908627,473.924686411115,779,0.5251969652264948,2,126.09610330805938,5.155828515007482
3.8191096637864894,6.404787503001612,548.5729995679862,1231,0.5553117680646418,6,80.12692763627486,7.042379646582456
5.176098223853691,7.299199456425642,665.3182457511557,722,0.653864514548458,8,78.50896492345345,8.094111011435839
1.8465617752453647,4.2447383531222265,604.7505201330061,1121,0.6255619749577669,6,85.00312039171828,5.281497731739729
4.329876829977176,5.26470488633184,435.5639588076057,268,0.5444535979890739,5,56.38327483460599,5.997129231836053
3.9160376929470138,5.646674164292244,611.2278257988646,538,0.5446684473916044,8,104.71239924946153,6.3087174129516415
2.793313022273182,6.612479095727696,396.4764788439432,1240,0.745690176442374,7,43.05390434671119,6.190884665268858
3.0573651286431405,5.862951204665234,454.7398671316414,599,0.672674809693285,2,80.32132672889009,5.854494531881684
4.616287957249905,6.139621559151301,518.6260190374513,1340,0.7072076324227563,14,137.63110933630398,6.874020594336627
1.6411124077197912,7.026330493203358,308.76962986647084,811,0.4144576812364414,2,61.21224207863009,2.2924131827770435
2.254333390165152,6.772241983413592,485.7015485965047,935,0.7768070600795233,6,84.50325249743744,6.103887585987878
3.3599197116500776,6.405896566291192,564.8765700372103,732,0.74010301758606,7,102.18821180406502,6.642853888311207
2.3909428888114457,9.179888635841872,581.0308746119608,390,0.5683707833920786,6,91.22191356020598,6.213658596919715
3.207954055824977,5.164005720903959,463.2969674146876,1053,0.5145702838591973,5,82.31473548152333,6.238934825036535
5.455261897902139,6.429783082993429,432.4114187567664,556,0.7369938949956337,6,57.12553176864586,7.698069071963173
4.906873306265982,7.19487601918226,612.8396623128538,403,0.596432428334025,3,76.9250530768321,7.536262532982217
6.35620488435951,5.386282691064393,605.0500492814077,997,0.7580336648254783,8,47.86787221892814,7.286437252885862
4.978174528422827,6.554422352995817,443.4249738927013,1015,0.7192853034501919,6,12.155540123589743,7.13988299973128
2.2441063534254493,5.896467395671576,695.5300139910894,851,0.7009739728316551,4,73.45086114836552,5.661903430459976
2.46540833890374,4.958182083904833,597.9944138890025,1245,0.5606593414906742,9,78.0696717769835,5.867270402677438
3.2281637401728456,7.202180480881227,288.72841288103484,265,0.7664250993564979,5,53.023378624121925,6.770648304316831
5.370337573302079,4.099142646570437,607.9572145730713,1099,0.6243466035559547,6,84.5916023282035,6.396086933223893
3.877210413410768,7.279298278190605,486.4961002466225,981,0.7203724208068971,6,79.26100802586839,6.933177880316196
3.441039068558553,5.051053541378514,341.89366724001025,902,0.5566283209414884,4,135.0947709192741,10.954673992375657
6.570293293579336,7.312066992767542,424.9166983544953,967,0.667016506777058,7,109.74323972711562,8.75245282589211
2.1219702327708587,5.520222431643154,328.8983800237543,370,0.7863290165165777,7,50.57297245727369,5.395796605519371
1.9421842687340407,7.390799520230288,614.2015160136369,1285,0.5869790213863177,5,129.49949663434657,5.471585283052232
4.007829314428872,6.532593928566943,383.1909546356951,1078,0.7112125352148851,5,37.57048055119788,7.164625399924205
4.962968687716968,5.433888441110241,351.14088928490827,829,0.5915955852701743,3,87.59853668449333,7.436789653852784
3.569004120879911,6.938785024243242,457.60053914124114,778,0.7238336860031627,3,100.58878214844827,7.132831697685914
4.258948330183798,5.202480884544933,389.4384460263136,345,0.5954622045465054,5,42.28793485138372,6.068458124022292
6.488773029752178,4.562195874146672,289.3553679742428,402,0.6176398972607368,3,61.59154407647983,7.044151872955955
4.322479441331748,6.782480300624695,387.9152401748884,724,0.7897312975246931,7,100.965074807343,7.836605046785181
2.710947735998629,4.116981759748262,399.30568246288703,1420,0.798588754883218,5,59.496297284083965,5.902548787297217
-0.1582257374146438,5.83823539034671,442.7989878419666,1459,0.8027538858144362,5,105.18049993351435,4.906803555482724
3.646505565122503,8.717390003757858,539.6839315865532,378,0.6045005993255078,7,126.44404638672452,7.385957262392951
4.19981796717519,7.405280515182853,480.7406697809101,343,0.7743617567837788,2,54.22254440314366,7.702632425289378
1.1966418151893414,5.465310172632254,412.5179192450403,405,0.6404587250886189,8,100.1255198689466,4.8291464482581645
4.737647397001452,6.438430250709643,482.40839693947953,958,0.6841308397393867,8,129.3529204289984,7.435003651243307
2.730179650292622,8.3632671267889,480.1547342333613,1002,0.6226059679879798,5,35.706366901933215,2.5228964416898103
3.8753003093775416,7.161632362284015,511.0370265433465,641,0.740045558101083,3,83.32287289728703,7.21434019333401
3.551041116608348,6.240416351554664,420.8188731084456,584,0.6235325246548665,5,97.08531005388645,6.411482304118205
3.810900994098416,5.310904455101492,438.5460154747382,252,0.6751421785901598,7,43.19183812655355,6.571042972192479
3.157100126989972,7.630366559110729,446.5288230294757,285,0.5939914844239245,4,119.26653858461854,6.022171531488202
4.652310824947606,8.016049778716061,556.6674689589154,1086,0.5921038408439572,5,77.130708478279,8.314187908383726
3.471109430398408,7.846841534361351,590.2794310936099,705,0.590493251254847,5,93.21995910401918,6.802475950513975
3.402967092451222,6.57853051360546,611.5375689469442,343,0.5701227542281629,8,62.20622793878052,10.768383660625643
4.352154807692969,6.5802585853061855,372.7122332176391,1307,0.5967998124500148,3,59.877538704923154,6.811812065572922
3.7911614464300367,6.1254774899350135,513.293181775551,974,0.4253249056044356,8,97.36328149556196,6.096508298891941
5.388849859680199,4.360453451303492,213.70675644581613,1058,0.506764664411121,5,67.71194806665156,6.026976718811295
4.027219850528303,8.340974684061397,306.1722021682633,524,0.6017524555054726,8,49.27827050345182,7.696038456006191
5.287561245660598,8.005415294434387,549.8310898147961,917,0.7484509072536735,5,83.82574480767906,8.139284956786165
-0.457564936331666,6.345386612698588,406.7498192622773,881,0.6279444404035869,3,98.97717915668932,5.875133733738821
4.539377934547417,6.931331892300474,561.9574911434577,550,0.5640474888259719,5,84.21487714887685,6.851450172000508
2.6970249311485115,5.796176488851328,468.4551303197037,444,0.7316356983724467,10,65.71620058008064,5.625376375808632
0.2151174425321702,7.12009571874512,207.57597397270584,1039,0.7353663007065379,8,43.03312155994255,4.7842500688321845
1.098644032285227,6.192595189674117,326.3049289121918,1473,0.6182359535153573,5,131.9561831820277,4.953447500756583
3.2724283496341564,8.019774994197627,424.1095026295922,879,0.634232441536942,3,59.71818169497661,6.4939100512551935
3.13597808478195,5.912730665091247,450.3046020153415,1135,0.3895540021549883,4,92.51220951765949,6.089298402099345
2.5816448982383746,6.889184096896295,506.2969236690571,802,0.5568243218194971,7,127.06508459985722,6.263496692288275
2.400450506714016,6.563593169822752,549.626681944714,1316,0.4715767127044525,6,54.93543085998208,5.65888239987556
1.5243021200801226,7.926587976965876,460.4201103951876,461,0.5948473175719267,9,61.42537230702389,5.475960836247925
0.1296659990230919,8.40549851904691,398.9983601145253,481,0.8376140207681821,3,81.74877610368753,4.724058521200348
4.783333488531068,6.175721498950769,160.3744621806311,864,0.6948153400106927,4,73.05863080904179,7.27958211029431
3.009955680220454,5.9493402868047625,441.68944273713055,623,0.6879047449640207,5,89.0672330141635,6.745744385949122
3.000709393426233,5.695787054516103,165.14573793699248,765,0.7708406049334134,8,82.88225442458618,6.2596352614672295
2.386273651192424,5.29123941857511,396.0240319690639,1174,0.5398257981956407,6,69.5473882606952,5.540570766876037
5.68373348322015,5.693324631246832,472.3884024279132,704,0.5974152236132355,8,36.53584555691634,7.753477319390516
4.259361483958889,7.526513298949288,562.4112719986014,731,0.7114908647341539,3,65.25106898216896,7.847316627786063
2.7065334379039774,6.142566569363613,469.652116970147,604,0.5684690274560136,7,82.33863552695735,5.9502060982251646
1.9230351325409831,8.031281236324741,338.0382566710989,585,0.5922745944205627,9,57.86520535592503,6.359939099403592
4.406181334382777,6.206672062278818,157.86495165053924,1137,0.5662269765787572,7,95.84104649762806,7.138561579199097
4.792454186746916,5.479527203366079,453.2004149065767,952,0.5635669537530793,4,64.87933618676053,6.830618109029359
3.588476332384396,8.084205291568816,401.6813537700626,1255,0.5965810792222488,7,103.10374702904538,7.55718645881004
4.219162277129096,2.802628611468096,512.0672097550678,1306,0.5485569589032439,8,92.8113336672074,5.0727490056316045
2.4263600163338723,4.81612720335973,500.40465155178447,970,0.6521458174227438,8,71.1225329367045,5.342110900046256
3.0169577682619124,6.383736885754021,494.77169258102776,388,0.5068591267347787,7,123.51950292037276,6.012340202211945
2.4078843532170184,7.801111144163286,438.1931473008921,985,0.6987656732462146,8,93.65877320303422,6.191659327667264
5.77459108288036,5.369883637031289,470.8382807947552,491,0.5612828405768232,8,116.70901632866574,7.307387629659068
4.395842327380077,4.666351510388774,446.7246729784002,712,0.645868893689216,10,95.68529066035498,6.354602436628689
2.9422131765820017,6.667729257541183,580.4340242878152,368,0.6101328817157695,4,115.95255351078634,5.360952776824836
4.808295500109467,6.7909038390068215,462.6379579546412,1345,0.809131817357458,3,105.82389289211136,7.617174688896732
1.3232364649226618,6.58417113977289,662.2156197012633,681,0.6869733144763333,6,109.93550848637292,5.402810668166622
2.86885730947842,7.640948136812582,379.23305343812194,891,0.6165085708422489,7,87.5740479228173,6.324514420546977
4.183856292756055,5.377692361849501,679.0942572590742,1037,0.5841336652789186,11,104.05900999722044,6.814049469845403
5.528304018300717,7.001485414385206,639.9881934895216,906,0.5026300662372328,5,51.64585896656728,7.801446825517334
6.487329953307102,7.499791893543151,495.5887772081608,220,0.623508408331858,6,109.87750815712776,8.192331039999106
5.559272712014796,7.837749805953774,498.24724152431855,1177,0.6481224849325059,6,114.04856657833484,7.859160095890396
2.986176198713353,5.615135476684003,327.4234336997659,487,0.8984580984245064,7,61.67737051342673,6.139804616674678
5.974221341485881,6.857048648620564,658.8374704780728,817,0.5912464215020854,7,69.48814533717461,7.853328052855177
4.283771157898636,6.379521476062591,380.7090404739346,1455,0.5805563804046907,7,138.17929577735114,7.169111555354248
1.6136332116280756,8.379049457110836,639.6792982653948,1285,0.7116078871919272,11,68.55348792046662,6.062921092448846
3.2730511696512163,6.904959664503333,382.9379790923355,1051,0.5005044046910784,7,83.50223863565395,6.504794819585826
2.230526033801396,6.798944295848106,207.61206733710432,349,0.6906431388824745,6,50.58380214207321,5.797632374280207
5.158850636535964,4.1771730733763786,524.2095372009308,489,0.519835329328061,7,66.79504403606009,6.601658453443022
3.30490955966957,7.721689398467389,416.618051024399,531,0.9494536298114112,7,63.388899308419056,6.848729438343031
2.2520676237583235,6.411264309898397,288.48681840944903,1030,0.6570712666006377,7,78.20120796928668,6.6660217146541605
2.509518290789829,3.642570157070653,393.6275447196025,433,0.6575290737453574,3,70.80037557055803,5.580013984799343
3.898817344478073,7.741033604957197,525.8969220493268,994,0.6204335213314537,6,89.1132734487241,7.0732746328709295
4.315219068005139,4.985255818720107,291.6097176514277,352,0.5023276616308965,8,35.90924257654144,6.392404372942754
4.238028271989199,7.534010053391217,474.49665711087226,388,0.7776289573744115,8,69.4295412574082,7.784091141126555
2.9721180232752364,5.650745152150335,558.0780725554622,1449,0.6190404482242954,4,111.63294269015812,6.002811151604135
3.7959735611083936,8.558230173105581,606.4643655814007,213,0.7506749635598235,2,97.85493513440956,6.844515621373463
3.710539804772071,4.941880470125438,415.07422956815714,1066,0.7020751355603375,7,86.59048760867643,6.290832231350676
2.338077544972127,4.100081713667048,493.1922544673941,413,0.6231189388257429,2,71.77310588439688,5.378398286421118
2.1255888491544126,6.706735697259544,571.3097699979184,685,0.5636631978101937,6,51.57669172570134,6.562032031971746
2.157395236585093,6.864960474141793,395.3141058759608,767,0.6303853569247264,7,41.87766150196619,5.70208750395878
1.7391800533865411,8.386711202421825,558.8748619704186,995,0.6363999675809658,3,71.54688696882006,5.952347825008482
3.8308121405208,8.720053614251105,568.9016531107552,340,0.5251331467667373,3,82.03429118135472,7.233446693462348
1.7700013951913824,5.962992527164582,448.4690150827004,1222,0.6608133442287466,5,90.00677914883809,4.9926639221428015
2.421751418586904,6.110678170969743,557.3631749859773,997,0.6496025689966906,4,60.60031568947952,5.727018635520087
4.001264625867346,5.390452346803724,392.8821010217203,1297,0.6911109055030256,12,112.34724014609505,6.55917484889839
5.345000859078725,8.210642812583368,569.0646274786342,759,0.6627909162117797,8,37.74127690587492,3.248350364528534
5.965067233706801,5.680128350195158,433.6933036056236,1244,0.6612446764074034,10,86.93223757784577,7.324152416348729
0.7730311619192678,7.105272651495245,442.8398740585936,593,0.6405174391185698,7,68.56520674600304,4.909407974897598
0.8722567898724214,5.198371562253882,693.9752406339273,1230,0.739498197234,5,125.44256434810778,4.638014892369909
2.4317392037359347,7.118820864883643,305.99491174057056,268,0.5832311717185253,6,48.87861111822068,5.877661415449274
3.711885710131195,6.0521484406976525,532.0482181197364,823,0.5772583297633478,4,52.7695375390076,6.335822632608238
5.925818862452935,4.560832653506841,329.9703592944224,735,0.6435392282226451,6,82.46856171458174,6.507681829499721
2.2273570487137784,6.116995739414231,555.3152853332904,838,0.5106368909400771,3,102.39843486352878,5.207382327188722
4.132379915921684,4.689890356129799,452.1003841632759,1286,0.5201284008058763,4,92.69310960374676,5.958464942180548
1.8620991494070305,7.390892166522156,451.3929291912946,1486,0.6788171296473963,5,46.55722434837208,6.221082586424617
2.877179348142093,8.240919968028049,424.7646497873712,946,0.6692123367610648,2,57.57823982490812,6.540354779870749
3.7175956189390726,5.750913651639495,419.6820217165725,1356,0.650844953855811,3,90.75104591399624,6.533120924716613
1.1482108619518163,8.674505370369682,429.6326249823034,747,0.5095458616004963,7,100.01757923652082,5.341103569736293
5.088092794825818,6.539099684599503,348.5243269307133,394,0.827422572451458,8,90.77584026928768,7.472824449674492
6.0036042887394965,6.077837029358379,567.3124637586641,1281,0.6312049744477957,7,81.55610918394196,7.971925435079291
5.102569000541024,4.811407793271187,342.7860988014393,1086,0.7037215637609961,8,67.0678726210544,6.328943900499941
1.8046944129891145,4.815391977737605,427.9035826170336,446,0.6409285677154882,6,100.1740264035871,9.076060482924143
5.011165959792798,5.157005879631742,617.770081407644,1060,0.5179417212679978,7,100.73418156728944,6.748679453852826
2.9104208644078984,7.76357294831026,441.16370407946647,498,0.6297740471507066,1,93.08027493498976,6.72018263157573
5.4970085929826045,6.5240867421322815,564.8637349428715,568,0.6325278338922184,2,67.49404770500658,8.068822678241505
2.563481915430164,6.992506729886082,491.3434903223701,611,0.6739996671718602,8,82.54765377723663,6.423295134417651
3.1816865451482723,6.433191357350781,381.80157520022016,804,0.5794428802243886,3,57.45607098722874,6.654948715995143
2.280478441609805,7.381796295378801,457.5433638901593,537,0.7187335817914792,3,38.78238198489273,6.329198597772776
2.0721223099666464,7.808128362545839,349.83799901050844,1170,0.6634525739694913,3,79.66740015475948,5.558667832162012
2.8055907319621127,5.705300612758967,363.3825151785499,851,0.7405089609370751,9,57.511630866348895,5.3220125467090735
4.641269981467216,6.262601730667427,439.4051645695864,841,0.8018929013061759,5,108.05810457999893,6.886469614225053
4.814070188794691,6.912469613069516,494.00144500533327,870,0.5402452810390653,11,69.86506089803264,7.678604753738468
5.032074943144098,5.219930218791894,487.1145873371309,875,0.755629850798837,7,66.07676799008551,6.827938355735944
8.020610329711113,6.057623050036818,529.1503367592436,575,0.5850161717708968,5,44.62573457676671,7.01624085437686
4.410084588704274,5.874717347310789,577.7664895788425,615,0.5072901309062953,4,47.55746018133727,6.752868365039995
4.240482271464726,8.196546224934114,627.5310892609511,1149,0.8043828830521387,8,51.0296494646422,7.509189520880144
5.510691577685522,7.828208732030625,512.2849932347499,424,0.6886897308751972,3,80.99483629101265,8.171124623649101
5.519338634304122,6.6847109750784135,531.5737212539296,840,0.5459023990705795,6,61.87435132451836,7.245929871394741
5.353673287733232,5.94771639532752,125.87326599309272,1287,0.7191255037765294,4,119.22758444984883,7.47785007861447
2.5829221289170574,5.189526878089467,587.4438093170818,425,0.6837506379486346,3,128.7131510611453,5.875639104212646
0.1747717409689033,3.8846083972724177,635.4092566334189,316,0.5723202077398349,5,94.7400850420612,4.476420746226465
0.544844273432247,4.511350473714469,454.55718399038136,852,0.6715543583398675,7,98.05284682005738,4.229331430905856
4.716197968387565,4.936908423708745,539.5038314076115,1444,0.7229418546774293,13,36.71390870674179,6.561500625215733
1.5511754548312635,8.05413596701613,422.8876398957431,994,0.6210933934959139,5,71.6561384302176,5.758489159820936
5.63412220414991,7.617033676938664,486.1636025047634,261,0.5589563622249075,6,99.06166962985336,8.310843072218558
2.1228095248751377,6.249915790594699,413.2972160916678,1499,0.4815928336141238,5,76.27897828077887,5.589787824002887
2.975841009174566,9.543542670847325,558.5786324939347,492,0.5834752223531482,6,85.42548256990395,7.073636583211007
4.728166465632291,5.587894486707216,521.161487808889,1094,0.6161377223921037,7,27.997413763170822,7.665737218364116
5.230851101383621,4.443253475485408,664.2270358611863,1025,0.7251538827976283,7,30.20403173083995,6.5794742860525
4.752126989487323,7.030861667929473,509.9928729996204,1250,0.4496656021917841,4,63.19214335466875,7.471165841362326
0.6359658687390608,6.664466735321797,480.2635465239033,1314,0.6936166165699483,6,73.85107371581502,5.05668534834479
1.475635682672702,7.183694122468475,482.3079273116029,325,0.4383685227833823,8,63.90881424401279,5.644742236734332
4.6362427240062285,5.868205311073744,480.9820710227028,340,0.5856151228926332,10,88.0585408851543,6.645827130540898
4.392544198753347,6.417566516375964,492.9618219132586,1086,0.6862233413481869,6,84.05197123964086,6.988583910180648
6.286553515306599,6.824849114534865,273.15606344371486,974,0.8917882578036485,11,74.44751121980737,3.4643945614492417
1.225036175868813,8.211421630622759,517.4819492166604,237,0.7425598052894999,5,109.94947922575084,4.728798153262646
2.6395973406546487,6.206056841615481,604.993440501754,1141,0.7249479523501225,10,103.67914338646338,6.265758295895773
3.722134129697414,5.3459747383690654,329.03589813087945,990,0.6133244234349988,6,66.13681222375486,6.446832803467228
2.663865420337518,7.515187624828454,470.7687687163111,1024,0.6220983538445919,3,115.24512430912412,6.09485303177103
5.144703850716326,6.042648921397329,468.1866255058495,697,0.5884616466995879,9,72.7598222497309,7.209925787091482
1.8320494613387543,5.995526690529643,228.8864690992115,1460,0.541776086304815,6,52.81883000517355,6.121733083792282
5.058667681130403,9.712472637449116,410.7891846867842,972,0.7544083868844359,5,81.64715286677078,9.50276694854981
4.635183019980473,5.877396884640801,521.0959968203491,294,0.6081729263798357,9,22.947706330504843,6.4059383750511945
2.402552391637208,7.223840410797065,444.51059993837134,1192,0.5579177418138614,2,82.44516127127454,6.411437430922614
3.406713474501033,4.788564773869861,518.6051459998439,924,0.7057876644263879,8,43.26137037702642,6.039376290622456
3.998911265486296,6.0965895737596645,382.2255029475149,1290,0.6307220402065368,4,93.28626187823846,7.24011657017073
1.1693618509759034,5.667692383252008,450.5113456642461,287,0.627773883730159,4,76.50089823917456,4.918748343816784
2.224197081879434,8.069629599322791,568.7679388461563,789,0.6932955914616283,4,49.29281091012539,6.476327934112097
5.800591564874749,6.485746258020957,409.8779528114164,373,0.5527311907502431,3,105.17136161031588,7.41084243253763
4.180263068831701,5.90758621025708,489.9223122605279,599,0.6782766968381999,11,90.11681881876191,6.571491380331277
2.2297235508119533,5.893402762087748,454.3811471979109,697,0.5624186595232592,5,50.18745423198927,5.8566159496823
4.074483477111393,6.356708505540407,560.8703580582908,1411,0.6498595961855657,5,77.42021160180686,7.664087828089684
-0.8941730350034023,5.479797093761581,506.5509645631544,768,0.7211888848048997,6,121.1582206265627,3.731073693636268
5.676502157197004,6.928804684359339,627.2251596669744,1474,0.7601327811633698,9,62.886390863782125,8.384469986129366
1.8722742101633028,5.525097911599025,384.9357430878173,1164,0.7268253837257885,7,69.931846104706,5.298926833867446
4.149439738041044,8.449384624321912,370.3104744529524,433,0.691051972470707,7,97.46255791114793,7.138355976282014
2.424475776308096,9.324326278746137,371.510168691776,304,0.56848333290398,10,79.14981185495226,6.25303667666129
4.758410750704418,6.456347203801853,518.1952971294963,1459,0.6488108588838232,3,88.88856263437165,7.452710958555793
5.326938728458337,6.5817517473150815,592.0504247989854,402,0.662763259648282,8,76.11486710893105,7.723966854678638
1.814758950140603,7.055846818249234,536.2393472382759,416,0.6491125756855523,8,71.11570596174501,5.294880647484343
0.8091612531981647,4.884686421535252,461.9580368414153,665,0.5875872652515819,3,131.31996708315452,4.56322054019131
3.647101309308417,7.375058219516944,405.3566385449472,1106,0.7739429794240154,5,71.52234818224781,6.66554893335626
6.1210447968733375,5.791033338678933,561.7295831588127,637,0.7406004154505543,4,103.92764384639668,7.62087432023768
2.801291646322756,6.407448947055101,352.4126747022667,1468,0.6842501500563505,8,105.37361285918298,6.4506516053182406
3.421393324133796,8.529165131781852,405.4497478599228,534,0.6771514315524969,7,84.42986842031546,7.193231567581811
5.670958549087709,7.988033914211556,544.7526462122858,1040,0.6275946832036914,6,63.47081961252076,8.218208364527433
2.670618743949047,7.034945418598024,505.14853760404674,658,0.5654904684806608,3,81.61435881564111,5.803498587903697
4.387023862637601,6.396189310772036,424.9953485401047,546,0.6169589187317803,14,70.12552143608339,6.833193080926471
5.169032562484888,4.109129583371743,490.17117220989417,933,0.7108860659792173,6,86.33949016018002,6.584205879957304
4.254176640342791,5.691126915614751,411.1823181458771,1124,0.7137834882761663,5,89.54354203029523,7.117440887786756
6.027521418062764,5.786477784067927,352.1627222384968,1009,0.5548198540954957,7,76.76744037532379,7.834909889812669
5.699811288917904,6.92229087995445,480.1791899819466,908,0.7405623184946641,4,115.9531418726154,7.926193130000764
4.5220392656644215,7.29929537659216,629.5877673095522,1353,0.6689690995242432,4,98.70204751962488,7.132197793722653
1.3922152297946373,6.379238435692272,413.7161439560341,743,0.5276175062109243,6,64.49027179044715,5.063641081739059
-0.6593989744061792,6.5444085584057206,838.642119527197,1173,0.8184915179668065,4,82.62339848464349,6.861702638517958
4.069651454061344,7.166754324155892,460.85597057765233,1254,0.6812466410727336,9,63.29637050580865,7.042672438904718
4.3284499065192845,5.502000084735576,184.9030191606988,463,0.696426399156398,6,36.38379833037637,6.804017012531084
4.064614289146275,6.632437557631726,308.4629257949585,824,0.6642933283028906,9,127.2194945941243,6.720857475348121
4.2371441790803,6.533549193338437,345.30890173180603,357,0.5423907153986413,7,35.16227334110112,6.709722401349308
4.565823653446678,4.921844310192457,609.8647170504717,1313,0.7103646366119909,4,30.22329242694505,7.19076921198334
4.320897196066951,7.103270072486504,444.9761890550863,852,0.5301403398316946,4,93.76782957802398,7.237253389678226
3.8980435240994415,5.620259736583424,531.2525822394198,1346,0.5466148690044524,4,60.395202255436445,6.779271433708328
1.9006476021511625,5.793679386743079,368.9747562985619,1377,0.6034322061381177,4,88.73284493634225,5.921673184877768
1.5045295613915153,5.168796401334587,384.6670767426288,618,0.5321467379616752,7,71.44400200068605,5.440623128286632
4.577278588561901,5.80919077747538,399.65243458838006,975,0.5094801963833538,4,60.99922728796096,6.284676045031527
4.138167296276258,7.108122887005369,407.0594458874747,1263,0.707269864209689,6,114.78229465991237,7.191752444028378
3.1798148309743426,5.025613610288432,705.8199285668252,1289,0.6628628069811476,7,121.66229420979104,5.810467523622759
3.325656435317063,5.965268340473299,394.1078152728412,1167,0.6126990816596937,11,81.24482054609292,6.195516803283734
4.138830809289553,5.754693777605668,361.6142563798867,1358,0.6212005452114951,5,72.7246111539869,6.479708397472075
5.831240631072161,7.479173756153479,616.5474444462577,1244,0.6031189280805649,3,116.25905071222648,8.471681444277646
1.7366080915627229,7.322585862197045,392.6337993119764,1248,0.5751686021833742,2,64.86015282265028,6.1364716305703375
3.3303079212263893,7.988336332314018,599.2688568959522,326,0.6023142298998666,6,109.36989837493644,6.430961419516594
5.540987893757976,7.52211896254014,456.7528204687924,878,0.6426842177072578,2,69.75827334192277,8.216137502782155
3.1537004392328467,3.4889776868325257,507.6556963055766,1024,0.7981217696024385,3,78.00042115028337,5.560436487642195
3.559170572361109,8.251866598253924,352.54706953293584,1318,0.7206793505930607,6,96.63147566866824,7.131593505645567
4.498886378081692,5.933492573084788,580.5478807154329,1470,0.7807287922136821,7,114.08108145603644,6.743168325473235
3.3622328534975674,6.4731471990677925,395.7326200265978,366,0.7866554863334274,8,108.3890937300397,6.399930436011498
6.079066859310945,2.597564680794096,354.44595593995746,1484,0.6643941993127678,7,46.5736856323303,5.910013409925613
3.576796852821628,8.13328997088378,449.6625542589048,325,0.7914525939428755,3,63.548198349483215,7.321259561175816
2.9649902987301933,7.1411189244576665,509.2526949201183,346,0.528403300494819,3,55.9411917496836,5.831046591700735
4.088623950768151,6.938288330021982,470.8863595004755,1490,0.766411352371157,9,89.28229703295517,7.19493244108723
2.436468563554264,5.647035820986235,569.6571501664491,637,0.5276458433958142,6,135.05274337229417,5.913842665798476
4.497390743452612,7.73632540696074,273.9191188019224,1264,0.4595907207584337,1,92.44167316519012,7.902464522746408
4.529477685435051,7.014969823593928,535.2433334796224,244,0.7418854749843017,7,91.50613538202204,7.581476721673172
6.579458036752494,9.101268944743554,273.92372408441827,615,0.468224340254698,9,109.986966948104,10.00023251300567
1.216461220673163,7.363749706198591,439.1239851543143,1380,0.7210787891588589,4,65.66764115533587,2.329173203114076
2.8354339683072767,4.675919545585721,455.5724912288695,1448,0.6844185835595128,5,70.26485858140322,5.901790759802141
3.176585632147966,5.081118998116717,275.1468026761819,1257,0.6715969709725694,7,28.14907265931577,6.234264264533733
2.7536437424221893,5.880678273233839,619.5051040430753,1066,0.741746101133111,6,104.34079074595978,6.3598388753918
2.8854701110557537,6.056156908393404,460.537550614596,772,0.3916480643154966,7,77.51642646703024,5.859644520827163
4.0156818223248285,5.944542642162381,237.6104275690193,273,0.6215624158657644,3,52.03762759805067,6.664775473353962
2.2837137331844928,5.395933239509635,532.2060159994489,1489,0.5959981922867525,11,103.08368604415509,6.226594270398779
4.744598626818762,6.292194955081942,435.7620514978706,1417,0.6157781813927178,6,98.6309784465417,6.815069096141142
4.505720925861819,7.433756539225349,479.6120277064576,578,0.5839841238617862,3,113.4191752413743,7.058179545063853
2.7856686896830114,6.976122630604371,366.07824767773616,719,0.6582640447981597,10,89.83940434497934,6.539097820267116
4.051222498211457,5.344571473719753,383.7376241054153,579,0.6141805000356986,7,119.74799056546742,6.414197317229556
6.6343080825421605,8.011947177786949,532.7183249036024,208,0.7265835713748041,7,102.04203647507444,8.312435931741527
3.833434783701281,5.013005699244846,462.2297503032284,663,0.5384499212620634,5,64.33188572771128,6.134236074935696
3.7391937602061938,6.634422553036265,298.6285607387173,818,0.6073295806521561,4,99.38666497766812,6.928656797482241
2.484507292312203,6.000559716734079,454.0591691203882,327,0.5298817634829086,4,85.65245316990097,5.380680123363368
2.991316581094942,6.629744204514006,354.4877420650647,867,0.6998323587470864,8,90.46035352088953,5.974862063224634
8.552071184974423,6.856660031464768,640.8945598623965,709,0.7503005942762808,4,94.69700758218374,3.869799301734622
3.213644312409052,7.837375911044193,506.0784526368234,1100,0.7518075148525607,6,108.23951332184296,6.770959533325399
2.209422483830747,5.930563988993607,542.4633682912769,1486,0.6666151019968958,2,71.9275131441676,5.631521596962507
4.200006472949122,6.216547062825586,324.8460575809556,1373,0.5459434335027369,4,124.22310947528698,6.56763226035004
2.00920598774772,5.67080862459213,401.69389483165605,601,0.5082289505807283,4,83.17822558506582,5.46213562264406
0.8103403211981348,5.871442883798011,360.8807774584712,203,0.6463790197924415,5,94.72575888384964,5.033204293248871
2.814047517369815,4.707827408456295,402.2342553234884,538,0.4828477818668424,6,84.03534256886094,5.335030064599382
4.83529761668718,6.999137467855888,545.042383818605,402,0.5620164134694932,10,40.8019536221341,7.609758019769538
6.747584101709903,6.93034424816903,517.7925871339269,458,0.6404132732665134,7,67.41729193029502,8.326655725391836
5.175250663294931,6.788250649814804,555.6056809066051,665,0.5409036489933803,3,95.23148018140132,8.51662015529949
4.142279371715864,5.736597462376573,447.0737186315022,389,0.8068159398136567,5,106.70456101945912,7.27324418375929
3.7354594414526514,6.184888519916566,404.111573713106,1196,0.69922823736699,8,108.4523404338517,6.661436984673069
4.559118370722697,6.68637240073743,466.0573981049865,831,0.4479148009154681,4,129.77331425922344,6.829152856795475
1.987167973885688,7.242258189902906,309.24883052821787,910,0.7224747094616427,7,76.3455442659087,5.777228882377029
2.6290275461690733,4.956841416044666,390.4338705956508,653,0.6381839132951568,11,69.0058425845395,5.839539321436726
4.0215147253075045,4.21920942299238,594.1273289066115,597,0.6208392516225625,10,83.68885483179066,5.510559132611684
5.938938373043095,5.586663837310294,350.1645959261209,1322,0.8025355083658201,7,115.17644743867793,7.820103493319004
3.172020083847446,6.199850134682435,494.4602668220141,1402,0.5741737405981772,4,93.74377865442816,6.267701970027213
2.7817438159873937,7.310481593541223,305.1915658502676,1020,0.7008119548467056,4,72.03628777374932,6.290860456099368
3.538082630813616,6.863185316773127,618.7141635072564,428,0.5311866360171381,7,91.78915318135518,6.57085053466802
5.00244773781284,4.856420984554319,412.9988970117872,936,0.6024117386479151,7,101.15620565518154,6.913714700043728
5.062586996088277,5.168333516018093,457.8635190316091,621,0.6080493320629341,5,126.5452568687189,7.324864780788435
4.131459416584085,6.011074309836603,474.3687211491912,1338,0.6697308377686987,7,91.65218245638302,6.6097253675173135
2.3500151183249782,5.947026551939437,470.3463635867223,1164,0.5630777186085334,9,31.14530137122646,5.9468689744694885
4.010883824600745,7.922091519870042,461.56746342928585,1482,0.5764406754943693,6,85.11302721288352,6.733189057251414
3.785953386897536,4.457331126685983,532.3170583961914,1097,0.5814417059313692,7,79.2120943257632,5.843782600753708
2.7133277956060224,6.780541959504018,477.8994162223802,267,0.4973893778196251,5,54.80925452149582,6.05898303248539
1.5600905631932545,6.8414166630637645,555.3802052034903,960,0.6113902215184721,6,51.89523710697764,5.330848090298899
5.182786784345707,7.157810772865098,389.0487797840717,621,0.6375543477157407,11,137.67360313488325,7.583291892237686
5.647050172746775,6.554155807985975,419.045356068601,1473,0.7602440631781764,6,62.66071886024548,8.053160905071643
3.2348387553263267,7.16137028222342,513.2407739055521,556,0.6659181821183263,8,90.1916858811086,6.110344201885225
4.723251533666394,5.159597709065844,656.1503576636399,930,0.5912948034877467,3,63.2877880028898,6.777213423452196
2.750404735772554,6.231589886746419,634.6707325736033,454,0.5862268036850007,5,124.7725220279101,6.076900629802415
4.742344535276934,4.393892310283839,347.23248590740417,635,0.5810753994196625,5,86.45386372701729,6.263217188002421
4.503112483388769,7.28619667661137,328.5811387212268,535,0.5206921405506842,5,62.2088785878566,6.933833226166936
4.76297554317819,5.232862646329656,350.86076505436927,724,0.8311554719252331,3,57.56383006160954,6.537725673785387
3.991819286239036,7.655699338611961,525.5391225825756,656,0.8614376267970806,5,38.24690395945067,7.136428057149876
3.8249374631069286,6.384189739022702,432.5040243304591,1443,0.4870007313360439,10,90.05434720528213,7.132812505541078
3.305724129704839,5.400757322664359,541.6327674702482,253,0.7214310329599795,4,47.95394597106,6.187376794913493
1.203338746166417,5.517335015107208,514.5375949585148,673,0.5691825415802231,9,126.72213307237652,5.025913701362189
1.7048170303605326,7.472949539648486,351.75126064616904,1259,0.7247691389982683,7,98.30750156931764,9.96322505026005
7.118923132419374,6.299687847615059,529.1031947043047,1443,0.5628541634471097,5,114.8877597054658,8.416748217969165
3.1651966180477924,6.225050447588318,475.9882794248424,436,0.799904548104167,10,107.85444583988316,6.958017888012308
3.903942128871101,4.29389341430204,457.6851882958768,329,0.6475421131224128,5,78.75251826537423,6.078556492444806
6.244430302574131,6.899056171948175,353.1655545136365,1479,0.8036462915289861,8,17.260728602469392,8.230456914247432
3.765231308209097,6.868883712010263,390.06249770462273,208,0.6368073110391554,7,132.511522723763,6.900147863734219
0.5326621259377848,6.902016176008865,541.9228934575203,356,0.6688986645743648,5,59.59620510747933,4.626884519771951
4.444294376332716,5.236490456645042,392.4362173762226,1195,0.637495445427747,6,96.94021505426556,6.589317973735492
3.8643230197254126,5.884628185259203,545.3125045376087,580,0.4537635517946563,6,84.85383187448994,6.531228213164915
7.267334827376636,5.14506073265912,367.311964596014,1146,0.5859344273720667,10,98.13191416936374,8.036438079398094
4.838896007448964,5.940562459583768,384.8399652394183,253,0.6489183029695418,4,33.82386715417351,2.816197308707901
2.958034157049064,6.437768517585934,622.6963851233405,499,0.6191408478513656,7,57.24587459787391,6.318197768359331
4.336536591087687,6.334949039042197,515.655360863383,1196,0.5452237049741046,9,78.4230125402207,7.258476905149455
2.702818172961177,7.220152606821462,439.9845923520047,1007,0.5954078067696985,10,81.5989749474061,6.523546282417827
1.4868083772723275,6.550101785587351,416.2914028881961,1387,0.5187736167446872,7,51.68058201001161,9.355564986700529
4.212751619743073,5.909747595815085,252.4533433646129,1068,0.5454466616630443,3,112.95289176877196,7.021243480934071
2.5425759102072587,5.505986516066867,566.4739354457172,1338,0.6431407990767748,6,92.40449414353468,5.783678764088262
0.5493954446192717,4.4052733573830025,417.83649487826176,1206,0.7256468836760241,5,52.83388658982894,5.486013214033407
6.828170350172201,5.489444333527491,548.4322398476584,830,0.5211585684954748,6,99.38115636974612,8.059249103197693
2.9329881514726743,5.736379127126143,359.609235853521,902,0.5405198794588302,5,70.67840085495081,6.580252550716184
3.32485112630713,6.445814185939383,431.3128355838641,1087,0.6709222133791795,4,101.29764649591142,6.744541632483121
2.995617891978392,8.329707996582155,292.36078430157505,664,0.6798175702777469,5,118.3592611203915,6.546298200141975
2.090145348336703,5.016508658900307,258.6719755342202,452,0.6782126525954608,3,87.57158416962508,5.6300161617621445
2.2446189443055804,6.010788063949584,560.9699841956224,1279,0.6893371691158305,3,88.4574781864612,5.421374313673934
2.853311645637352,6.322206631181853,708.9563642018613,545,0.678991540195439,6,38.648592359168326,5.9722786263399055
6.192817033868483,7.433404596807026,559.8776851987191,529,0.6823446829975129,3,60.640673177826265,8.858253303287025
4.159251845930339,6.971627339965671,459.6995964992718,207,0.7203377789936934,0,106.8053258608289,6.907583083902127
5.136470637778951,5.778850845323914,554.900922583689,1389,0.6214927902595384,4,43.967869406929374,7.357504792952112
2.6741721024372684,6.421223138108449,304.244850053507,612,0.6244995022310621,5,73.20191864698194,5.924801402125472
2.250415914498862,6.195112412528529,402.1251378336523,811,0.6463146093249016,6,55.17488837509206,5.169406725249305
3.345117859776429,5.699623377065703,502.19415656168974,989,0.5906685838063217,4,58.36209831892789,6.67808028071084
4.273442132665934,6.563656437933767,339.6410682784229,467,0.7168655161158359,2,53.504716430977226,2.688790187205046
4.112979217221007,6.180371529685425,367.2769056447677,733,0.5798845695715406,5,32.66242830581911,6.775791573365375
2.248577284948063,6.052524032712096,576.1921500713992,267,0.5318064130112755,2,59.58760293538373,5.521192393006863
1.4043227223305133,6.796295326196117,381.0812181910432,618,0.664769422173021,9,80.77287841341334,5.394415290276153
4.229054434126455,4.312044000316677,539.5193220027733,1366,0.4917264097517334,9,52.44002839871303,6.413825707996059
5.9804259027384274,5.32002592127019,562.6705136827584,737,0.7065333332752995,8,44.02725123128355,6.9098835389227125
3.793222597329936,6.04174055976122,568.5704154662997,589,0.7057849821263995,3,68.2929976607456,6.239838112767898
0.4612881903329349,3.298689878867477,313.0197020420922,378,0.6765029116133022,6,132.51957264837174,4.492238749204744
2.882264946554514,5.272241630261568,616.9904504351406,774,0.6371212324096155,6,76.21543580661032,6.0818820604601385
4.646044672359289,5.610549804540495,578.1016361735112,1153,0.7983470560716281,4,84.6857188837606,7.225333935338273
5.575839397791178,5.862652372641315,543.5047380357898,413,0.6347108923169277,8,80.28926478681653,6.757698562943666
1.3294504931287785,6.871927671950721,721.8899021542468,369,0.5928284954678248,1,76.73479480238116,8.093006544844737
2.604538569918389,4.877761326726956,476.9126941245107,1244,0.6619123108673448,3,96.85066888172084,6.013618064061264
2.272357001086998,7.271937045653905,471.1017467202618,1488,0.6908925462421801,3,57.66048465466945,6.1111270346648
3.920954606735205,6.45853639287358,302.1413754220158,1336,0.5443950641601013,6,62.49829574951558,6.639111186427975
2.701747155309216,4.188565129209773,500.7835756289624,232,0.7188493393866003,6,64.54617143343808,5.946052419601143
4.438446400469001,8.168684189090932,559.1506851922462,820,0.6572402672316248,9,75.15487865528678,7.78573106121084
3.129461448881005,5.048874750203647,458.1874139386322,403,0.6163011665925308,3,58.00347741456663,5.95914980475046
4.326196358410495,7.412589948206833,482.5796316582167,550,0.5102298511677799,8,70.58907970088514,7.355090010364334
3.9472376989857887,5.654459012610493,533.3528961608924,246,0.5617699775414958,7,128.87826612562634,6.027914175912673
4.208003406378912,5.439842827520575,330.21221074111514,1228,0.5813450255821816,5,53.35645358305085,6.921481518032647
3.255810640891559,7.502646699504883,447.3486124550783,1398,0.6562834419277587,8,61.94972031050919,6.348705801353124
3.145167069171581,5.237590210653143,495.6753219153784,1114,0.6933484279978971,5,77.2259729757239,5.605332731129666
0.3189497710474009,5.9098399863432665,396.913122707968,439,0.7255858333577381,5,89.34336936339325,4.747932517541715
1.0885084593229122,4.242755542559017,451.3001891877907,714,0.6346072721676094,10,38.29221614536648,5.14950979020288
2.3210209510475264,6.276848958595166,298.4808937801448,588,0.6626874740796705,2,64.36061389249834,6.156595254477027
3.5516615175587622,7.619550983473498,347.72074348015946,1320,0.634584834191698,11,92.5112241620763,6.47709093477817
2.1104283050276926,7.590228751505773,283.847993773104,1295,0.6019848743398317,4,86.17283495168385,5.670616338195537
2.644472950379479,7.170779396269431,630.0940432910816,508,0.6054121784793887,8,92.95005439545442,6.30501734522554
3.8619829023751713,5.593998959821366,468.6766764477079,421,0.5750841474409691,1,84.3076895180932,6.895907852311623
2.9803602409896506,6.665169968547632,342.72569742601934,280,0.6847789436744237,8,46.06262101612291,2.504391525320621
4.32761119986638,7.804401064135793,492.4165946401917,1379,0.8561417208966786,6,85.5636938055108,7.936687291045449
6.980061083025889,6.578269978003133,431.3028697014554,334,0.6772276781210999,7,67.6350857968667,8.49080534048841
4.355919495829296,8.88232304571865,542.6177547531641,1250,0.7202262371913546,8,117.09094268875836,8.051594097574721
4.598738154169704,7.207715240252524,353.3023856870787,1286,0.6701166392565834,7,56.57728905833519,3.017113537067621
6.2065221646801145,6.546429801971357,485.77873603482834,929,0.5339162826649002,4,65.22425782282271,7.925578507254714
2.844853644142674,5.95398504235311,279.6617560644845,383,0.6024662888741569,9,96.97957387266597,6.17426425357895
3.5234275009244045,6.822380971802013,426.9065469791322,242,0.7161352044831807,2,97.64989395972324,6.724288644293851
3.511820277042092,7.573634073617168,471.3196628237689,339,0.5424787681217818,6,27.377598422474264,6.534282523966116
3.2627692334415195,6.7367423494382965,440.94667176958393,1226,0.798713914793835,4,57.61033785655819,6.73180820750886
0.8433971703678633,6.3290823958470686,375.7529414301952,772,0.6551606331510943,3,39.25665355402614,5.203117140735385
4.1671607117473926,6.224949290089464,469.4384301577336,409,0.5545326808762017,9,82.5938558220863,6.750327528247699
2.674827075595192,9.058116751088678,385.6481769619857,1388,0.7744047392118782,6,83.23123235050691,6.907887926370523
2.5871154151404494,4.810911206604468,582.9152530132432,1150,0.6121160675333868,6,75.74873215558995,5.075512671367027
4.639568443226253,7.61177494507776,446.2777763490158,782,0.6548895850696548,5,52.08923167612693,13.36814898574104
2.90565548284736,7.310580641765413,458.6143883046375,1217,0.4755742319311018,9,61.5726991292718,6.147504391427383
3.565272002965199,7.417422690219266,387.5181422304321,430,0.48173108615991,2,83.21403989044097,6.436332677776841
3.869757167648008,5.385221529415646,528.7084603742452,1281,0.8748274768820571,5,83.77713202964533,6.351813873697891
2.1848393281822327,5.608683347106922,430.63405407202816,1163,0.7133503955637578,6,106.41901534632164,5.943633536095584
2.588968350181683,7.494783935001229,503.82960790496327,435,0.7716047225928888,7,70.32973747844659,6.076431191869879
3.9557278934073135,8.070259661815015,614.4967713501284,1271,0.8058272989734663,7,59.82523235200978,7.131420202044838
4.249796185610557,5.946022704969131,395.508091319105,1443,0.6521317308413627,4,71.52133410172782,6.7547679139136605
4.497054117999665,5.650482032326762,462.3204806784486,745,0.8036516864281701,9,72.88219909860855,6.831051015309535
3.755695656494857,8.177545211067251,303.562511979018,636,0.717157456451369,5,116.91482911233147,7.567585078576984
4.418703191020404,7.846361284913391,494.426331148604,674,0.482942270485963,8,61.87169398697202,7.661830596633752
6.0117386500213055,5.529624631021291,659.238727568546,885,0.6785143650107759,6,62.39219476249652,7.215792025184668
3.900227594443103,7.9721425106704125,409.6351536758003,881,0.6327652930800356,5,70.38243728812235,7.112241227529588
2.665821879858829,6.949900201221593,519.6954404510735,223,0.7325768228694317,10,65.87846616554188,6.045613844655913
5.188152176622154,5.625699332294241,369.7722730778381,1312,0.7484720848248692,8,90.35588771588922,7.093146460364465
3.4860495182920785,4.970475472409968,555.7122226218916,542,0.7700996333626334,5,82.74977341426965,5.870033576779255
1.4171861692531835,5.573662375087797,640.1190685753007,827,0.5974063280210672,6,65.96673558442481,5.50527363745567
4.50729675759358,5.831069367383735,327.0450405547583,271,0.6538839628647768,5,58.04446047278939,7.171398367136693
3.2362183933518933,6.206710056485734,475.0492850345877,1439,0.7515298601822176,6,97.1287148073326,5.974102871645903
5.867177086343277,8.26314833338635,606.5524029234341,1097,0.7461773820222316,5,79.86781423786161,8.732233745895362
6.272913249944617,6.709246235669674,477.9021525770339,896,0.8876409192759194,5,98.0464247902543,8.288843282495964
3.8363246064361896,6.011889842679899,446.1491530499293,1275,0.7167322518984338,7,70.52339505547647,6.339214680339696
2.4140145023860864,4.764945504857587,478.8693629279857,1021,0.6096230099941194,5,89.33850255952572,5.155256810641456
5.419197397486627,5.261091997202537,441.92834198914176,1448,0.712176044212311,7,125.30687316269386,7.817165224348447
0.1822071330057397,8.798317394861193,427.6537214674149,1006,0.5814100489216129,7,38.38721480323,4.557959332035201
-0.929667557534466,5.4924362454130815,751.7658370779836,221,0.5710146038908028,7,30.63602292689988,6.361997063552164
1.849768650542457,6.822945829951749,436.9856945632316,469,0.728001200154289,6,119.7103697613934,4.952999852883066
0.6379967943150389,5.159408471818825,439.0390196074169,437,0.6390924619301094,4,85.69348520767991,4.809700132065248
3.214245341003283,4.780661553157049,440.0824136220617,781,0.6260793787155983,10,63.57927465314691,6.102582221215255
3.406702230897972,7.786518917573288,631.2528078778518,1104,0.5189108560027834,7,13.485097287149856,6.660913516498316
-0.3284289689584865,5.069559307547465,641.5540686793722,999,0.5495375934090398,7,88.59919671266378,5.807656934241639
3.172931156911439,7.111806124056142,616.9021525289393,1312,0.6263080435823938,7,94.54178857402349,6.409300413562916
3.994263103359514,5.015703531687434,577.8451862607299,391,0.8042919565984201,6,80.66283918038081,6.248039443167918
0.2058082683500801,4.194147556058618,369.03964800783535,584,0.7064385645285466,8,73.78534226140195,4.37828009372015
3.415117266650156,5.529864284323471,553.0283454031842,1178,0.6721804739207706,5,81.8517891536582,6.197125648415088
5.219661305601091,7.214676058144214,349.0269295290062,657,0.7858618539843818,6,76.94832226980225,7.316738729247823
1.9778607602212217,4.1317509080073815,505.7810306351862,881,0.6885576036111074,5,90.55083034350494,4.962333405345465
1.0542901344272897,6.50610482973828,474.3339449322692,910,0.6956920464175713,7,118.21399234604873,5.434966686493784
4.323325752976047,5.862067288845596,426.1051953133591,681,0.6394067093312554,8,120.41128440019745,6.375973546444541
3.1559138838979583,6.4143418617738455,425.1035851520927,605,0.6496929576975238,7,130.76848674675264,5.916886556225872
4.252674104251318,7.677571708931556,545.9270826085207,1224,0.679305882772503,5,74.97234120897299,7.672520847127707
4.258383862753812,7.569558165714315,315.2873710470303,770,0.5576680946376336,5,101.28985740121796,7.21723027465308
3.483361994077097,3.5566071743744314,524.2127491071892,312,0.6309500654690104,4,115.5270148265742,5.986670672262487
2.879576501555536,5.487242251247369,452.1271576736062,575,0.5152575032541307,4,54.46531218309537,5.665627010018292
3.46658153122443,8.901904718978836,581.4914453584047,1437,0.6882290440604882,8,105.77442494500428,7.319478155374323
4.803731888745345,6.737288402699956,394.4800473306802,766,0.4816772751170678,6,88.31413390424106,7.361053818151076
2.822075942132184,6.725937666391933,436.5691258529452,917,0.8311973894435428,6,74.50960554627545,6.524979634792501
2.645250607641862,6.589490229125749,452.8744822934818,1290,0.6951987641193116,6,70.24253180045355,6.792258847868988
4.940457194422206,6.076575834316618,196.97124772536705,1362,0.4447971039383412,6,71.73423589710973,6.995222821041412
3.366148768667826,5.863811176337391,482.1357215450273,1339,0.6606217263922003,7,97.93108651710112,6.471001329198257
2.556104909460817,7.863892044972956,519.0143991711112,360,0.8057076765565733,4,86.37557812361305,6.38479986676577
5.884758467271026,7.101925385985633,428.6557129069792,1296,0.6250980256337126,4,82.64779934745788,8.24694959289206
5.317915978079601,3.0187152451473005,448.0983792097311,1077,0.7041451093908179,4,88.84564838101792,5.859133943870026
2.3604453237795693,6.756190198036323,469.46074552372426,1450,0.7061505287380426,5,51.88112482193956,6.001283183292613
4.329723734568814,6.596100975831261,522.5095786847997,999,0.7734833967013974,2,36.0544324504925,6.855932369303168
2.9441258563988257,8.477468770039163,545.0307591973576,1373,0.6137844167145897,2,52.70085399285023,6.835770140183083
3.100021506148378,7.478913723710146,442.7171087343127,1353,0.7315839032571491,3,93.98659492340848,7.13322937619527
3.103227738034084,5.545675434912333,348.71688796655764,868,0.7430515157279423,9,93.32902310123596,6.295124593034735
6.536464434930279,7.324159544562696,471.4093744130204,268,0.5836099254019586,5,15.090711722053255,8.571773408107346
5.017194553112534,5.925066014497487,451.8433933065393,630,0.6115798995229508,5,41.19034728779239,7.425547944976169
2.6037347079625377,5.451996735422746,478.0991867735033,1369,0.5414392994245993,9,110.98521430713136,5.540959682447113
2.397044808977072,5.285189859600663,366.4652946740243,1496,0.6534752086794251,4,115.23983605179048,5.7487626428189
4.35464053579797,5.244997277351678,503.66527525272863,460,0.742478820915332,9,87.4504070145978,6.653657640872681
6.133213547473235,6.650200759932493,357.6766753889096,1017,0.614657545868897,7,54.37782606251717,3.256780571785185
4.675085763923893,7.92510793927583,434.8214904964416,205,0.7512688462665709,5,69.40967773084851,7.283170590757217
4.569068043291997,5.265396558141859,448.0362201073319,736,0.7400536732980648,3,101.86366548003852,6.922550621376635
3.0234273548656487,6.262572285408849,497.3832920911788,644,0.7249842223524697,9,101.5661760489123,6.69849262390934
1.4423853061047414,7.228553930428044,459.28449011411146,652,0.4868021431479776,1,103.08639853668475,5.366721287763692
2.3987393018322565,3.3125139496678093,460.9394794604893,797,0.609832969090589,7,115.63934770415582,5.388725457699121
5.395560016482003,6.927473055603574,404.7693680750923,320,0.5395839072908325,5,74.06966847492257,7.363435224252514
3.65515719396216,7.421181565827809,436.2551485372308,1177,0.6837046774636698,4,56.12428655071486,6.896437038586982
0.9971011116827072,6.516373257847396,391.8319086051356,1145,0.6809636615110418,5,80.7986188067324,4.931134877152294
3.1407471169673755,5.726464032749542,763.7748533659994,303,0.7324028284430826,3,120.21006305782568,6.030215642713767
5.605054955187786,6.764294094238024,351.0395179741419,963,0.824045182141556,2,42.66126954841128,8.151701145035643
5.422465692505654,4.889530632746194,330.86965027973514,465,0.7509714767543872,5,110.74072697807637,7.079152813309229
4.281919857520721,5.177948288082786,433.1178276809989,1169,0.908880311838165,8,116.95419880578892,6.006816263041216
2.589949557852055,6.621998141085032,423.01250647066286,613,0.5432681416945607,8,38.69258874728649,5.989468416855222
3.3086763194336988,6.493076340287277,323.9116045664955,770,0.6548326745821021,4,69.89679997959055,6.490860249310853
1.9939181047369847,6.546236333187734,403.7724711294958,366,0.5291788210100732,12,97.3669210277717,5.478406598323669
4.302226004518865,7.700055371758024,515.8544272672831,614,0.6930996135697179,5,106.871430393257,7.758596497120582
3.617214594454471,7.336890978073896,606.1511196726852,1452,0.7353884157420804,5,109.40741895685753,6.469515328684393
9.093520318182575,6.031312263699872,179.00112542336603,1160,0.5904336298327462,4,76.97130843056217,7.015129063455651
1.4709945712346983,5.791615971283544,603.2738913002578,1220,0.669702964184208,9,40.755071578881065,5.0730905873090135
5.287849001620359,6.906877977702595,589.5683810789956,482,0.539608646683634,4,80.46931803353266,7.309297573742182
3.0590495785037266,6.390405860272771,448.77532271530856,990,0.786892401380586,6,105.94794671351416,5.896574573737537
0.4722682034170429,5.686704202078546,448.05803941122673,1468,0.6345421616981216,6,92.781893539519,4.97011120710075
4.148394425951233,5.598791147522704,432.692817571613,774,0.5620647894305378,14,90.29157417340863,7.125989958410366
3.976179891875263,7.350162293602309,527.1698710648345,834,0.3320129760360019,6,63.57359506636101,7.524736769147587
2.3159922414204885,7.694305273611267,531.0808273159782,506,0.5527239070350127,7,56.0001347630585,6.403985948431423
2.109952536729034,7.136249128245617,322.32514241796906,581,0.7024730894165269,4,102.63312021901922,6.166209550916659
2.8449203959391065,5.337529334016356,372.7174785462428,590,0.6658960686112463,5,44.83420314919916,5.888005374312658
5.665448005203221,8.329196289203216,363.8715798671736,1336,0.7234619707119274,5,79.91097035320868,8.625223920469262
2.9067211623038824,6.002594069040416,555.4502086255236,418,0.7881038323702492,8,140.2563296308321,5.724532665257044
1.9791560715611936,6.342202118313951,478.9774856896413,1042,0.6664143664547322,9,76.36691787978077,5.596601231358847
3.643016299161962,5.044286883731108,543.5678393147462,1071,0.5193782199110817,4,75.64955110862994,5.660496716330459
1.5597385621938562,6.133684703802522,519.3105607263144,1286,0.5958757449752818,6,27.78614368341108,5.626960791665994
3.974537482304217,4.408717013870297,419.07909229501365,1468,0.6148454738666699,4,55.091318848752366,6.468759000822131
2.8166907109641937,5.756732586274413,638.115706944059,1290,0.5806876658315451,11,144.2104508422409,6.089698862938411
0.6595779995693216,4.249453713432249,426.5846625276664,1418,0.61357131201758,5,88.1986764351942,4.845054928329515
6.3466505251189655,6.285066221184849,637.3297776217546,311,0.5147339004898757,10,99.85900404895924,7.7181360340175
1.4512637668768416,5.065149983331152,388.6597336459061,206,0.6637008258207928,5,99.59395153799076,5.009694361731225
7.977888503905115,5.769039797186061,504.3360192379935,244,0.6599125033269291,6,75.14823788784534,8.343187456636446
3.715082701013377,8.182687226736018,421.1341361079862,999,0.6257460931301837,6,109.06303624622144,7.870307925210187
2.274367053397714,6.382959255477441,526.7434729152909,839,0.4987176007064832,5,124.78780872847337,5.938336101146682
3.2163194138344497,5.673793720315072,626.5454240281097,1333,0.6161120547430898,7,57.65706368104176,6.064766069655256
4.398191584342865,7.403493144470937,694.5751979616826,490,0.6612739751159332,6,74.88201234454439,7.138177950624384
1.6214098333803215,5.0243137853973066,298.06300340459865,1300,0.7728203826355873,5,89.70048058033393,5.752426019135685
5.181546000986707,4.9806771996186505,378.0155791605291,1090,0.7589602467345986,4,92.52028969857818,7.014671059591679
4.8455992953306986,6.34791412629922,272.12797510957216,669,0.6891850602957816,5,23.32660711364628,7.560975141120526
3.377715990347532,5.777427652951127,463.0740577286092,1116,0.6876233931208664,4,78.5035213871625,6.859960533994989
1.9682563136595497,5.9696850681263625,327.2392184863008,1445,0.6694325068134269,5,71.42381453389868,5.584028975610638
2.575457887940784,4.835986439544558,378.5648581973632,1006,0.6400642178734699,6,90.74295941677904,5.214816220192112
1.8870314104261432,4.915330112721536,440.1110346808857,412,0.6166908467105201,4,88.10687614873858,4.949492755914879
6.563114060215616,5.928259925686708,545.2874547202939,485,0.5565641814965513,3,62.52432980630637,2.9378169994792014
3.930433781452563,7.02711138725681,446.4358517702517,962,0.7061665328826358,6,62.046306123275706,7.012262858434315
4.231340445630078,7.057003400413263,591.0932379746271,576,0.6550555751583816,6,88.09597259695212,7.297281283890775
2.40356558642679,8.062615682743052,474.9383683710755,1393,0.740276198928514,12,49.02829293565402,6.23282737461773
4.685557844077567,6.201480433494822,362.4381746615243,845,0.7211026546582013,3,74.30358025697186,6.66042926958679
3.8220697747557897,5.820425276166299,487.7211875064521,1219,0.6117834369924774,5,85.17523325985918,6.400690447337731
3.2945067658363127,7.424014178911531,427.5234598107317,1356,0.6272398770210514,5,80.19755860050964,6.776928408602574
4.373856978213208,8.175982163784022,450.64222698109376,1408,0.5156818905360661,5,60.61517782869479,7.566306369621541
5.492961242372347,4.756605393957509,548.1765486991594,900,0.5237402201323546,3,69.0968098169985,6.759177400461452
3.196213659402755,5.767011253274854,520.8214423256557,1495,0.8268991996973352,6,94.04109653065244,6.364020051293632
4.266188132791392,4.558446730345823,423.11113094451696,1051,0.6773580822677593,3,63.79690447024619,6.656588091549804
2.036950959082625,7.376271887099235,667.0942717497813,1253,0.5565284798107162,7,71.54753616929352,6.019884081474158
0.6655260618557706,9.402383298017464,434.8726716346488,332,0.7030336118980514,10,57.278662503014985,2.1576151378990285
4.780963964828335,4.274507390520354,551.437006501813,583,0.6768953554376758,6,95.79779384075631,6.498645889974239
0.6204902657035154,7.039065174474622,538.1639756949451,1189,0.5065137191635294,7,56.03425234678809,4.358921204484565
3.206914473234464,5.020300606063939,476.03218387712207,1484,0.5377185037261409,5,80.11831214081613,6.587380230099742
3.4347845752792066,8.841028513996381,547.1570950954356,314,0.5328123550934039,3,97.36636160853617,6.921544617313761
2.713149479349424,6.805728018766271,517.2573701202731,1016,0.6319316107809553,6,66.8660611242828,6.21931807251583
6.17269836315659,8.231958870881744,574.7742072673734,395,0.5674359367922867,6,115.36326982776252,8.821889914773541
4.54021836787099,6.907680227155937,378.1555778747564,1166,0.5702164980985883,5,67.05559060926355,7.416908275253068
4.7198077801219664,6.810686712916349,503.8910043684659,1168,0.6803949666575854,10,41.64050941916739,8.11254976178304
-1.4762143291225485,6.666204613318518,105.4665704865177,576,0.5233112631201031,3,70.93859182867932,5.892487052354349
3.891875796850784,6.09908218886983,349.7470635362191,483,0.7019753727449066,4,28.111287632326324,6.954129364892756
3.0189985616642123,7.177466166565306,428.231879677278,1197,0.4762379982748866,12,84.84490897829043,6.792632342719565
4.283375954026668,4.502921532063724,536.0473488359745,892,0.5809321694965425,6,102.9635951830825,6.068116837000903
3.2765460353490545,6.474905180530506,419.7530313511872,260,0.6333477005513611,5,45.32066770148098,6.203375742548825
3.427867239003841,4.22372768660353,570.8366230593142,1446,0.7690871029959452,10,68.0093928871886,6.300059486720474
5.679890994981552,7.794396459213544,481.1250154543536,617,0.6432338549898017,5,69.22973891067588,8.322857905155526
4.683585031063279,4.439408431564152,497.1468357135996,1006,0.5690871101435343,7,68.06107995860108,7.0155272247718905
1.4492932903096314,4.8612478324594885,460.64302276918966,1304,0.838124559792107,6,62.10159418042996,5.579357054076152
6.335661027733674,6.484743742746208,478.55540748576567,641,0.5722681961359917,3,93.61788751523794,7.741438649192509
3.907242966238472,6.992000738624507,375.15134634434463,1279,0.5206017845484285,6,109.6374102738162,7.237678401216047
2.654078767912635,5.194876613878938,479.9292580406492,424,0.7898777325049842,8,129.00435714978448,5.8392457863745095
-0.2324910301194842,5.522369879481969,424.2623462576655,220,0.6090836115335208,3,75.27409793268998,4.328435972028901
1.996674471609913,4.818297056461985,374.6035411133324,914,0.5045045533747708,7,54.51516702690973,5.603416483710153
3.526419877900486,9.777990800528771,365.6753404683808,958,0.6446420809703174,6,98.18717180604682,7.471751002083758
5.746147524769439,5.5502442285947815,464.0886246911204,655,0.4847169779215269,2,119.01987194717968,6.839616252745404
3.481866578230918,3.894899842732975,553.2465260551147,1360,0.5930887959609517,6,68.23668650871942,6.219522043699712
1.3897774857536929,6.307675641948474,337.32325310901945,1162,0.8000218963937245,4,89.07154636035509,5.262131030357816
4.850597882592595,6.303886636440289,309.73947282003064,686,0.7286329600040894,7,118.32634206513636,7.140525157928824
3.308517977722715,5.76152764571566,474.0753179488568,623,0.7168800835364239,7,56.25461487621311,6.023943869312774
3.221231371710879,8.964866330141279,488.19354522315535,552,0.5520391403205781,6,75.64647067004347,6.973581979675762
4.423656724656713,6.441727862216524,458.7047068238171,1354,0.5320948107224178,7,56.86660821592311,6.961485308304455
5.572181118035729,5.452970247826968,446.7305251905907,392,0.5752940657061193,7,90.36158380403168,7.540151075716055
2.13836572977962,4.99200123365917,634.8956094945345,1382,0.5692621227238244,6,90.7466199502519,5.433104157529518
2.7625457215519287,4.583127266952362,420.8306250206723,1211,0.6247394012762661,6,59.722475983177695,5.865272031860298
4.596146178599787,8.040162594792465,513.3919022318012,1368,0.5372447498489137,4,74.08377737572846,7.408043249387896
3.344853163564574,6.447502464773447,482.3167714184781,493,0.6811303605987119,8,96.79093615827512,5.87502114654859
5.2102235577819,5.731849273623317,367.93176816482895,832,0.5402389646491292,14,141.73750986694654,7.045613693155732
2.546956416761556,6.917929122912946,536.960592010566,454,0.5698378224641667,6,69.56084852464731,5.691518705017759
4.262402959511885,4.552019693189019,588.2158991037527,879,0.6235356231559829,4,114.59161293025764,6.388823993741073
3.2909041990051486,8.724757623259803,613.3431532301096,1342,0.7846083413842933,10,107.6411896689713,12.20135308094505
0.425088082133783,6.608330172564467,538.3659937486673,1063,0.4779927267709155,6,79.34040071552836,4.305232800665829
4.726834487037543,6.341563408979534,426.5412866624853,829,0.6396522092414497,5,90.96410188989408,7.157909801156738
1.0995933432444351,6.793526821513508,443.9339186185379,867,0.9001168827931811,8,86.18898887118267,5.480669188945203
2.0029090590283807,6.177245528329748,393.981895980303,1293,0.6239198970352055,10,91.62107419388882,5.7269590954635605
3.0679416891168856,4.972108552973154,234.7109407047517,559,0.6574345755649823,7,84.04927828327062,5.664968087656584
2.329701306323806,6.577512032260846,351.03718634296627,817,0.7383375804373442,12,98.99027227599888,6.301296778079495
4.571914685954927,7.616122714303121,432.7372700059181,920,0.758955882369271,7,94.02653438689076,7.835803656756438
2.160818726762174,6.786078599183716,269.6860323744055,491,0.762060631204515,10,53.129515698960674,6.119838307258913
5.06763271112713,6.466929552703343,510.600995134564,307,0.744585203661718,7,85.33098132300772,7.641800004516267
3.766625159402047,6.813919947944077,356.6732040926804,1080,0.7597793351904618,12,104.46926649099278,12.194470557154837
1.284612608702148,5.708566790438242,527.966053226934,904,0.5723074965164011,6,99.636469876793,5.294138559327272
2.0265589486179807,5.886681239930906,514.7195939702741,759,0.7714039364655966,3,101.91384717795624,5.543576526829344
2.711180486157194,6.029387281486051,447.2695460490068,790,0.683550544123513,6,87.55836708082029,5.441947975138696
4.196554795319861,4.297857989471456,458.2439752934503,254,0.7834418608571729,7,79.10975444603805,6.342738292699948
2.11186306091062,6.633888866062736,537.1124703431692,652,0.784709089313998,8,51.39607852141687,5.417759415695492
2.9240430920714724,7.166507423291552,524.7293605123261,548,0.4420993208937079,8,66.25646572103709,6.223387535608528
2.0062769078146565,6.422437344375358,246.1875464822146,1192,0.8029140949685991,6,66.15561029726439,6.197776978159068
2.9578058499590214,6.305379969158956,451.0352619843381,434,0.4694970871637533,9,52.12422784954923,6.610970531311603
1.7776050668710726,5.526732891162309,501.4438834058749,1034,0.6585770756221534,5,60.37740988476199,5.541490444374333
3.0737673531068044,4.778881509246322,374.8208949904816,1230,0.6477389946332098,12,53.44151404551638,6.107778751127883
3.818140029611263,4.896826633383629,370.3974143196511,434,0.6950116254917386,7,85.22465711318881,6.400675908671874
5.122650091509243,4.856563412738205,482.6133022242118,273,0.6530107823856041,7,94.5912460295927,6.780419603823756
3.03805770554144,7.597055601179965,602.3029856408025,312,0.5130382534887084,5,79.86812509044209,6.043437632293975
4.488868502648607,4.552729573785369,403.0525614065048,1308,0.6171409545606291,5,93.11870041158797,6.596270153697496
5.55580421599507,5.76156473748068,513.3776880932098,384,0.5701631367106218,7,106.97556600688438,7.080478959258166
0.2699856201931334,6.507614371760765,402.8961694381677,749,0.5739537112834506,8,109.5488524387884,4.946288922113568
2.7209054422608103,7.534666597280943,332.98869739406405,1244,0.6136481685239941,6,70.88575897015679,6.885958127632826
2.0072772772199308,5.460780733397516,357.26468658094257,1483,0.5387968391264856,7,90.53925314808782,5.877982051347167
4.337209271777759,7.247641704789673,452.6091050210834,435,0.5871535017498535,4,107.91724103442812,7.481880311659832
5.806897877618829,7.380729133342172,337.5357908162131,959,0.674924988204346,7,88.27619218467416,7.664151624578802
2.904207025781018,4.855336456687159,509.3556722280862,595,0.6827445697369561,7,75.84314467029665,6.09186028436851
3.658841679672851,4.679071562471325,370.74792615672993,316,0.7265586484603871,4,69.16139950641293,6.203188378468916
3.851036681529722,7.158214737260972,600.0759790634311,575,0.6869400066347705,8,92.48438176312222,7.247712689140537
4.214536654034329,4.204866988173839,448.6502775262066,838,0.7283975941015451,11,50.758213120849504,6.309234154334105
3.878853268994935,5.222704576799083,655.6207129940321,319,0.5624093845306465,0,58.57012487715644,5.956265353366649
3.1955290439065145,5.12084527394847,365.0155630535209,599,0.5843481673286388,8,62.02221409158562,5.978003056276133
2.5785152838555585,4.758092399529402,437.1462488561069,800,0.6551054753790797,7,59.12810984178993,6.222644045225362
2.400265704335005,3.5271879284749974,373.0026768941358,1439,0.549607684975707,4,67.8999383774842,5.178969213094264
4.051473939487132,8.245343206154718,446.2365297575152,1305,0.7947407633129673,7,78.85464392723509,7.895089399638007
2.964456198790086,6.413991010503105,382.28382884878886,1387,0.6066794829703434,6,99.870770344807,6.589430346610564
2.9605554913213066,6.973129181694266,452.8318376130461,357,0.6167799913645683,5,86.79721067612124,6.102670699671867
3.1912108536794896,7.796537992195025,520.7751935455475,1028,0.6453754199109643,5,53.082842558502335,11.270769601175806
3.838642284667632,5.724804104895293,425.39375118700514,982,0.5584055484905429,5,79.13842314767588,6.463398590303243
2.707554430005531,8.819355026399597,473.3216131263501,292,0.5533165787267968,11,83.30559996978167,6.440109232424137
4.433104985459073,5.214043384645382,542.4027019206901,836,0.649134395293646,7,69.04458919065344,6.352448878659921
4.906355206439837,5.227529319122204,504.2560043585965,775,0.5491065654238814,6,89.56669970530447,7.00971600532088
2.028251703290477,5.4432714493506005,326.2184501173151,402,0.6842523398384535,3,86.42635566802821,5.389759871617009
2.7106282152238683,4.153304813339277,508.3928185325964,1385,0.5714224847693585,6,108.41870095612954,5.606789353179382
4.710683894955966,7.6014479637741506,389.8293387770603,924,0.6796650761657868,6,70.40473844968002,7.41057029629434
2.960347031316372,6.614723419584868,537.2320636720679,441,0.6062615236171934,4,108.76266438913864,6.246517206175428
2.2285491070713728,5.093254915819055,424.0408648636395,1312,0.6014123878614341,4,76.01494081053835,5.631674028001683
2.271113210417753,8.442973464582623,543.1280119116199,433,0.9193248986743284,6,110.55302647901776,5.954781070983295
1.9090924004050984,4.811637186587506,451.4688194729197,1032,0.6386354792385993,7,126.7922811810059,5.044162205149885
4.676906431847035,6.014756228671523,359.0612545205261,494,0.7075598427452059,3,61.44569517364877,7.555621669427894
1.2552061173648816,6.234287008683858,317.9766792979358,906,0.6446390508931317,9,67.10698103595205,5.154167931420037
2.625862013582627,5.573132681556926,585.6240028570824,331,0.5771163746371774,11,111.3539865039276,5.739817144208291
5.2887612687169625,5.234197267699686,325.221681803515,597,0.6887591827306496,14,109.4834414594232,7.030331693329576
2.889445530609829,7.741778754019963,383.8213535231612,1364,0.6706681787369604,3,87.7219605387181,6.409705052450205
5.823530227242781,6.509037574458245,417.79384837943246,466,0.9120345599983932,5,96.73479549318702,7.57570871295972
4.136100292277677,5.271714967794777,436.73662536174265,1345,0.6741788346179824,8,111.39591063689883,6.713902478409481
5.292144292815406,7.561060605172727,407.3642403794457,1386,0.7292547854016627,3,97.45697069492569,8.243027784673629
2.095240437815606,6.544498525173191,398.23887009638287,1344,0.6494341548137295,7,98.30407229763506,6.241624482735997
0.0557285702941428,5.6871650927541815,398.1729781726353,315,0.6160422826768427,6,75.61024408263594,4.778317150217101
2.6246010104809927,7.225323199998545,623.5963803165249,1118,0.6711886913528599,5,108.77191430188424,6.266908021279163
9.389356559654493,6.643246791996757,514.8709887589642,679,0.509614256261585,5,77.5748092588539,9.8761847677534
1.74164936984504,6.899656155391295,526.0055963689603,809,0.5624368838874227,3,70.64764247653835,5.617663696072146
5.678701301706118,8.954996967217784,501.3267433113356,1036,0.7195722046870165,9,80.9186309916816,8.354142007958183
3.19008308045593,7.773002762352912,554.7098302612154,640,0.7688846718997049,5,95.9637360659037,6.317364047395171
5.477453487279004,8.37204518946899,374.5724149980642,371,0.657019722860629,8,32.0627216302397,8.739196779157126
3.044410956835003,6.417592575118009,511.1676288840868,1003,0.625543980119699,8,101.66757621827792,6.854947941986599
5.643286561720351,5.966105661001384,468.9581616598744,1459,0.5260770156047272,12,109.677761254324,7.813775413604739
2.561484068755681,7.325621264797597,474.8220586300336,1406,0.7454729688338316,11,75.3577762066242,6.263584699897094
-0.4063207849407013,6.1299846326073935,494.3819428146229,1308,0.6730889922670468,9,110.03977687245713,4.645605044931237
6.43123615062543,7.662443024847049,480.7801768892059,797,0.640179172036114,4,82.52878166684289,8.788288301791377
6.345933042159667,6.688451876144787,327.57017637106344,558,0.5213436922389663,10,99.48620035482264,8.660301487691944
2.5590298310730457,7.228369655805784,394.88142836714667,515,0.5524328782087864,6,54.5736801317795,6.291167540794751
1.1974396287014604,7.52546665155602,290.70062664683303,550,0.5374373842421598,3,66.75113183323234,4.078808754968056
5.300118434640292,6.199511555565986,405.5706739923888,362,0.7379952481063263,3,65.68230010535761,7.372518654387922
4.331086656673861,7.06672785721584,419.0883535797499,819,0.7155585606758651,9,58.33385247918791,7.019283253624486
3.5678340634999737,8.858476621799246,368.1801116577693,602,0.6458327264585961,5,28.826221086514984,2.955201849874069
4.02447507094954,7.817987693262085,338.94241545341714,746,0.4692912962350861,7,101.61193093738278,7.163632389063489
2.2228903486095297,4.680851655571683,525.138712337179,1183,0.6523644655799445,5,34.50947054767756,6.136585906300603
3.165918948835089,7.502939379119368,467.9581781939598,1353,0.7529814188506261,4,84.5499457130584,6.89941511577603
4.187580055327226,6.669199849972356,370.1702755461546,447,0.8170639158325892,2,101.78317233466964,7.43785773111726
5.09775794857158,4.766849785338756,485.0630099273559,1054,0.6537418867929432,4,38.47255906795652,6.5799323560271095
2.642380937065908,5.840909296048385,349.96686753944255,1467,0.7293843845243837,8,88.15109849194938,6.421143429535079
1.961370974539584,5.868646491096522,374.4254840507155,887,0.5278953468852264,2,102.78264036062438,5.96945220251732
4.948096226886756,7.611800582373802,486.1395605508414,931,0.7329738344091872,10,85.89587302013382,7.574938043586723
5.0920564473097,6.19478627305627,360.15320182089624,860,0.7152291448634889,4,97.40589835567864,7.287473875965968
3.9685673156998575,5.163244922209782,389.2178012905568,503,0.7274334215618579,9,66.95753081263305,6.510660123141975
4.457587888412575,3.2543545754900896,467.4577812831839,655,0.6427100540840844,5,87.26962480310102,5.464301678518924
-0.2943401165414547,4.7876914357972185,501.7659020469123,862,0.5267479749808776,9,50.50666912891317,4.507267676269328
4.358585466763514,6.82871276911554,344.6584436826344,784,0.5716306611578885,6,128.5851643310295,7.131608740229412
3.027369903208837,5.949227863701823,643.8928999058285,1193,0.7553876791624804,7,89.79700630032656,5.99063054005194
3.4008010780612663,5.462145582964776,426.3181393259992,1314,0.6852192464643723,7,101.09399907171196,6.121767020417373
4.8314831388107535,5.1712308351213485,429.78073475661057,1185,0.6089154828194879,7,95.2770831898638,6.679570349095624
2.763269379286843,6.209606945093674,512.1809962217196,274,0.5107906197496777,9,85.68859552079236,5.980003726396486
6.000836167326705,7.076365545849813,378.1592734430802,810,0.7908615401044509,7,53.1303040422444,8.416404324716037
1.5506281446086034,5.465823190976857,343.23795706174053,629,0.632332171376497,14,80.94063860999566,4.98691887228073
5.742407341179854,6.005265364007336,495.353430151398,675,0.7229240976659211,7,87.36917372178407,7.365303980427904
4.083738793501893,5.563406693755359,408.4712086099199,949,0.716371096054123,3,110.7166686855678,7.032352727196981
4.166297490936008,6.372414018555348,427.8746376414228,1260,0.6923205572771827,8,91.10501864729656,6.94057090518282
5.275240500334892,4.59775836779529,325.6136764608715,936,0.7204197206142752,3,61.27676170993944,7.035796771655559
4.051429760314567,5.712933464916375,572.7668992473292,688,0.603909901553173,14,71.08069743280224,7.223037497129308
4.664041870765213,4.658158269372653,443.7406872100478,209,0.6484509977883073,3,77.10511754813031,6.883404591090514
2.1661387576575137,6.464433611591365,305.19860995837564,826,0.5809943715906399,7,102.95515316299868,5.796360288220993
2.065345434772987,6.1517559475033785,312.2330632042909,253,0.5324541008737131,7,88.869526748288,6.104547142918815
3.279461864853725,8.440273653618714,542.7840128081237,467,0.6068641863128068,8,94.4285312286208,7.200140187327921
5.379263951641225,9.096506602820964,384.5924316872576,1095,0.5480104348502228,6,39.77365621409157,8.727618150640282
4.320678672762815,6.169468631902623,669.0455625809979,1026,0.8594374972418054,1,105.72429774922064,7.147423765301361
3.7327860257884686,8.145525675563864,273.69598446372663,610,0.6959544941900423,9,85.66486561360774,7.211132121600966
3.8659297968627504,8.028054187880766,468.4633858532304,705,0.5380416746177381,8,107.89302407071816,7.211111252983522
0.7001900729590758,7.078182054198643,378.4696290740032,291,0.7570824517115945,2,87.0933342452576,4.988620374128025
4.085697274893335,5.234129321730794,339.3665025993972,1002,0.7049398833667251,10,90.80183651176948,7.002144512742598
1.793471494362775,6.628624452273084,444.4415329089545,680,0.7314638713462549,10,82.6565390167541,5.912202426869882
3.290830586478501,8.441612687545854,459.17607765355024,1071,0.5844485360852452,5,3.110430277012995,7.64006964935962
4.77015616282474,6.66183605624831,420.2436496640008,1344,0.6813843098902035,8,106.38822450316005,7.487432189471189
2.5508674551724413,5.908708892401181,535.277367512222,1496,0.689398364317413,11,132.22523668969268,6.093792657388762
4.208609416820567,5.5970047609632605,356.21749600848773,531,0.5747507073433029,9,77.98725327638716,6.532137317992499
2.9372054295140946,5.353289475632879,636.5774511144757,1209,0.7525045649426102,7,29.23663141472054,5.677787508274843
7.117515013367632,3.786537843610664,452.6885838994531,1108,0.6630043062916625,8,97.58121114521762,6.8987622541663
3.219006472390438,6.139423506250954,568.8393273448085,662,0.5657384959411091,7,112.57215425368892,6.524598719716654
5.992205248592027,6.782932584612065,484.6448209496976,931,0.6873390067107488,8,61.96398506233879,7.590306280491284
1.7917503233288463,4.7162628345195,417.2337853402232,813,0.641871594876214,8,75.39136489686322,5.861551874543479
0.2344024303357179,5.747563453772577,547.519762978243,204,0.585669020005887,5,39.392796533195394,4.38583093583663
0.1916509143513964,7.256101429881801,325.5345296688583,929,0.7560645818149279,6,74.86719030409964,4.730898639307361
4.004217444539343,6.5098333191294016,452.0793707675408,476,0.5859630255612136,3,95.50521382818478,7.161138000412465
3.127207072888326,6.238506540285989,535.0221742113492,1033,0.6327233309389493,5,95.8865261730486,6.428916863401191
5.800150551944489,5.702677698099893,521.4000494092093,956,0.5364417490382053,6,96.84584125724764,3.049978197883534
1.8712623066722216,6.227987380974065,496.2103474263271,280,0.5707776538279694,12,91.3291528127919,5.577679073988723
4.010076941853336,5.731220006661209,311.7200269035664,210,0.7413392023637042,3,97.06771347732176,6.558730949345956
-0.8604823289824619,6.711185827430553,386.10382523104977,1493,0.6100478909821752,4,80.48037123635466,4.205873406285443
3.986085542332341,6.633113333022209,634.6636996047666,658,0.5443707186625221,6,71.42925097675658,6.731693129812432
1.015065188483339,7.444818105019816,382.6509375756132,613,0.6957802512500121,4,75.8825511785507,5.526665528356579
3.5613787630935816,5.800983684909966,456.0230209941026,1134,0.7034547801089217,3,131.3576779000758,6.009571710493135
1.8465953893162168,7.369302236797946,155.96113653357196,289,0.5637256680713131,4,86.87488330088492,5.473615889734222
4.053099720976279,7.276257865425028,538.9630795623438,545,0.6264757763032563,4,86.77380463897039,6.640774782122229
2.6995995403412496,4.269822743647147,597.7530081055262,244,0.586217447782311,6,49.01132193904273,5.018731150674607
2.008475938087232,6.7429013447485024,333.1321962380468,846,0.517480291839882,6,29.15270107577016,5.144179177464408
3.431883173101643,6.393819617490478,341.84519963856053,247,0.5104770451109837,3,71.90541674360531,6.496628870741501
1.6689313611287622,9.334214824295914,399.8242956415463,212,0.4682408161050425,9,49.5531857862546,5.723845320707594
0.9662254430491072,6.1272380958287895,530.0409525227682,1379,0.6637627863708084,4,26.92754326255028,5.154563339556091
5.41829871997009,7.862492074211183,504.3298029036388,222,0.5719883218369874,3,22.542345496153644,8.271195677022732
3.359545716891244,4.033344484163496,581.7394065634326,929,0.7619761878554884,7,85.04773234285871,5.793913423211863
3.0345384419226447,6.156476372613462,429.188314272746,906,0.564352997416347,12,120.81224740934218,6.24745682617794
3.374423060226182,4.8687441310524,406.8379687281952,1291,0.606038517744096,14,122.13060298009044,6.151996463410742
2.903663351762418,7.240531077637219,486.15035252061017,1099,0.6659043604723748,6,107.36183032109128,6.216113479575261
3.825163345643944,7.065371697678641,466.6452208213056,1086,0.6994967823391445,5,101.74128489318907,6.7725355627589545
3.9649984747483327,7.949985001447753,493.0041647191069,553,0.7079525525250976,5,69.48170314268447,7.825279156359981
3.3027911064924984,7.425534916367525,612.8615545571292,845,0.756035729337558,3,118.55872383406616,6.963255131888379
4.106442132442546,6.653991300870082,444.04746439382,1130,0.6371408801648787,6,75.02204910421756,6.69819258307511
4.127597331333026,7.406568521440214,539.959987543325,894,0.6795432791253286,9,52.06566682572499,6.578819570227645
4.839430805163154,5.053541504837526,505.0052099024552,201,0.738218164201754,6,62.18552582056694,6.056623161148636
2.9689389335884644,7.4166315622171615,358.0575765766197,1391,0.6293755905025802,8,63.1698787427684,6.570782367863536
3.2313600724757654,6.371912949733618,538.3109777147159,882,0.7898021291372694,5,124.61601601519304,6.377987231395013
5.859529587822284,6.999009626809436,314.83153943836663,1306,0.6810637498939794,5,68.20493449709421,8.691605759684709
4.519059924434755,8.454476289543607,469.905969557347,383,0.5082196639445818,6,63.155324717722976,7.136791831212309
4.543103711825448,9.136709609084347,489.9687951752642,537,0.5277256773951197,5,41.91029408950688,13.400952360989324
4.404781146623515,7.818835919097788,442.55540842338326,654,0.6857932278123458,4,109.1992380568368,7.4393548843749455
0.8463861426663226,8.497575843720764,469.68612358691234,1132,0.5131835185543058,14,107.77409412142649,5.270408102536306
2.587660238832861,7.028323576218758,505.5604466003449,1259,0.4715225430867968,8,78.20120087149193,6.480700341772616
3.27463551680261,5.866920314123288,602.1316051922452,1002,0.5415078694522422,5,71.56778784458832,6.308547063277458
4.952276990799292,6.61545084983237,640.9416640470131,655,0.6029417343576602,7,68.47058199083708,7.295339383921568
4.3596917198618,7.119108803217687,446.0444846143345,721,0.5055929825206109,5,63.981375535214255,6.873392680168204
5.044186222397536,5.367450690774151,426.10679008303055,1437,0.5473775914626137,10,4.281997062534842,6.5742380039753385
4.5392836337267175,7.855273862315843,431.95200864093744,1194,0.6558531732456175,5,61.79438339357252,7.493449511731713
2.487232587538428,6.019657217105079,499.67141530112326,678,0.81253403121251,4,113.35081706662132,5.996664621837803
1.657334253101356,4.518015722961053,446.2963202951588,1341,0.7627283639233051,1,71.72244112762785,5.379179472429561
3.3863535701968104,7.255397868897051,303.64850518678816,503,0.7661307945868373,5,70.2732780815177,6.417792290857263
5.627797017722055,6.969005375384388,488.8578604530964,966,0.6437576706966457,6,91.46924794376396,7.840442524545762
3.389078651587411,3.717607284275623,355.06011111680573,209,0.7283558079083946,12,68.99755707093573,5.655060051809957
5.882940392065394,8.137161592270516,320.31680520441535,1206,0.5939704109951477,5,64.28121001899174,8.750353758011988
2.595769016324057,7.31534320658217,462.5576453471542,1441,0.6352543511501637,8,79.80552073937316,7.128772765943755
1.84270581040622,6.907539299755952,386.26128726934826,815,0.7211182268259586,12,25.179042865511413,5.939649467722315
4.136590906791519,5.004173739402441,513.0811684554777,1494,0.6792313180301622,7,49.08486501680201,6.726729344302776
3.545047218746124,7.2910722755551,434.7530163619456,1345,0.5154660882607301,8,45.751108448825256,6.978395965775072
1.665657470666654,8.729236727376163,456.1679849847972,1116,0.5681402500676725,7,61.43433872070456,5.796174730281917
3.403723758066771,4.846399890003895,410.03638143853976,727,0.6948459061892632,4,80.42259226391586,5.822259161012143
3.399232564925967,6.524148098715238,351.42739536644564,944,0.5296706696777143,6,45.4636349610365,6.919444806768672
4.689763532328016,8.336738085406902,529.994190194205,1055,0.5318232780873621,4,73.87343234120607,7.540702990566554
1.769974234106061,5.788149419883022,476.7392314071903,245,0.6356340790351638,8,130.00996212019075,5.327063803264906
3.2134583560997463,6.944765958374471,525.1933032686774,1489,0.6890020956094369,3,53.446096936831125,7.291465553846819
4.182111368211702,5.589977618885806,627.080063563551,722,0.7002440901903145,7,110.68574509901842,6.4460149566645
1.9761817595150328,7.100556868831232,452.13116486719423,671,0.6800592413865307,3,52.106287240525546,6.087493178207367
5.38572382529386,5.956399456785942,666.3254723305461,668,0.67401592712462,9,129.10353372390065,6.830866530499052
3.632986386442156,6.00452666820784,446.41739608900485,370,0.7459173625095324,7,83.87238466081298,6.755260769027798
1.0407737562118489,7.638071375585844,474.3800713771199,821,0.6497145756168303,4,57.67417442690807,5.166091218393457
4.5183969350889175,6.93318659004969,313.3121301584579,529,0.68672747809946,5,82.85623419714248,7.841388814432627
4.882475167886689,6.095781083223554,490.4981710960956,1212,0.6044256690665785,4,68.60879486356899,7.7296158031370945
5.87081102985256,5.93598336071882,546.3376129244322,956,0.6543243996598159,1,60.43993102260399,7.768965000333678
4.840546534083666,6.093656158011156,427.5366850002976,469,0.8166462523485446,5,81.12469608940252,7.068324401164896
5.070976559932173,5.089445139468818,656.0747924881987,770,0.6648415871538295,5,110.75917925900566,5.987766906009817
2.659088544729035,6.55730397028588,710.1683114180395,1248,0.4185592908701097,6,107.58700847735103,6.205802461646796
5.054131476569384,4.567258576529798,545.3136633913246,320,0.601223483463214,6,73.58742501836835,6.558685314841339
2.7473237107827018,7.385694502023938,432.9815377475072,1034,0.5296181553191757,6,88.91967857680523,6.379187831576147
2.330220580667542,5.222936359192573,462.26703159947954,308,0.6109566765380363,6,87.67636840611885,5.889133227052633
4.8221112933853565,6.491505043998015,340.7687235327421,1091,0.5736115743381771,1,74.33680516091489,7.282159749984417
2.3559128321506786,6.36516757636949,403.4270246429743,999,0.5640827642123517,3,52.02952152014548,6.3561949663373145
3.003037425225016,6.96673043746073,310.1432426180859,1254,0.6108677922479716,10,75.98053444567111,6.281456665607003
1.5558250036251584,7.920519327547467,495.9180079228437,444,0.5264780429364702,7,66.39277559258089,5.847389257050189
5.291164104571059,6.740081796155379,608.6016816145352,841,0.6712026812086463,5,39.44722986230257,7.558571990569229
1.4475274417507844,7.436007153189964,534.0643548988724,1150,0.6201411311933849,3,79.77033194788204,5.681826341933871
4.73907075716226,6.654170477893137,311.9898541785109,283,0.5909307577544838,9,83.12070858212033,7.210501883891368
0.6382886631839133,7.237816235669866,589.9355436586002,863,0.6597527204494978,7,112.26753188843388,4.655378072398573
-0.748233397165853,6.485206162117614,401.6114165945679,279,0.6961669302801354,7,82.40126092867818,3.955256736028828
3.9215138754227095,6.348588798243542,232.7330453985964,837,0.7841465825240393,6,72.40101715120818,6.863608111127601
3.5426863717747383,7.862185238741638,557.0150238316428,240,0.7709254733849662,11,102.32968821572489,7.209850491898366
3.3118186099956497,4.185444136788006,392.32286694316673,231,0.7000198620912423,3,80.39002266519249,5.515073935401428
2.190558364319449,7.168307162241136,510.91381209071767,316,0.5483732143272171,5,70.60697484058095,5.563777189327993
2.3243697183133576,7.61908822440241,476.0673765823907,1214,0.6815665318078457,8,103.0752370428006,6.088873993170767
3.991731759264628,6.086461657021461,489.4452142378297,1207,0.8223093446463214,6,78.72444595707194,6.783674788765755
0.608491130981585,4.295283311158071,556.5480375065351,506,0.6721225240807944,4,63.77131363392148,4.7908224177694665
2.951741094522101,5.780633067626535,550.0582318042979,1336,0.5621774587884941,7,55.60882965634556,5.7075026436332905
4.898287346390577,5.714404431595352,484.2725346377704,582,0.474545351965963,3,37.22244073377837,6.326962178918017
2.546663237893395,4.54953673810584,406.0268941725825,216,0.4885721419137689,8,84.6559439863968,5.468032039991053
3.223211963516225,7.289998375188158,637.6795812558066,913,0.6134724610416108,6,66.32906776763532,7.090071514810268
3.1157303712569298,5.525730163539202,377.2862824175131,464,0.6956544666778581,6,89.41736071960625,6.439510305957272
2.275674133187053,7.7526506898281,580.1741289398798,1093,0.5638599153481811,7,93.86956303294534,5.851765418220431
3.383834808911009,6.678321311524462,432.7053940076577,703,0.5752710875720218,7,47.8566008806887,7.089438945961322
3.609020786494012,5.605261330682153,443.5861653407008,922,0.7391488843665811,8,82.37514414845609,6.255280599963011
1.5102918075333756,7.369940424255985,456.7518481410109,873,0.7944906440868252,3,67.59715032596439,5.325525525160868
3.0550888113953025,8.69437066849218,377.42561868465344,245,0.7124056731915687,7,133.2901774812491,7.004891266959019
3.6068806248663385,7.087632745032501,492.8816500330573,506,0.6284044350613728,8,85.0375113036997,6.829722187248042
6.010178135447806,6.340731488630543,404.9934528520756,1248,0.6954644578547429,3,37.24141833101941,7.85420720826742
2.706001831327444,8.182313903723278,276.02862212219003,849,0.5162168819517483,2,42.02250693337355,6.486717431092029
3.038287293291674,7.051016665799104,411.2298440064016,1033,0.5674701701171361,4,36.22676972576772,5.950479062337596
4.7212276431774,7.842324292881069,301.44396269630283,1411,0.8806164002580634,11,67.87488126094578,8.16457034572682
0.903198044832612,7.457657785361076,611.3711269058647,766,0.7140010630514942,9,38.18171589591333,5.075892991507901
6.132399607470862,7.351956718408052,320.5318524279094,957,0.5345149322679048,6,73.63303576827367,8.274324252154829
-0.2399062304951162,5.990423880166423,508.2097703468616,1266,0.6862367575391543,4,97.43064728081649,4.298607314111302
-0.4047056317409478,6.6682346884723005,412.7166847908233,1407,0.6557329747937781,7,90.07573115132116,4.753151005004948
2.727172409287636,7.903192551968852,543.259083187309,1126,0.54308020064381,8,100.89774432844818,6.555197979519353
2.1255186213898707,5.358212232089441,513.472146856177,1435,0.6041150345260959,8,92.46627662850454,5.5723605335197215
2.566947791668428,4.320984825416129,356.45612979554045,1159,0.7161541511008133,2,71.18987920504938,5.731257918792982
3.658630686907221,6.995017496925136,261.0459269054469,1137,0.6888487918241033,6,110.21452272607527,6.51870823706251
4.433310716065103,6.502605016635131,379.79469061226473,303,0.7220013655727509,7,93.23437819791636,7.38173319644435
6.087044974641662,6.931548705612736,464.6713686433323,334,0.7195482084644993,6,84.01300466533752,7.828966368786321
1.1814053199639003,6.357996386094415,571.8761851697317,215,0.6435279412756109,4,56.777410964676605,5.505429431752601
3.193293168520817,8.411517383356827,309.33389031517777,1318,0.7671342411508522,5,112.34065741469638,7.165304840540883
0.7524766291909608,6.094153129736718,401.1150578213726,306,0.643870837835632,4,67.73429253510119,4.928108838620937
3.298581256720544,6.697551695986646,550.3532897892024,420,0.6833417921490279,9,45.70253950249529,5.773082706992331
3.5313297324439428,5.201715011362338,381.9975278421509,220,0.7111692047497924,5,94.54306560118796,6.089701721677698
0.7131478229025694,4.951906289468267,294.4104353796373,1336,0.648378906011524,11,101.66596342223067,5.023800646152191
3.785635834887586,8.098095268347405,453.80034781682,709,0.4461668098464653,10,98.64367643577282,7.056228524784789
5.086052458067337,7.477435443396217,315.40203197532514,287,0.6439945141698682,8,124.53773617736404,7.255168280564531
2.875708392672119,5.176484613672626,314.0143859020081,1108,0.5974127667702087,1,95.0999997136552,6.009515599115436
3.6285307421050383,5.1740311811633966,657.5400798645439,777,0.6260836966290795,4,83.25787375911344,5.653827334948213
0.7532826824924745,7.604794574793846,388.8230909094715,1225,0.6618925017177872,7,58.13481029362268,5.262417529778922
5.052874002085629,7.662748539660669,392.3096344337597,1050,0.7292898147586908,4,88.48842703030672,8.001783880990686
3.837961883061413,7.661322545580159,600.2357052096028,1371,0.5991762307158135,9,96.4646586164159,7.0540180899908425
2.581749624267769,6.740028086799909,568.703030556038,736,0.7813182899459934,2,100.9884522690148,5.983840637603032
1.017668845657556,6.5848240409078524,449.6397460909432,424,0.5333926074153743,7,122.92447888276396,5.143755505954871
4.03768042731443,5.847927524210393,471.9150327663939,353,0.7389156173676894,9,69.55358199592165,6.544021575027367
4.626649181760965,5.6685883966738215,520.8303847201064,816,0.5745586755419286,6,93.7635002378078,7.38884971558288
1.8036673470111264,5.414595696268128,359.5683374895592,688,0.5719651123884909,12,13.243061339045964,5.548730053894196
3.762930168400886,6.702914326639212,391.9476550195277,752,0.6822701636075664,4,83.46142596534952,6.785542734258428
1.1345052767135044,3.559583977905704,495.9972142939116,444,0.5537412839482705,15,93.0355421877195,4.87604790439672
2.7720412469481976,7.190655768673041,372.1695274597688,1174,0.6790402137436153,4,83.73589662707718,6.169459235888816
1.4552389931107843,5.550784143689968,325.4261221288012,755,0.7877686887279046,7,84.98006481576068,5.779274396056187
5.654503108558968,9.379780999744126,444.4230922342294,1386,0.684430982842333,3,127.88039086555077,8.87219716469766
2.2663701014267,4.799856023461024,302.1478009632573,1267,0.7795623782592556,5,57.217084412247125,5.740158792718207
2.880503266784849,6.552841192076898,477.1578837195373,1135,0.6172020375251166,8,109.53134361909508,6.052134384456266
5.964009429883945,5.691624009067231,490.4050856814538,931,0.5438373054540813,5,61.7593606443871,7.412680135381471
3.5901289919227453,6.917172305745833,714.4343347017035,1433,0.4973345508247651,6,97.59417624638807,7.007985618674568
1.9151635358596208,7.874639359899158,520.9003757588512,1220,0.7490411673909452,8,73.63848311786415,5.629583122276288
3.073423025590236,5.426320402147326,194.60788650980453,1149,0.4908617586841906,5,87.73377923648376,6.004346243055155
6.9224777548082645,5.428901437344543,389.8632356048786,1357,0.6764251269908206,6,112.8555146316036,8.029836348173479
6.411826154695624,6.153122189710836,308.628550309502,264,0.7960009899660185,3,53.24548755648745,8.087066482219464
0.3068988583777816,8.672453138165931,489.18040054025465,567,0.59245061041437,9,64.13397389433777,4.556186854838447
3.360583690079617,8.646827289090812,236.4325786021305,1456,0.747946519102391,9,120.83031039947204,7.0613386662834055
4.301943629183653,6.486896045538819,408.8123033877533,1045,0.6689283741575438,9,88.22905414018263,6.774074122613816
3.8904207598743294,5.270922935318327,369.1701714644848,797,0.5458144785033819,5,39.10783953700325,5.83102329940796
2.0931116351954016,5.690594429439591,549.2042349536523,957,0.6598916409388039,2,81.01120025860776,5.542784516560992
4.25820523874994,7.039202063225522,344.22890710441,336,0.5336932845727957,4,87.49002733866806,2.818212973065478
0.8204368019679702,7.093753741194211,511.5367484013053,474,0.681707841034864,7,128.1797503054111,4.676187704570276
5.257576872074239,6.321549319737632,494.1940649569409,522,0.5039317902329057,2,78.81973155423539,7.150881772786598
-0.1687113673175098,8.092614209746655,397.9088453449385,989,0.7433693901815105,8,99.8616875197082,7.819325366374101
4.38282990465608,7.828328759961421,298.5152775314135,812,0.7408555482201913,4,43.56857219230201,7.825349129713907
5.733669662492434,8.466611223417091,352.8385961489348,1415,0.5465997155741533,5,97.92557237692708,8.563730231064262
4.334829686800637,6.614530493435987,519.822331361359,925,0.6181403830182107,5,109.3872688209427,7.445555922971165
1.433573748868644,6.914620725539435,507.707212718054,755,0.6467031081258378,7,67.17329238345694,2.103129554763228
4.138234899860345,7.1566781981539656,597.6540349725896,385,0.6766076661428873,4,102.27368266733534,7.1740626297159285
0.6752746879121245,8.64615125256051,505.2489954417148,1066,0.5440331442542168,8,82.93591424022955,5.3857650561962025
-2.9188887979081244,7.567613168104126,801.863706832071,1025,0.7012931640548034,9,62.69218457570625,6.223128640648186
3.7577590096902966,6.42257807439201,469.8084760767855,729,0.5296643611404046,9,76.72595042608188,6.539736291118071
2.1133010178056684,4.618008253048819,358.1348053515802,385,0.6234217821605115,6,70.67635885225314,5.21609601213895
6.480591667549161,6.270929978495998,552.9155637325644,1231,0.6254362902199773,5,90.38622561859816,8.088719796807661
4.155107827600264,5.922461333141836,357.3069528421917,441,0.6766210906388943,3,15.46077360536792,5.8579844454695165
6.108277027779997,6.251698198104474,594.6977884353732,858,0.5546815661436761,7,117.3188838408006,7.905249362859406
0.5466152863758751,5.490466444932025,587.3658545162957,212,0.6937956108991248,7,94.12695113831695,4.495808367392517
2.182515384230392,6.965038122864264,438.87739386513,1421,0.661707437506134,3,113.86149710829854,6.017690317743077
3.735040592369786,5.139955102880451,429.0976742713975,1349,0.5292346394024274,3,124.08342474950904,6.590909363602833
4.132319125304842,6.026181956519015,416.5224667893459,918,0.666681030484678,8,20.169718396889387,6.536011061370456
4.173828081927551,5.432313499551655,462.0031326718261,894,0.7388147843889421,4,60.552711105483326,7.114378082619028
5.155816014974386,6.356337062442836,456.4474414810121,210,0.7427312034526927,5,53.243873656612685,7.008990225979295
2.458099446255283,7.39456399086666,285.46012530431085,1314,0.5447528306868903,5,93.16813691583458,6.410098041059175
3.1056637561875986,4.945246941324637,309.8148937207719,1386,0.5186851413285052,7,86.67400604473251,5.907625679078262
4.378856301746974,6.225185512858436,330.6074993600945,552,0.5829068899465637,6,74.1575024733844,7.131285351269012
1.9512141447086904,7.039781787478296,321.0039100258946,1308,0.685956830025343,7,92.89016006288692,6.085778429370605
3.619396793564056,8.366015288528557,469.2049116490032,1076,0.6752079289626367,2,68.38147180286919,7.288783134964052
3.004819859050325,5.523731054966897,266.37946268967033,311,0.6132171828852937,4,92.70376404191164,5.365236517962417
3.896030122000505,6.434434455576548,528.5800158650832,1479,0.5988526930719902,6,88.02516498345699,2.834112585606201
2.6202030956540967,7.18558348895242,557.8680833431296,1468,0.6022948308005506,5,83.34215008326501,5.897365256653771
4.205066281052304,4.937048347013585,451.5579047581468,263,0.7823923674161531,6,90.7521399918858,6.443255921954152
5.885873108926775,6.602029508339633,543.4319911239273,1362,0.4610637795292783,8,89.88559406498261,8.129028680486885
4.112079270255133,6.234412478574115,507.9633173213576,1221,0.4648896326076299,6,51.11580987018799,7.055198173057999
1.585543375192496,7.759773429654104,610.7345576019993,1467,0.7162573141298979,2,113.05709853338666,5.522585359185937
4.8670440832620825,8.577502771148676,405.381656678522,764,0.6763711961662017,6,117.9751646595102,7.604356395252513
4.899692108511604,7.048389062914382,501.3907849658915,493,0.8628830824727124,8,82.15298366672639,7.689953483505437
5.709006013626473,5.124135706432363,399.7945775647389,1330,0.6951647941971666,10,75.11766480451665,7.181460262834489
6.248835565218803,5.680645269798504,553.1844539468635,454,0.7379856737947423,10,58.29806763409184,7.997173106773692
0.8212002620988335,5.342067648770459,518.1500697372625,1041,0.6766205312388924,6,43.45563202963423,4.748422314264422
1.4733884506879678,6.880350969222516,454.8521627944827,586,0.435731071730567,8,63.03614383750951,5.287730100303668
2.2876014175386103,6.798429773021703,534.9602097021025,1179,0.6267561651211225,5,70.1374616553276,5.0173928649171256
2.737789703529033,5.414019576052563,541.5402117702074,1441,0.8727971464538041,7,76.5760133449528,5.78043359962793
3.0803597472562485,6.785066740627141,430.9661321916392,1312,0.5737307374005257,1,44.70413771215272,6.621907081205372
4.534561707867791,7.9933407311640785,441.0879960487212,1437,0.453372590509577,6,127.84281480016628,7.825035400488395
2.537769636433536,6.470113618532895,455.8208718446,701,0.6728657774204194,4,92.99204437121227,6.320853296587464
3.0985383636518096,6.1302718743260165,520.1172742310898,959,0.5677978295854422,1,118.50326674651004,6.076177249233772
2.881668882463295,5.985531102703301,512.1571889856051,253,0.5748970396588695,8,62.97401320711022,6.117415371587938
6.4588132651847125,6.269994695633292,413.46784486878914,318,0.7078084508989512,7,59.8708124807902,8.140226990614277
6.210794965456827,7.323407117854183,288.6438602123259,242,0.6502531936350244,6,53.29934891577033,8.537753739936361
1.6512150278472364,5.232973231582768,600.3992988582688,937,0.7688216756548237,5,99.54658256269104,5.2093472746010985
5.354196082709327,5.8345584772044425,603.8036566465969,602,0.6118691899197359,2,118.88865767890286,7.414116012003289
2.263228757708489,5.9954884930964,514.2722759867544,1172,0.67570489871305,4,65.19297259814384,6.092681440020034
1.9841026701066296,4.839549594723856,472.46847257518857,805,0.6724189703828016,9,37.31290306800538,5.8019418827744005
3.952550013352604,6.045226944949754,546.4851633097458,241,0.6676016194343763,8,104.13130289282246,6.565266332890952
3.2252050719194183,6.661848989935567,390.842861116417,518,0.6667320083569853,7,48.17902397982962,6.158267543590699
2.713867403098112,7.88150464874606,438.4351717611759,1359,0.669795648669918,7,70.36618314791394,6.924883502765325
5.331231948219571,7.29571715886332,335.8310885866495,1035,0.5865163648450205,3,83.23674384034966,7.794146960787688
4.122298250542865,4.087481245173622,265.9125768668355,611,0.5275556934752728,7,82.89162389706834,6.402358268391648
4.270421696346644,7.738404492564833,291.586405699451,828,0.6470794227575652,5,92.14739131840012,6.881803647536485
4.833555683419839,4.787614090330564,478.25799504883,953,0.4272758792444185,8,78.96823452508092,6.663710977071714
5.947785348633664,6.383511587645192,321.70077758114303,1179,0.6006952814151553,7,84.06625712541477,7.751370869877666
1.7004537074520378,5.630960749239974,486.72873134013406,960,0.6367595887223231,4,60.6651639784514,5.471189396078628
4.090695947324377,8.730627197844852,458.2283989275424,439,0.5806570757384519,9,90.6289400226351,7.644827910376462
2.794936778360748,8.071818093992501,418.4730755359655,506,0.6178762300179669,7,40.89521420599206,6.456293607294937
5.488694971313285,6.224504983313339,469.75996046924,939,0.6912452928910653,3,115.11975734169464,7.748401993078093
4.222799092577738,5.054253895035503,477.0456825779839,337,0.7286805363570275,5,119.8156529297988,6.482858586101842
3.2737434326499573,5.064080733545962,555.364179660784,774,0.7772091381522181,7,94.11395247191685,5.895182378651991
5.715401639177411,5.9192289468932495,337.72779784377013,293,0.6487405798791492,9,123.19081060295068,7.537750429379039
2.4130731200540563,8.344715329163812,479.4431679310897,412,0.648100548474716,1,65.67773693636713,6.995516467707617
9.0986875157965,6.867797167306147,653.7956236628874,1047,0.6560754655714502,6,84.12755272038254,7.464441761140236
4.803734096583909,4.944740912472358,438.767195030917,1372,0.6008365086414155,6,80.17358899384307,6.877718545312631
4.155969780558441,6.24822596425571,586.4140429973844,1417,0.6483061417094451,5,66.47100636937307,6.904993615061064
2.8249807130062794,7.400766300916386,514.5484181141076,1237,0.6080531607865225,3,72.96382703441549,6.241909189848201
4.994177322366694,5.441265096833035,408.9185712045416,1127,0.8125545687299529,4,75.84694314338223,7.154293780664852
1.9749753071352545,4.965079554486774,413.903383418092,336,0.6388399692670502,5,80.843778836451,4.894597243880896
3.529424986540985,5.739566274349732,456.85629748060273,1445,0.6252178190176065,3,74.25892496557567,6.7433108305077605
5.109467071649018,8.165986645505464,422.4948302848356,319,0.5382736301012461,4,77.65115833455863,8.354204303244874
5.4881481636426175,5.604835868412149,292.91238479315007,421,0.6962060544266623,5,90.03775599843097,7.202057764364543
3.982389817008858,5.761930801413369,338.0330105373856,1152,0.7948521361041591,7,27.525656803998743,6.399714775010202
1.1527958429569174,7.423421575948895,625.2270443423622,1432,0.6585721686631093,7,66.96677081357873,4.307545845232509
2.232587842109756,8.654070760996708,500.0844474944457,1059,0.6114762307415449,5,87.62169012027314,6.724083200397844
1.7158821606990082,6.064482672528781,433.8714288333991,1076,0.4971061094649917,7,74.59665606655899,5.809992558214813
4.932950837356629,5.329172788753743,230.1194043379918,311,0.6283424123249659,7,31.09715962612696,7.244851165504048
4.924391857046732,6.247178097541504,433.18561814152105,1370,0.7301725001696708,7,112.21240653742984,7.212246770822016
5.014207682893954,8.199370857850091,513.8051101440757,687,0.4987682792124207,4,96.5890915380919,8.303338896061309
3.134924030937473,4.516019026302206,446.5315112613219,234,0.6615199344699633,6,127.98040990292564,5.232849900772117
2.19756090218545,7.533699009321441,483.7602662075202,1196,0.6096932216605151,4,108.38079493101348,6.284274361179314
3.389040704608433,6.549265242117254,651.3387247526623,721,0.7345245465937128,8,78.61079443187407,6.848590873129459
4.744212262897623,6.435396770531325,277.5082167486967,1157,0.6046284422496075,8,64.57342187877833,7.028122171696053
3.108511872760669,8.470440825183196,479.9157842839261,1318,0.6473243664011059,4,107.69983268221422,6.216469147405597
4.246614633637091,6.050600792989617,531.3509636000639,1367,0.9346985448754233,6,105.84526087715015,7.155625686206018
1.7684559976505234,7.114819480464764,552.2570432009641,1259,0.6767797665287313,7,78.24517171754933,6.009883929799109
5.151232097633908,5.4340231498845615,503.65098435704033,597,0.5894895076400581,12,69.11698253575724,6.544321581874389
3.205300124857854,8.131312301224284,631.2448557996929,1399,0.652901873472587,8,119.76187597422376,6.690958188544135
4.055091672903433,5.487889678390358,492.3599065593461,714,0.5967957392709429,4,119.7456880211563,6.539109846009689
3.8645070830816,5.790706988472874,429.0778126255472,688,0.6389812806407854,6,92.59024846669814,6.618599350647488
2.725355534168642,4.689330966120072,387.30329422122327,539,0.6113950917714883,6,71.58423406377744,6.110806891042066
2.594029061046156,7.39306381471899,347.8767182869287,225,0.5805812930696257,7,71.97761412731737,6.012669770484475
3.5101997668399965,6.8865709610947805,722.0169166589619,346,0.7405722071867931,6,79.6438092279745,6.527354334268967
2.059930557080804,6.606272157324179,334.1635310807457,1046,0.7343440859081638,7,107.9903379033451,5.749041701825265
3.724045223406783,6.288127674768672,483.8483843461691,1264,0.6584085201945516,3,87.08833039771928,7.196149986915126
2.803393606535918,8.281876196492473,663.3033374656267,1454,0.7189551183227469,13,101.7760307787252,6.382393710369624
5.67274884483939,6.623922205256098,373.2652437111951,287,0.6182893963833578,4,57.44046283254076,7.806856142689444
3.7633043443678966,5.204130276284443,611.5582823548232,369,0.6501177354515746,5,108.22386289534818,6.368172502451338
4.927324655861064,4.273458918532018,568.9470488924641,1345,0.7017598595669597,6,79.79041379925343,6.323875408082121
4.995288160198712,5.056625169743698,527.0865193886967,979,0.4944716594441225,4,114.58490556533704,6.878217859183987
3.0487103792887607,4.943183108070148,537.0067730688754,1326,0.6736156406987923,6,57.297200868978,6.276366511218722
2.6775968076123844,5.601922071263623,387.6859473575236,297,0.6377144338414064,6,89.8147395001872,5.458482571625717
3.9936601680651935,8.299367215462258,517.7875319530908,1375,0.688583571438792,5,74.87698391849203,7.647826232734571
1.7483306730980974,7.027038391701103,488.24097461840506,1456,0.6553177947903136,7,107.97811144408186,5.258397350282072
0.9689834793339344,6.837961764497447,507.9291499601088,1259,0.7432522716479398,6,114.0223419279412,5.552658552722617
3.4191427264913914,7.183736014598525,343.4886336924627,696,0.6277863213251402,7,30.57886074018285,6.990889988425878
6.043584316716298,7.10973784061315,436.1544016016226,861,0.8160137640513783,9,77.24623657074594,8.529100363068377
5.960921845232431,6.3409485653564825,312.03818352110693,578,0.5043569961168579,3,107.3026359939619,7.764004000728685
5.335353323627942,6.176595432032647,677.0692857804396,1432,0.6714781625572724,5,35.61945656975954,7.01915271901729
5.358419529409156,4.891853597686778,487.5698018345672,209,0.7548724541486701,8,48.04030905332596,7.090076314240112
3.0925173345109203,6.484944866100433,454.6980593764742,282,0.6092860441823612,7,105.6767561932531,6.109178583186058
3.386501593511255,8.760468866414241,463.6535331082737,1362,0.5899312575734502,14,121.9321291546988,7.096951757175948
5.327292067631384,8.284005896019536,537.1297297457244,830,0.5588793801377689,8,117.05510521326688,7.9646201462496595
2.0642736276574354,7.117237039456106,390.0607354555978,488,0.72113059641874,3,121.36320768330768,5.989899182589332
2.6756642961371297,3.399046497272918,374.3649254715697,639,0.3433199269160567,5,51.757827898918976,4.998223118982224
4.410275889823507,6.463726208648964,454.8084946661382,607,0.6245557208468205,5,79.14059331217626,7.364217742014682
1.153637582433423,7.411625900021811,536.5755194170122,1244,0.6644647384488164,6,75.94383615361357,5.73981829496763
6.331531486010285,8.734902946291122,385.3063222294426,257,0.5294926438597349,6,36.35349153613785,9.212282734450271
-0.8360155289784856,4.359489588575141,819.2955225565191,1254,0.609853078551892,6,85.65509604988304,5.017747232253701
4.374106374760797,6.379370609125786,558.5982116175032,1100,0.6205171917026707,8,22.41656544201472,6.492523713967858
4.175905119293808,7.013939015388763,387.62310393041946,1266,0.6731648193722564,11,117.72735345093864,6.724215314208996
4.30644485442482,7.3341542858544,487.7100393902186,375,0.7466539809236512,6,57.42732442453556,6.8427173361312805
3.007072286376523,4.30778664119452,475.7550390722764,614,0.7491512652022784,6,116.09501786099035,4.759517110400128
4.042125975909654,6.909761179800664,346.00940728744695,494,0.5533672435701316,9,137.49452057466053,6.337403438923378
3.3550644949776656,7.101445018860946,509.4754341665286,743,0.5472885402391576,10,93.8191849895998,5.950980941526503
4.568483239370243,8.013753236931468,316.5974505081796,1330,0.7095709062628095,8,78.1670018683689,8.220164320118252
5.359376009662342,9.16056004947606,367.24097793512806,710,0.7389259891444463,2,69.30374169681347,9.1319517438181
0.8359823689273966,4.758878788778109,345.5190805978966,531,0.798849991029045,6,80.05835618730362,4.808985505049131
3.0726867599454937,7.007194572174868,292.9775280109544,1322,0.5415833796801073,5,111.19276908266455,5.982522092031255
3.1390022382046805,5.453731802349976,517.1340076450466,325,0.6283424572858535,5,94.33232640413038,5.884886437448238
4.129414958036177,4.981294413374177,455.19458858072994,210,0.6065376423799348,6,113.55750624943956,5.995859663965251
3.7276369883731104,7.458589770275936,484.1151974816644,564,0.480176305781115,4,65.3088573790885,7.091223333983407
3.777763305244871,8.065587952888112,462.52245026479073,1430,0.6304069333133986,10,111.08612671624252,7.153328535584945
2.903480459578094,7.888786277490491,428.8869761172306,1092,0.7345633839282623,8,53.4948856795236,6.716658368287884
3.0195532931950373,5.551237875865102,361.81253487722825,1228,0.717043990780194,9,86.72246863698707,5.728117810635906
0.3694594720968966,8.274939443584287,312.06807719854726,1357,0.5639585117099464,1,99.01026254731516,5.442889673512082
5.7789258854626535,6.472927860468889,562.6565029547758,1355,0.7814231839836258,5,99.08013212169422,8.152104044093054
1.6951987169162832,6.406980720870351,488.0197851005963,1233,0.6517757957491122,9,70.80845423964554,5.478415990368601
2.6160925223160407,6.558746029348681,435.5912444278384,934,0.6784418411398487,3,29.82059944006825,6.377663602079205
2.895386016402454,7.6745919919946335,505.623000940066,885,0.5546301566761564,4,80.14547467532466,5.880063315650908
5.345333263476181,6.119711603656935,410.8351432578209,1301,0.6725631874613129,3,72.22554676869402,7.364667541432481
1.9639571136704304,7.304364943151646,429.0676322848134,518,0.882784124294786,8,42.84512696452529,5.8857828569840605
1.6122426339869982,5.51433275174119,337.0293145342382,727,0.7388746721545606,6,73.6291516122272,5.403570911577758
4.546854908808541,8.12911977825931,437.4213079900352,1263,0.5314382035631972,8,92.90488626353988,6.949732985091466
4.404871250857091,5.212472332306014,483.0880232214457,539,0.7230317800129537,6,61.62077141842934,6.345516808151314
2.018189988648876,7.580921571432424,437.0179300266574,280,0.5020137017827855,5,70.28796562944409,5.525455104575869
-0.621257264087852,4.098867398086879,518.1891489626312,647,0.7072429446397724,3,88.2447426798646,4.368211415284689
7.431189636544962,5.885568320703058,532.9405581183489,906,0.6914584064358097,6,121.70773289310276,8.828481185887316
5.8451200382481625,7.163595967990926,619.6456368290038,1374,0.6766811595327146,6,68.57679767841081,8.100663917381564
3.578387735746225,7.720071027205312,436.5982833327082,1212,0.6311170156773971,4,60.82292807204317,6.772124419430934
2.1721269708136663,6.921542262145079,374.78435944094167,1181,0.6843575885118884,6,50.87298235491216,5.985005966015549
3.1428343455319188,7.280216903825563,505.83269125217225,1381,0.6840816394333178,2,93.68865225124242,6.464968742744491
2.6230734040142005,5.148401559094424,376.9069960058081,725,0.6988600193745358,6,76.14018064945458,5.744905822062564
4.387721200612067,6.422272001526713,497.3592430635181,435,0.5987766491556665,9,98.6299365893975,6.647809355360092
3.081674908773865,7.575805019609887,398.2711549899628,375,0.5891591350579845,4,32.426054173157866,6.790366645458681
4.9676331680420525,6.686182370336787,467.9894151153479,477,0.7050253805902011,6,95.82045414342308,7.210296179606856
4.6368827748854295,5.361932534014604,607.7453279763474,1156,0.5023218919856831,11,45.87682547579903,7.1849981943447
3.65278444289298,6.8912249679531135,371.67467076637627,268,0.581923681938972,8,90.16484782347044,7.059230771064583
2.180278469746918,5.192395476815994,279.741639576216,258,0.7347821998773291,8,75.20986342318744,5.43023992182736
2.086162991312185,6.616763395234215,486.96421921980937,663,0.5689487476867818,3,107.33461379442156,5.998743869165645
5.798551587017174,4.1901737360416,440.3286888129608,402,0.7396027345661181,6,124.49357552711892,6.971965129181776
4.327214412859285,5.035118519533248,605.1151975522523,556,0.5926033268875599,4,58.1616734750683,6.186051578652895
5.602397889419644,6.612075680546053,480.7299520876609,1319,0.5814284128980131,3,98.88398437392156,7.875014532116716
4.344321290261532,6.394917547659263,490.8252755714472,388,0.6985475195092691,5,105.61340679019256,6.967057709661085
2.7352899602136764,4.688913687630466,511.35179727304165,1431,0.7168764160934217,3,98.42638554263928,5.712700754160172
4.625868751282648,6.47494726289372,454.64365481561487,600,0.7478466676850973,3,89.00138373153474,7.117896223365595
2.076625218762744,5.902846780695229,441.7848821607431,1297,0.5779935505802298,3,67.03800133718025,5.198327236526878
1.4811936147901776,7.043189166563891,553.099952249595,1393,0.6334437258949919,6,81.11512713820585,5.801114924555031
8.3646394543921,9.205258872843126,483.1980330569015,1253,0.665771535411377,6,87.3160248815241,11.252832371686091
5.328456184690495,7.119304891967712,473.8789159026513,603,0.8690104779124828,6,58.45355545176048,8.412513389126946
5.334624600642988,7.8929675718324095,441.0264305712773,1085,0.6996948084255293,5,75.36304232012705,8.147532585092922
2.730205453229906,6.512010016170247,392.9253706250524,616,0.6973837945566427,5,73.99993993840515,6.027067084156841
5.59939196771869,5.313042623677301,464.8667457202112,1424,0.5840723155876539,6,69.28661380653065,7.513561259830816
4.040971837153693,7.022004139609574,375.5097355193551,845,0.6248755393895479,2,70.82353555724883,7.542771847182597
3.5018082130433363,5.282395058850025,607.9212815507392,657,0.6527199374182909,4,80.24229176786437,6.233966955142608
2.4396611480189767,5.860200815247317,549.8010109859653,446,0.5536310274381856,1,76.8383388310267,5.562122203801883
4.787021292953218,4.89987046065716,427.6534017628148,887,0.7026385289308047,5,100.2612841968322,6.259244406037521
4.968287076172693,8.937057865907397,400.6999065341168,346,0.700641769619869,8,119.26774357330156,8.307871766043196
4.021342420705328,7.546672256218063,515.5900776529761,454,0.6625106451731154,9,75.8999270511338,7.440327960511032
5.356480636267998,7.453455221100487,335.6273792679338,786,0.6532331169962348,3,60.824061831279536,7.587014027407765
3.081555604502287,7.468499471976674,346.2753845673544,1154,0.5737051927350298,3,53.87067983331009,6.8382515850381065
4.369785927942698,9.20918826846615,484.6488475897993,1396,0.5619737748173353,5,115.27550918181204,8.081129495835759
1.2998222140764844,8.261150023967337,280.70431858046146,1499,0.816093881869979,1,88.18213365409449,5.683947934370632
4.617507969315922,3.93920552959914,347.348470058894,893,0.8396968733887413,6,79.51099577652012,6.358885368719554
2.88137927267528,5.5759324373549175,461.5026079147417,382,0.7415113445022232,4,95.0938163300204,5.323945173527117
3.5746605307714403,5.289193209769814,417.8614158347007,1441,0.6382505066961595,9,125.46444757835305,5.903862516131529
2.11315382843285,5.5126159474344565,297.4343685429905,848,0.6586026634598958,4,77.73315753524726,5.872651693620237
0.7398833832413709,5.149301912928907,427.3521108098473,1014,0.6303448317896134,9,27.86662648486612,5.0914256554370105
2.205836353935319,7.6768063948254355,309.2536225623445,213,0.9004668145083472,7,94.54546919783049,5.821028118252753
3.148970211339528,6.082650645136807,425.46118839971297,288,0.7402083437600501,6,56.59023579285769,6.431795352528845
5.280101930265996,8.545189418912758,379.4988144241592,1475,0.6133585842279142,4,66.90717314646075,8.572490527561587
1.8617545509228648,7.036993203508698,329.0305257158892,1333,0.5646988691390359,7,56.26270273529916,5.842863428424423
1.8655504439864168,6.54360672833304,425.4256935914056,1041,0.7092244604080432,4,80.34706669554484,10.143518802535809
3.790384867051317,5.579202448750348,547.5545127122359,452,0.5672643101845318,8,82.29888216574123,5.682559732574524
3.4462616319403057,6.073544148143274,572.6933223884307,1192,0.6543126762113686,1,83.31717137261249,6.511027958935705
3.3791003760548586,4.526629879242249,472.21337716337126,909,0.5245029531128602,5,87.84643114435299,6.005089362074426
4.50298220713686,5.295170463866688,468.6609123156358,553,0.6373198428336778,7,78.58585913209218,7.160620249827375
5.270961368678217,7.9583482071650655,527.8361076166638,512,0.6041230515474219,8,127.97106055639986,7.7661770577014915
1.9247888905967816,7.241049044847919,331.2401580970487,1070,0.6245689884722027,7,58.88676556118712,6.3184319101300135
3.701444745871689,6.530411455362621,489.3317839394372,1211,0.6118192884501629,4,76.40072952411919,6.652098447074163
4.882702252965879,8.490210700103216,373.6740843457483,1083,0.7028892096133005,3,96.38407803187144,8.31842979463747
3.527602446175157,8.053197503846471,566.0826787378519,227,0.6978458689236134,6,97.3801350688,6.174280684622741
5.346311769732102,5.921997650196209,469.5845255097681,423,0.6044395497461187,5,125.75260101299006,6.966085413114939
3.148388299525517,6.143716903195212,356.0120213672645,1386,0.572531781294946,6,30.99875043147408,5.903954789870602
3.424693074437383,6.005352257002802,428.0899471191136,1268,0.4512564695229352,2,76.70981606696913,6.15488114161848
2.9460842911306955,5.976348868620437,448.148686400761,822,0.6264361247175589,5,46.233100714166575,6.2280116471572695
1.5367694013213318,7.018440172949611,307.52518137865434,768,0.7065849682754421,5,83.35429523318956,5.571430116072559
4.843033146143899,7.069725316675537,706.0084538268795,1431,0.728868454462893,5,107.91405935776451,7.626887728306508
2.886076342830344,6.887429550021407,467.1368281189971,840,0.7707945569752295,5,86.87420316653024,6.617328421806263
3.608055291925617,5.0858577571394745,425.2822617479403,967,0.6080110791680655,3,60.43101830951549,6.247451367570923
2.6969973694756653,7.714437154678815,419.2221765046999,1092,0.6133838904621186,5,92.7746663780266,6.3602118748363
3.2534971911719133,6.061482052880475,418.0946064333382,231,0.7416341623268872,6,85.90659842390833,6.18300762624856
2.629920137944936,4.632105715433584,439.2969640045442,1446,0.7255761850231386,4,77.26779038743436,5.749173216026218
1.569254647123625,9.467621115942444,657.5260872625265,1003,0.426740629455595,11,93.96048384182411,5.585130813185272
1.715500011364458,5.125862836499641,585.5637858804951,1293,0.733300319548065,4,46.566929485734434,5.058598545058348
3.9434367331206426,5.411426953975569,445.0536290347567,408,0.6031858067475507,6,39.67075731301795,6.7336299896685
2.59024491767639,6.390410014332237,200.05942851264268,1048,0.5947040566859434,6,31.753989156770857,5.956542549143113
6.62907057430567,6.197124956743271,589.0207549017314,371,0.6958541753841714,10,53.00212361104145,8.104101904127845
2.486437881257582,7.542273091906052,566.316375215496,870,0.6874901542799934,5,65.57331788387553,5.74741191446016
3.784219731831621,4.37852947284615,613.9116805444067,996,0.6548491805367348,6,17.727013173930935,5.9591456198206965
2.2421213023291537,6.979231175475987,478.5865390724905,1339,0.6032921528176942,7,82.39157656733201,6.078294999564298
3.7677149958280847,6.696744668253755,500.1094169939845,499,0.5918769732170455,7,77.7587084992187,6.5653463154273775
7.140074729518283,7.596917340093398,202.8355499872711,241,0.5307063270312955,10,72.5780764154545,3.537027208812085
2.2472856475549654,6.57668821980285,477.6690799330019,584,0.6800924437007546,4,65.91543531434313,5.900796717697363
3.806583547404465,6.272880293504614,567.2729019259365,1344,0.6725456377371458,8,60.40215169730587,7.00308208169503
2.9112933409086907,8.788753109218371,393.5921369263272,1289,0.552692486098961,7,103.34568045568402,6.6211457585908455
5.57679807139086,4.426028043276208,339.67916342783167,357,0.7092245216643345,6,44.27838399698853,7.015403962403017
4.080212781033804,7.142511147563448,397.7276979480961,1197,0.536552608244249,5,89.8621464639114,6.965304465516109
2.552633406252003,5.081960260322501,440.394010027535,1362,0.4520422928560877,3,63.85245410562344,5.690732682708791
3.849180114410245,6.506798701298612,447.8632705651564,778,0.6682096222330757,3,90.95912843322223,5.923209891074996
4.096890574920213,7.390303687646432,320.4921227936384,1232,0.7001332724414365,4,110.12656784724268,6.938343275960434
5.922168186064777,5.028274682420564,439.2697855995771,1201,0.6663324654741102,7,91.45032852862016,7.46987882321367
3.916065406937288,6.191336729811827,427.4223699513464,1178,0.701189666976717,4,60.94929839326915,6.9356322585060575
5.734795157903124,5.658963615406157,528.182287177731,524,0.6934476651184172,7,57.85191804114282,7.456354884271995
3.697891950157936,8.04945495084988,489.4671529822981,916,0.6264270530714201,2,119.10703423577172,7.277670338693559
1.421018086401503,6.839107158667503,468.4680305864909,458,0.7447432648322458,7,56.41510906692317,5.131510121518688
3.9666649867147927,6.87448045890629,430.2661579692674,1465,0.7858447610982772,4,94.86874274636106,7.008487041203591
5.300392624608244,6.989019373784888,502.28354880354993,1027,0.6763137281813156,6,69.88218627674925,7.666670957245861
4.662733241052175,9.476245069996992,294.34181013402485,725,0.5452141375119054,8,62.08182040301197,7.753694239038145
3.573962497280334,6.803719035439486,502.1122428379338,923,0.4789130994913381,8,79.5929060416969,6.296200357129399
2.8218645007503795,7.486243726710954,515.1391251305798,298,0.6711181422437431,5,100.7961588395735,6.293651900822581
3.84349458868901,7.833711148212856,473.3785911790748,1122,0.7301425275547332,6,92.11252673512084,7.227725737214283
3.71538190475774,7.0117000249331625,430.3650150915022,956,0.6882899785732932,7,72.5064254030683,6.48062023857673
4.3557608125317735,3.915505102238092,384.623366135118,1378,0.7024398505700865,6,27.28108063845022,6.120748534908697
4.5970703788624885,8.998101934984007,350.0697767705089,459,0.5824290897726858,6,94.56560223059113,7.9346899267266195
3.1048276758766264,6.27328129527324,577.1555094994159,774,0.5965002326613951,5,104.8738905243494,6.071616646142305
4.579636913222273,3.7107312323460526,558.3051243175277,859,0.6028561126093444,5,77.28613445935177,6.205292588001561
1.223189379978786,6.908793703974976,457.5804558193726,249,0.6289569394084812,5,120.57583237265732,4.9758593886202505
-3.9750067814917527,7.605767514208146,475.35926590272953,1002,0.6160869139851815,8,100.7961793655345,8.261002151885997
3.2894374116419955,7.935136640787432,490.9818656928513,911,0.7093075033726914,7,108.70195015465929,6.794279981616852
3.227826396128725,6.824524246338686,520.9451817139039,1478,0.6492968406889593,2,30.32624461033273,6.666830217406453
4.808473070042675,6.081028859442513,413.31755881853127,252,0.6065342665181119,6,136.44051593876034,7.297993609332723
3.887991721783082,5.6419426426438175,431.28557349954514,1303,0.6884835295607891,6,114.90925103277468,2.620772084837176
6.1379307262927,6.955126088532763,564.375404320693,706,0.7000479766329186,4,13.18792240869756,8.435093745213413
8.228085101768126,6.439479218386283,387.3282775410035,592,0.811492552532736,7,84.09339050202158,9.344540463735653
3.7370802348801977,6.427209101840972,506.390912005236,1044,0.4656874214618228,10,14.727378531617973,7.480908420988163
4.210448115217182,6.176320179551988,513.8592458777374,217,0.5266347061232508,4,59.7153514993633,6.134718865105664
3.777110868343587,6.799329836071825,595.3534077157317,508,0.4234921818094431,8,65.92202128664096,6.923158264085033
4.187252172183048,7.929505183350993,302.10884312258713,1365,0.7786871921509804,7,59.9850330377445,6.889437498086282
6.141782187301061,6.181551702645391,558.5895565831578,358,0.8859730409766873,4,109.82985561191744,7.5145390370453775
3.5898989453994923,6.020608738936229,596.5648768921554,1345,0.7731725173710496,4,51.8733085907669,6.357755247281158
2.081380908954828,7.755093907263983,525.8928589786765,360,0.5268564688568748,3,94.80679666461911,6.003367936114583
5.435966691383821,6.682291585974802,563.3770096867065,1450,0.8034448125403096,4,52.99567880819605,7.855795798097348
3.197762699078723,8.021180528967413,477.996862631982,903,0.6120935320359446,8,115.1220020169533,6.280906677020146
2.703543653282053,6.907382056547128,497.2597482413043,1024,0.8281486364518515,9,82.99455891907314,6.918774065629419
3.1460450191835427,8.209417377025769,385.6450167682538,1072,0.7949964190862355,7,87.43301559211216,7.0444652978643
3.208596302032221,6.635696915687428,690.3415585238275,1155,0.4667828899141025,6,99.02845195844412,6.303963536614685
1.785471031889407,6.724677292238353,410.8241850956178,1101,0.6833404436588141,11,93.11546288885243,5.616393127660639
2.2148418592598107,5.618518810279366,382.83766320619486,612,0.5113998743248845,6,63.84192258515708,5.985826132926908
2.164523227970192,6.112227825653039,390.7535740847106,1067,0.7488860889391501,7,42.19795069721229,5.824175026290106
3.845106138787103,5.207610528576182,532.541634898803,1355,0.7387513851946979,3,51.710763517707,6.661571296569406
0.142653150012542,5.852518118059097,702.6932425873622,1115,0.6817525920314894,4,38.78600291097626,4.9348684369683165
4.616278565472552,7.857399072436776,552.9960817581161,293,0.732553892316743,7,38.50686950069498,7.35636140112511
5.766732395371021,8.081774763607598,541.7861947054776,1197,0.5649980308856881,8,83.08130651384913,8.066147052237685
2.039680700443297,7.712721023460283,635.2278184508938,340,0.7882239063622635,4,113.18776735883024,6.17789317855928
9.203296923314454,6.455481236242646,52.87616136402697,1138,0.6524211008328301,5,54.05684980327584,5.963343263421364
3.479243380858644,4.481804519624464,449.2027358683383,880,0.6708888116310556,9,91.09400786553869,6.487608204405325
4.87021059802611,3.6442661339898392,413.03896639563663,1316,0.633690616142815,2,47.36889472786745,6.382296309099526
6.068060426026839,10.123583770805652,378.3177679397195,1110,0.6919579297698505,4,80.35391242392193,9.68649040303519
4.045447823937452,9.80904175089932,401.5765927133749,469,0.5305434496560293,5,75.39431944080567,7.811075957817873
3.728532308050583,5.311096629367226,419.8896304410711,310,0.6400212186573023,5,112.32349906274588,6.079888858549092
0.9441926197599216,6.4783839921473225,315.5549488965723,1005,0.6005072879433612,5,137.75706986365842,4.777040282042864
3.3513585496380967,5.474626285196544,434.9944412967473,1384,0.5915680780174198,7,78.18075301218492,6.158244508001341
2.627326949911919,8.271577424185935,412.7793223928947,957,0.6290234754363736,7,55.41819619947131,6.631317739769008
3.029705470741403,7.100057889734865,507.059866859316,696,0.7756520435317213,7,63.17200772563639,6.5982343415943845
5.6789251182292695,4.164081586818526,498.9187130147664,239,0.6720410715590701,8,82.90398283819346,6.012292835616705
4.044673441616785,5.617919147052485,458.9580681255249,1461,0.6894133238852178,10,46.1811099071071,7.196942069640772
3.4495811529444307,4.898856199209432,446.50115095030384,811,0.6011160482407736,4,89.18057812097354,6.398227106298359
3.275088921381336,4.92779848010797,546.9457200526737,1106,0.5943752248884797,6,121.33744778876653,5.861773461577865
0.3499602385225637,5.802431133992048,560.3301882016522,363,0.5731777939876113,5,95.8873915418419,4.363604481274283
6.054758914877056,6.689141368547539,424.04533224160826,1445,0.7097582114939075,5,108.91342157981538,7.781841554694028
4.361106831341002,9.43512671680895,599.0726136849952,1147,0.648173395083329,9,65.67487826800618,8.40846902337205
3.8471688837883584,3.694794122850375,376.44700574102336,1160,0.5849515513952728,6,6.142231191860475,5.641395998928346
4.819125561706105,7.543177699560866,616.125921454787,241,0.640072461239621,12,74.80888737591269,7.821244014813311
1.6131977661366683,7.657449887764006,447.7131937701118,1353,0.5097175216893708,7,76.03792360078762,5.798741811667146
4.761101723194324,7.059709080997955,455.70131248970847,300,0.5778161802737599,9,70.38897907726935,7.594640779127841
5.272836639439943,6.584223199734035,440.1411867715738,978,0.6165250561479141,6,92.11169622161668,6.9937300247148935
4.186529879080328,5.587472313830978,554.4160877069072,647,0.7471769468897977,7,105.3087449313643,6.724766393328434
3.2149414474977585,4.567818600813549,512.5667347765007,279,0.5061751487463191,6,67.30768938619183,5.446295752371642
2.43583849635868,2.951561898825343,489.5803533437409,600,0.6288683066922837,6,47.12229440438603,4.975584398321502
5.205971813547095,7.498959370710594,482.1697806196013,1241,0.6966526878966373,3,98.02622826639356,8.286670144728147
1.224239454992481,6.658572508629594,469.1099068019904,1343,0.6885978897843199,2,18.643556597014296,5.202343652569935
4.759202756777607,6.521610108044908,402.5096343377476,1281,0.6974801617339769,3,19.92471197056149,7.52881432803124
3.1117183994452526,6.948215095662135,594.0117215449472,1166,0.6006864341183785,7,100.8192772143758,6.815388653359853
1.496777646350163,8.616351440240885,489.3485385421749,407,0.6838174608622872,9,54.2298347200725,5.668702211746902
3.0202287151177343,8.005404631808856,442.2898290585896,604,0.6002639208025582,4,125.3963205921336,6.676245302135628
4.968334337835168,6.887022793770131,395.1275092259039,328,0.6847024077274682,6,90.4373029286616,7.361210372821077
0.3866179863822001,6.166491353581887,407.069777548274,507,0.6814292069807579,9,80.61612305485258,4.67861411281444
1.3271128780496837,7.74999814713878,617.6437312275283,867,0.6130635127269228,1,102.17814695620072,5.06399243274515
3.240797393905304,7.727758907735662,385.0722454933993,460,0.7370888753546567,7,134.0266072296437,6.787367989281213
6.429888706289852,6.574367088759137,434.147042697303,956,0.7435212521505403,10,81.99100774940875,8.436963594259126
4.730237280133227,6.926442626565158,357.75898155014977,389,0.6335340478369254,7,89.43311853874368,7.756688679951235
-0.3435004881929657,7.121563313059089,564.2822814515021,1020,0.5037260435152264,6,72.16159087838273,3.73784629940181
6.6871571045254425,3.868917368680474,470.0569197230943,734,0.6872077782697051,4,102.22864797041356,6.282930589784464
2.2769365575258185,8.233555801684124,376.5408423201951,930,0.7113778335050446,3,50.9581996201389,6.791660347011729
4.835371251254763,6.927060030412109,447.5874912889997,634,0.6529425051424445,8,123.0724822154653,7.65667443176836
5.002737280522906,4.420576844966781,454.3602446372454,670,0.6468832896033637,6,87.25285606992404,6.619933183793023
5.087177487630726,5.43284018102641,487.4056569847572,1012,0.6324750513590108,5,99.70539912704253,6.60944635050096
3.3451673706012555,9.28847439635592,330.37933759193294,586,0.5774874645582264,6,74.25898433170619,7.59006615077306
3.386073464536216,6.582529887946845,368.4189715034562,1299,0.6477737810384854,4,87.66956339666757,6.902322599905097
2.252266687654333,7.977877239220277,545.5142320501238,964,0.6167158070779314,6,65.10113307443801,6.258237811869556
2.341146876865639,5.1392772594367,459.7983153470896,929,0.5420963968854039,6,76.91852422902457,5.32462464851447
4.6859383987441525,7.636469289989975,471.6458589581975,938,0.757482524701321,6,71.99360577948751,7.27561144211715
2.3000892399470985,5.7429432018404345,406.36141094734313,660,0.5237704638997166,8,95.6731039483194,5.755935453611098
3.441470720933684,4.491204815165538,671.0523001591351,320,0.5114917304347154,8,81.10013186433311,5.304872854572712
2.4616245061011552,6.903289042996349,501.1202599524981,1228,0.5308630910195078,5,84.13806462778422,5.920857121937822
1.088660203446539,7.878734050771453,403.65823071875377,1497,0.7440229305838849,9,100.5444301509312,5.029621087300386
3.0752916548843494,5.226198814838393,471.7432873179723,819,0.5731607052227236,2,46.32302340576712,6.110633015233635
3.0115834217772446,7.06103440882176,374.8030668261181,820,0.7694063815732765,9,59.04311618387296,6.404603398572773
3.664112707749455,6.996778581848481,675.2435805344309,958,0.6515003532142188,8,106.20171571877604,6.494317017263191
2.261884205031567,6.560985227977167,401.2874616235304,790,0.4538544437959699,7,64.33242302381208,6.175485027632338
0.9112899068141048,6.872193543730728,461.3517345251248,289,0.5598248474587976,5,32.47829736974886,5.285592770346373
1.7884872353708925,7.167918096887751,384.8643106208171,631,0.5884089016618937,9,85.43084509176235,5.310324760330471
3.3159365996064136,6.65383409813135,600.339830176715,757,0.65486471319144,5,123.81748665975708,6.289049439424133
2.427978984514352,7.301827091613356,439.55507814625287,869,0.655800767857829,6,42.60414032227512,6.193808555839401
3.905086037587133,6.140897292939943,306.9224897881952,1256,0.5895516291455369,4,90.74476814418004,6.404732375323286
3.2568140367802125,7.275416058203818,492.40610444640896,797,0.5537153825251347,4,101.03846198313325,6.41195460923888
1.5316712098528906,8.811530284413784,324.8886423614697,748,0.6788087375313091,4,102.68477757843488,5.676428431163501
2.1136502835975435,6.321277483134034,637.6170839215886,276,0.640157410062635,6,69.15832002285984,5.842981736707869
1.526276275358739,8.371749747159537,437.96188360464015,1043,0.6409167422004628,7,74.41589598661125,5.387824040494995
6.108349495696368,6.342075634092897,429.1877749642725,1290,0.6921668497570334,5,68.6531070804917,7.8189913918634515
1.5675385738046934,7.154306414817853,499.0974951638251,1489,0.7339110922571653,12,71.91508587778605,5.881794183178854
3.981178588899026,8.276371520794319,479.3557932166629,774,0.6204566861502322,6,118.22938343332626,7.255626829273351
4.981001774883653,5.83526199072558,361.04855703744767,881,0.6231510140311604,3,97.43237321307124,7.040963872154781
4.130141735677762,7.246574022212739,287.2457562116837,337,0.5733408726554912,2,74.38982159097108,6.919823889795696
4.438262025246553,3.737918608651805,461.422764866204,1129,0.5514282620517488,8,82.47315840093091,10.444813603534165
5.5438442790686775,7.258518893242569,352.8343265458714,1214,0.4549887762013256,10,64.23433350923148,7.8690068476732
3.403883353776925,7.542833931903711,447.3594243041073,765,0.6201826706101502,5,48.36678659445487,6.668515202844649
3.622993334620341,5.947929710808763,522.5766623898692,631,0.6137022922053093,8,76.56692673065994,11.26485451192924
2.8052579568719014,6.585158978713454,392.6299996061421,1383,0.7851511717504909,4,91.4459084366914,6.454223164919481
3.0372758173162704,5.701424316649483,594.15686206579,958,0.5498828888078386,5,55.49715257722879,2.378494568989472
2.2152526438862017,4.481037324679178,611.2220628255425,1168,0.5494392064405123,9,49.59824203542037,4.978792074916867
0.2714246830862294,7.291158784139892,520.810867668859,628,0.5972071396895644,5,119.42325798238208,4.743985787742433
1.977358712258197,8.05760817200026,491.27809269364985,523,0.654497972732861,5,103.19870062828042,6.22087059599172
0.3011065607677459,6.094996042864272,534.7421677150421,1113,0.5296524941929955,8,86.7706087238671,4.1054721762534125
3.1060107195257483,6.402753355555159,657.4082669749973,1021,0.5586131807812088,2,159.62736205399614,6.606269788317644
2.1257121267781365,7.023928706706323,443.7320902726828,937,0.8691833140756291,3,13.257990833396974,5.815521003991201
5.2958703854678415,6.387848173109777,588.0091354147452,361,0.6546183616516178,5,48.07869046406433,7.626567958833234
3.2055790229180947,6.901866830981501,369.4129933503812,1005,0.8495535439252513,5,77.63995249991599,6.71255913542676
4.0135067517344325,7.80956903544512,548.2690983945514,813,0.6996890153361276,6,76.71074144783697,6.594560668952897
-2.125915034631772,6.461700440232185,94.74833957209908,788,0.5397769270334997,6,85.62899233660002,8.44290821103329
0.1710494408786971,7.349682542374196,352.2444755201449,243,0.5844841053627435,8,71.28348736810052,7.8305236223352175
3.3629006637363283,5.394417493777258,569.6631486645651,545,0.6473619288124699,3,91.84980318997154,6.181091706268024
3.498937108135032,8.048555269927204,835.2731490654721,1361,0.5999187135240148,5,116.43713818088143,6.561023947604316
2.431668854526424,7.392330001865202,491.9019009366045,292,0.727414131634439,8,70.14659689884607,5.968438742110512
6.194541234390446,6.356112306737408,467.0416222375488,684,0.5752315217072212,10,105.082613536887,7.668575511440418
3.0058283204793628,5.80349353905749,397.5479733720226,1122,0.6446258817093778,2,83.83995836552928,6.379019999620129
4.247332622745178,6.952650579647759,565.8595579007404,800,0.4980657926507643,5,65.367004429205,6.965775544125844
5.844333152762297,5.605427789241167,349.5859233247932,309,0.673813769177685,4,104.4280577124126,7.559143471546024
2.9097052160454067,5.028618844122162,447.5804393609084,854,0.7535052703723987,5,96.74351564155704,5.7990122822537575
4.329560128778538,6.688399328812627,407.1884839034087,1029,0.4895880842079128,6,72.00846401333284,6.617041272600055
2.528687291547261,4.366716623512167,263.2734807408252,832,0.8303622059032075,5,134.52696447060305,5.522702611886053
6.480913998846212,6.458381289144808,384.7376020697609,669,0.5845446216748885,4,75.09765472728519,8.652957374041263
4.301758472720826,6.267913028537833,504.7097381170038,515,0.6481541189710547,9,67.16161736545223,6.907038943070233
4.186659299227829,8.337128859917042,368.1779316766528,541,0.7302242753267519,8,38.616906990102194,7.228754976634228
4.221362139123343,7.094916214805838,451.8849622944848,1379,0.7814017007131084,5,100.27491152375217,7.37665308669862
2.3243515016204053,6.055894900637295,398.61330826633065,755,0.6479533275090175,3,77.81325817429884,6.55769885407004
1.29871210137134,6.556010407587032,326.91356835660446,1014,0.7111994962231029,7,100.72548909677164,5.353894200213661
1.1765592124197877,6.1843967512537645,442.95012219409085,397,0.6562137555811995,1,76.53429478585913,4.406139456631772
5.629404506770456,5.028553909215505,456.4280019095463,1100,0.6340625871615063,3,70.35981401531424,7.481835305764616
3.1587856100698883,5.930877415685917,377.19970587708656,429,0.7311084613452465,6,104.47014593204908,6.204923566890923
5.443807672794522,7.416713758893407,469.4089992898308,1434,0.6566767455305716,7,92.31580188879934,7.861794156259164
3.551228626232037,5.972134016301085,451.0233061019587,627,0.6897644974015431,3,83.65801009056445,6.836290037514862
1.594908366931952,6.985714920117593,496.6429982433526,229,0.6226049983429796,6,52.94362676004251,5.690212182296019
4.069459472578949,8.258222172046553,420.451968197084,287,0.3742674249730267,7,99.54121484201656,7.399853741746122
0.7343096247788816,6.21494778683651,326.5651128120078,1206,0.7810118848596985,5,88.39215330393128,5.126968494065952
5.259135267901167,8.791163784477172,357.9326406920634,511,0.8311221387272714,3,82.07797540820482,8.538207609930252
-3.8527788482595824,6.618705605453114,50.307070096773245,1368,0.6580025973539655,8,38.79070940217409,7.612447822150886
3.464671773688643,6.704485262026062,423.0593165555442,202,0.5672428975399633,3,89.92878426002477,6.19585329528477
3.983123466150478,4.872716908410073,613.9964529371393,1144,0.5940117481397309,5,121.80666039651668,6.381748377197862
4.994855765869171,6.501321333830191,321.9695601329106,916,0.7888277302745497,10,98.67867873716474,7.324026244555696
3.6565339062848192,8.41882319852025,416.5498764159052,1381,0.797596469484246,6,101.1022461209763,7.623411257563095
5.324049292078168,5.295236591603809,398.5122749464205,1492,0.6265699084994162,4,59.93366944840221,6.416819160734363
3.283221993926724,6.447407819905116,436.1735698828815,876,0.6514165159382422,4,71.9811318524487,6.445742378174561
4.573071973161866,5.450710535490472,459.96513650876415,555,0.6668803809924078,4,95.33737339288304,6.886103983173989
3.137753831193832,6.315861737070632,425.2481364448496,1110,0.7056852421522755,6,75.54113317526571,6.349241666095882
1.3770992121137189,9.029068399916207,623.2514999485091,1311,0.642030417126966,8,83.68245171164618,5.5239783946771945
5.238611097433847,7.652386662878836,515.232287841342,429,0.6724494981972112,6,118.73049817275398,8.010541121941175
2.827663075549776,5.959164584216972,266.9367103143543,445,0.7305406113316486,6,89.35321631088675,5.994265242344705
4.51842048164335,5.383006148673228,501.36001065697167,1450,0.5337699740792986,7,77.67135576501163,7.251229635356045
5.891663587623795,7.390205901911615,290.52969327332045,1309,0.7230222458648686,5,98.9744592881067,8.678392890995978
1.820680807425247,6.758636410333308,490.37300903366094,1072,0.6427423773689206,9,86.0797092734004,5.778728270539027
3.689266855492951,6.401794386483369,600.1333651955487,481,0.6050354263813917,4,104.84091769690356,6.163871036639019
9.81017414796793,6.356480990045839,994.0485321620567,366,0.7914569372079804,6,71.09804968348226,4.233082412462395
1.6152396585811155,5.339110341365345,602.3124077269657,1097,0.6700124063950963,3,65.01859611052136,5.570643118002229
4.385633091877195,7.501344094415263,399.5225078771783,865,0.7065235832798016,9,108.69055300461326,7.448111199373621
4.657880232255012,6.256507229394771,327.6059733237744,1065,0.7816863389509754,5,46.24458181799508,7.307195836216758
1.707059354601133,6.000837212218476,621.1708480142344,1087,0.7487239656970484,4,83.05530409774005,5.683707483122381
3.979287006174433,5.421647989298448,553.2546204341658,731,0.6130738555626538,12,54.38727911140917,6.837279444509119
5.943749547351418,5.007031779119305,354.056076327652,1367,0.6700482642691445,9,59.15599134002396,6.674003101462136
4.194932795177159,7.510287950721434,322.0423033264299,927,0.5628136392434672,6,102.7141126715848,7.401679983351072
2.435316511649697,6.1418051287862925,261.8150954502361,809,0.6232991634962565,6,143.78735536695714,5.744428200244628
5.676391322418818,6.728194992388618,312.8098857068644,349,0.610218507254636,5,111.37817196841506,7.385385805042979
-0.6666623003443437,5.668146507525324,742.9852524179889,1414,0.5443196292112891,3,74.44720969126377,6.812845858901827
4.5253539848007165,5.206130546971071,535.7659623202019,811,0.6885564021645101,6,89.65875783568495,6.690472708107562
3.505543507771771,6.168615562666214,431.60166636473207,808,0.6111811352341919,4,65.91722187941032,6.508133425473176
3.57749146527662,5.98214503593115,421.86724428817865,782,0.6811866915845476,5,71.93825689623662,6.38471644075395
1.4407108227784042,5.394577242859125,461.3270410537765,1001,0.5196657413314408,4,89.52471850334831,5.372943201759993
2.815818758788718,7.751178231124637,442.9834288541353,643,0.7365161486796422,5,88.26885850016458,5.852145081642281
1.4413016781738488,7.062342590427191,404.67719506727246,695,0.6353633823502234,2,83.41541091908229,5.1633703220391
6.907174618134194,7.101225990181309,570.0413907944426,1142,0.5428695269031121,7,53.89836759950623,8.83812935847097
3.837896175871325,7.230761482728335,403.2298798688109,769,0.6007983268919556,3,105.55781186245468,6.939316758449449
6.518405668551148,7.339944028423042,379.5656309457241,1224,0.6893359304459207,4,77.02259362940674,8.821750184823935
3.5358545649274333,6.975639637600981,625.4794181984364,1404,0.4467723390348714,3,81.09683022540737,6.769293826572142
4.138765487944744,7.846977531169408,413.5047270457115,706,0.6118092639407525,3,87.94137221314054,7.180480136130103
3.203093406522977,8.032451799800578,638.4586305934608,1038,0.6371030773585882,7,95.3813865017368,6.64633665554016
6.643765252713738,6.833656366741165,403.3963498131758,1330,0.612887200940421,8,56.20818450026345,8.559603994022828
1.4668287453315665,5.562667202489893,352.69310591184444,771,0.6170796540825038,9,76.85268311260185,5.463512428518973
1.5814538956703204,7.3121870958270305,444.8606276411514,1415,0.7005737341895967,5,125.34364563443714,5.201973587864471
3.696597779323773,5.648326948554487,361.5197285973099,296,0.7603042215191318,3,119.38504104121056,6.603970210707094
2.754601962323033,8.999414316282936,452.4219456672758,393,0.6146079112514576,6,72.74463970932604,6.8499573584479005
4.267249363042792,5.473720039478595,604.2109952567876,1466,0.5753810239179122,6,36.78867403944616,7.221863784399177
3.609795486502542,7.771949917609201,571.7158520825496,1403,0.6485563981240421,10,29.92564777662998,6.878494811442895
4.9667233245293,6.958068788114562,437.9051851392218,285,0.7402321751500952,4,86.34522845599352,7.347990514810373
3.8363521168029378,4.620654699736003,524.7910256117534,687,0.7826115627652132,7,60.79748840825615,6.251664486807099
4.144011234202601,6.507089371377087,506.0919447941239,728,0.6510243322926254,3,63.52224642106356,6.894021863687006
1.8392647747963224,5.1453626779931625,541.9154173610002,872,0.5613410364089538,7,86.39718705815555,5.743679498008958
3.93828909248956,5.836051669663696,448.3577103927248,920,0.7403904555463846,5,45.795801732725806,6.590303492222194
2.741379943607095,4.61650396137793,278.98316073433745,671,0.7847129767569242,6,130.6276276961939,5.4337784985507165
0.695275490701754,8.22222885476036,641.4031353866786,393,0.6573552077334214,2,75.55729602170338,5.060913793675816
5.91317128360156,6.969721213993114,465.98563919974,1006,0.6686358582713292,2,71.19651676336352,7.819995442698099
4.114644193939246,7.428723610765127,609.3186626639397,1085,0.7860418387801592,11,63.12417276623039,12.402951585998888
4.434066835850403,6.649320435256833,520.0309879408992,414,0.7080701836897825,4,71.29086673058764,7.406167738225012
1.391649471232037,5.126951325448081,444.5705133482188,1384,0.4812976962281273,4,63.97881084031296,5.262551852553176
4.60343299586862,6.253662052579244,420.5050321707972,529,0.5947416491877447,6,81.515937205868,7.695879060436098
3.8188610459483225,6.905026793801429,665.7308213265503,318,0.6354065804795413,7,50.639822166382565,6.477540660910583
6.014589540812304,6.682385790789323,541.9076482987768,987,0.4935533995556923,5,143.0712057408261,7.703588291276885
1.5211292081018488,4.930191068045685,404.0639100459756,915,0.6926013954844302,2,71.59802591633076,2.2500486882148247
1.6438600426661414,6.816278629879828,381.18496548222765,1249,0.6534928403604969,10,99.79852698623525,4.945137709964482
2.592883003192681,7.832372153525439,372.6210800896427,235,0.6594619897784768,5,132.0334018837295,6.181029318810717
4.042491591870525,6.300734740941358,449.08810033557967,1228,0.6250561726905233,14,102.16188904191876,6.64166298030034
2.950239469447922,6.473907106660361,421.82153911394926,468,0.6187939543608785,4,77.51609266681662,6.254715154540524
1.4063161967112725,7.968449468430252,589.2465300064329,805,0.7421378792120641,7,92.19756844438456,5.866344834754687
2.36485403447611,6.226764108366951,375.2788320852177,1370,0.7348847281837563,3,79.92006203882826,6.38368125208104
1.6314239353304232,8.072049447988164,550.6292809214441,438,0.8039366302884257,6,76.45495071700118,5.88116497183349
2.6838289968287112,6.490137318824935,258.1228784700959,710,0.5166295340956348,5,87.51120709814994,6.049118572891024
2.3663127497624554,6.940743919113652,444.2381202966415,495,0.8258754539410739,3,96.28400122522262,6.7329353735933255
3.79593839844681,7.520760072820873,434.199210142101,687,0.7916311989693794,6,78.93879134742429,6.7900567116849055
2.4075916963900803,5.510986064239411,632.6009713546937,527,0.6656997990959588,8,50.85514354958264,5.301638544726363
3.426654224788842,5.360983359975642,679.889812361925,1105,0.7165026616721587,3,115.20489014032732,6.3296138585072805
3.93096878013092,6.659811303192423,882.016639408774,730,0.5324556252648833,6,82.93038235991669,7.9284571957137375
2.621108490023367,6.150926666331838,179.6767707000763,739,0.6693927755874285,9,41.377498927134674,6.225211687699714
2.0781609240965206,6.490354478798412,558.0048065714649,1186,0.847353689593511,7,51.81224747619101,5.762960403023637
5.408530250160152,6.444339825474439,492.5457561784965,773,0.7549260664968943,6,76.30829865110736,7.640012590249074
5.104657182475775,6.534678197983932,530.8057798281145,617,0.6974395605447106,3,49.28389776739861,7.532501904229545
4.164503195671063,7.673373849701873,546.4087168288357,788,0.5328401091764398,10,76.18021652458472,6.886326693408476
2.473055261359994,6.763775423675435,376.9633368282864,1475,0.6411372089802414,8,114.0526596915348,6.188733738843215
6.124375856308131,6.895123190489779,488.40654489393074,307,0.6637403651091445,2,133.29323053153354,7.717179758180511
2.498330665296671,6.541299013114976,472.3787951638898,934,0.5877385008094109,4,102.45532942484849,5.601260894257165
5.2034302207744165,6.823132728556264,506.9767280232204,1489,0.6757947332810198,4,78.35856931957264,7.972002743743953
3.895230822996589,6.83707692449037,516.9672548830039,1379,0.8198671306233495,9,87.65214278561041,6.796340246962963
2.588187108986273,6.9469288553729935,386.2260015748684,441,0.743160749497483,3,34.633815237115655,6.14922635544683
5.136292505905547,5.825391281095127,576.5707840864701,706,0.6651304937413556,3,90.64568821927242,6.769401807219815
3.617865544578725,7.963121092618008,395.37555517475175,771,0.7879249426162391,8,91.13168621135908,6.298901965037413
4.609479727587007,6.789070470175836,335.3654606981312,318,0.6567472889439964,5,100.8717625341087,6.763951507244523
2.61146606652192,5.706568139134652,413.6387787786144,1406,0.6113996065453465,4,68.53354984933705,5.838901994632164
4.774417982774319,4.500719017965871,448.5547729121721,280,0.5723836337402307,6,75.85610738412937,5.832429579069455
4.20390138471279,9.034138820757969,425.9674601841865,502,0.6774475004319489,3,46.12548743274079,7.988157151378706
2.6666798307697004,6.697489541286483,447.4445929008554,730,0.6714130043688933,5,82.59475800430802,5.942879332251174
4.993372271003045,7.210380498334136,501.3105798176083,1400,0.6296494464816244,8,85.23595802295853,7.713176251277903
0.8356304998003221,4.583753815737442,419.08278765313605,266,0.6339548345105505,12,88.48339482564533,5.1148467794384045
2.293526360510012,7.74385289163364,462.20098146453614,1295,0.6025950116639988,6,73.33841099359545,5.842339064854383
1.996718816327791,6.381997207689088,696.3242112485286,408,0.6734039658533321,3,64.51767697431578,5.440288552781486
5.582506667312671,7.400670942448905,414.070790921294,502,0.5361421114870321,6,83.29620793067687,8.111495925270575
1.2888018019368417,5.914565893652026,550.1046092567141,937,0.6023267529349672,6,102.77221953073968,5.110621412277932
5.730869233003891,8.367022136067828,370.7127167737656,1403,0.7062295966354156,6,92.72885741534974,8.650655037784091
4.886405209306744,7.270450548034348,407.9015519179737,441,0.5201177621266259,11,118.34305605949024,7.741838696292051
2.876049608078962,5.53813819930244,535.3415558780308,1479,0.6051714050705947,4,72.94993126673636,5.952042654891505
2.9377669150672907,5.529804320959525,317.69102065925017,1356,0.6286756185468299,4,54.1813133712436,6.08540822508309
2.8828600893259964,4.48507095692475,447.56454077390174,953,0.6531163399367782,5,84.59060379836518,5.866810849496374
4.225814976782059,7.980262055802429,298.42558850027683,817,0.747498443419282,5,78.28344465645164,7.325165538358608
2.525940442517861,6.4640408514294645,402.80681342105663,330,0.5879372660731277,8,52.43464560530278,6.087696659600659
3.846051358578025,5.445992299678576,473.2253697161004,504,0.5022803789898782,7,85.29311514310652,6.530989969038432
3.3340019471640057,5.193759976619491,609.4505063224972,1347,0.5343698567825182,8,77.1336151983971,6.571212182335175
3.5003105973772954,6.973965633891679,403.93612290402126,410,0.576425444637199,11,53.36945848224372,6.765642055475305
4.083468094028276,4.005297823184752,465.0418905143577,449,0.5840984151506652,4,77.42070701086155,6.282209216348504
4.83033108514595,6.662466554795511,576.6911149186623,1121,0.6360527183947898,6,80.47782640675184,7.637316435363189
2.959941096864526,7.155479830146005,581.7115067339865,444,0.5871576710394084,5,77.67460814807444,6.086033406877983
4.271382134026752,5.968819164741445,586.8631557532349,953,0.7524455347043958,10,126.15342504571608,6.436807436169763
2.574120220179615,5.125709988273718,418.9733243406544,1000,0.7092077721448715,7,26.55502862593257,5.804181621158979
7.045808741929041,5.013774232255474,219.80788352644151,444,0.7031150820308554,6,101.56385976318164,7.256885060330026
1.090134348891981,5.17351697004694,444.4452301103381,368,0.4480551724932261,7,101.0144510522119,4.616514237495753
2.077477993663699,5.342569288060017,395.6575228866235,382,0.634002897426512,3,98.20049224530352,6.083758506409121
4.008030976882535,7.460783457335405,504.67335682013794,760,0.7150440426906574,5,53.44603029947558,7.107191259740281
4.581703043818372,6.515926102869632,418.3591550305198,766,0.5966883343141087,4,93.1501167607692,7.247540124770112
5.49586235605856,4.089778491476096,544.0771187988216,1399,0.5688327736598273,10,61.28713196520398,6.414206256764468
3.3144009798503653,5.928644782395912,656.2524919243144,1443,0.6998474410414453,5,60.434270053690696,6.082883565682922
6.443880785796193,8.308381240766092,467.08654381279416,731,0.5779495741542405,7,75.00779046368574,9.200635247680893
2.143078437509351,5.039192321470146,503.8755992446369,337,0.7486915193283155,9,126.91483666971996,5.234129641626075
3.0094740235853434,7.978160223201374,394.8141854107553,754,0.4704384862531525,7,119.44889062639535,6.568960428501798
3.420319020473682,5.910667822616775,513.2781866106285,737,0.5473019107155189,6,72.31320425035675,6.702971117339136
2.5735221568484747,6.7559697918428,188.0254895910256,469,0.7351331967346733,3,85.35094861803232,6.369255415985663
4.45312704531384,4.229449648612499,359.1975924478789,1483,0.6868101385447005,5,107.15411656722634,11.170882798731965
4.007035221652562,6.8767679287115655,533.8490774451642,1473,0.5729214953997297,5,100.4915382211586,7.176560415393823
2.8113645346715126,6.67500297494711,311.0427533236404,448,0.5796173983467457,2,78.29823331828865,6.357898527114618
2.6528389937435866,6.1938548479880975,429.6954613957007,636,0.6029417295291073,5,80.86105970531902,6.212206552103832
4.358086162571216,7.952863044478603,353.5076539419896,530,0.5366148263039476,9,67.71129728136934,7.8527162586524835
1.6243883990454238,7.498465853633047,507.0890510693167,554,0.5396442797767761,4,59.97382293145822,5.27634295138193
-0.8955481141015307,5.422587895048643,591.7601967930492,1386,0.6202461041469745,7,93.9405250875704,5.365441053271406
6.4646608767732285,5.460747902813321,500.4987278980457,858,0.7954222219053875,3,91.50342510362516,7.755982289947119
3.453411600693648,5.178707050852529,446.6873027126203,1494,0.6677872619531835,7,109.49408454496418,6.234334172003373
2.371347143970448,6.211966584037633,421.9324923133226,558,0.7080113372992306,8,117.15127014573348,5.720750085573746
4.028757452535319,6.1458152298561926,382.360769794073,278,0.740891172416666,7,94.52481555240315,7.170905681652008
1.5109284708769426,5.76224589633394,468.3342005738352,1208,0.6352583276285693,10,120.37798910199274,5.285795496877083
3.951661008787613,6.411082812305992,452.9756139495745,1479,0.6624105771672494,7,70.61546359748795,7.299371043145904
3.4916059717564303,5.589821820779316,349.3982618500298,1027,0.5862068252991115,8,76.37901276174696,6.2106427454576005
1.685784596871792,6.623299533569618,499.56818879726046,844,0.762848888838915,7,64.82031592610859,5.979851138184107
2.2957633340737367,8.265557225265578,382.2284630247894,375,0.7536480941423274,5,82.09734408101818,6.515901062992133
2.248515431762627,6.042220998292654,405.2678104341249,1296,0.6984590227684913,6,62.16463554244723,6.151476944173827
1.5163130648846448,5.401228432117591,366.9049883588962,817,0.7857140901498145,4,44.80602602418087,5.471750504898148
0.3832822702157048,7.401500795726588,447.347874075094,718,0.6447209305783442,5,52.32121388213236,9.029695967032998
3.0688287208994667,7.359892687689578,570.6508966508356,1261,0.7310522088923048,2,41.46759366782215,6.279861471774265
4.475675138804209,7.078222085654097,531.286211883896,1053,0.759597432494017,4,50.30517822882295,7.753496222146724
3.358311928336996,4.6212035634108695,522.762954363698,303,0.6481386645916904,7,51.42679680564406,6.500665646575034
5.4819560484095184,7.128695985266129,558.8950596967366,978,0.5779644359651657,5,81.97708124150559,7.95473447879117
2.963831865784359,5.279705117985832,364.2842443583718,1003,0.719588402210372,8,34.395895877715425,5.809274778570699
0.0257842055466852,5.712992179326555,633.8183676795122,1326,0.6051888774086617,1,47.75457165684956,4.746060021662119
2.6756895881066978,8.719965913161149,360.5392697780496,786,0.6142196400128852,3,56.79219031556435,6.53699414783406
2.464188421525611,6.797606645994929,344.0786478111048,1105,0.6435751263813914,8,44.93908939001937,6.2403065781373
2.5253521597275994,6.697984567729019,316.46556412898985,330,0.4562121335023219,5,78.00335245369976,5.695505119505219
1.82893032475701,5.759883945292101,492.8307097207648,1432,0.5605504242772212,6,84.82093674164119,5.454121435822044
1.6176159979965612,3.369304264097335,394.64117582920056,821,0.5736984495815294,4,80.2236035678358,5.01171333073951
6.049936061864571,5.2930176070431045,348.78956247398327,828,0.3864556914296863,4,66.47542411806954,7.0535384946879045
3.996276956923367,5.951185132546453,447.2485094949364,1225,0.5673258854147346,4,95.85979947775232,6.463019129420362
5.073060689624845,6.135713677856064,470.1099046714968,437,0.7494757761507216,12,85.96687953187842,7.458995671506611
4.236811498117994,4.885881661444949,513.8730222029185,455,0.5211331416183271,5,91.12415804918942,5.955550224228001
2.28139647659387,7.0521442245390205,396.7299160338089,793,0.6187295708057187,6,115.14191158949586,6.330251607294646
2.813227420726266,4.058432914385621,344.6317580853646,540,0.6721290446850849,8,42.217478210059454,5.778208799875089
4.745287717793915,7.0217006358473935,383.7099082449052,234,0.5701232862569958,4,40.64140729441751,7.038013856468489
5.011270534755383,7.33626577046285,517.9597748934676,1300,0.5770316050818646,3,127.94357689550664,7.665589080405021
2.4579303033664126,5.170623828860512,523.8466579995411,1316,0.5805405593008712,5,75.56803809280503,5.622318225310591
3.154213062229624,5.360717164804569,497.1415556386404,1145,0.6878927565683326,3,61.37140876729137,6.339910491270897
3.148069145063879,5.871519791146492,414.8486515958691,758,0.5661808459562152,3,93.14289723659722,5.469829521120976
2.456457684204404,6.263773891528311,467.64415552772255,1036,0.7629920178761095,2,72.08079426319473,6.421314019393972
4.841970781360809,7.006860680699783,564.8445709196754,635,0.6408671097301089,8,114.2231704355413,7.068153500909341
6.52291266569096,7.177964562804509,430.5091719647319,1091,0.655188835783576,9,94.24186448046449,7.736816536208966
4.152155096835337,6.627635797859028,441.73193141573006,1295,0.6112863641983222,4,83.64897977747553,7.031895425679019
2.149068898028197,4.749288254578939,638.618590121053,1198,0.7174733983110492,6,101.47929431684442,5.753296812268287
5.795292798295026,7.558744047131713,308.16342670669684,1379,0.6179202138513956,6,91.27470835583316,8.400068448526842
3.640058561414977,6.519697420463938,537.7362290575671,1075,0.697013968868439,3,62.7547514491962,6.296025310110772
3.966963010164328,4.7026087644057615,407.311893005258,775,0.6935369503498489,5,64.66122836833729,6.610174540642633
4.244298781044974,7.85585888906392,393.5752401342612,1431,0.7168478533794523,6,78.21417528140873,7.880688512387833
5.269587812541065,4.42938847875741,394.7776955719029,336,0.6412005752154305,4,97.18140536570202,6.4431553938422725
2.7437302534884926,6.535972545846183,405.9955513303016,344,0.6149194788543544,4,52.06242649228409,5.30221807138809
0.4942064533898698,6.438707475058569,481.4247332595274,927,0.6517206578314219,7,82.15488194366246,5.029405482268586
2.9119810401213053,4.506159116119209,428.6552848288153,1059,0.6383264468968182,6,85.71600347200265,5.966581477924891
2.6917372157108925,7.95784742348501,412.8559134004208,346,0.5524859533351566,7,45.5187979071585,6.04888251749814
2.945709606749962,4.985080288166517,457.4094780419776,705,0.8714985900599869,5,64.6544144069857,5.706510061744094
2.251908042725215,7.77657607484459,666.5002344901084,1196,0.5597604515359755,7,30.47439058758785,6.022793983163542
1.364064271324782,4.928183849634685,497.32376245735446,494,0.7934246468270372,3,76.62279897394941,5.621465180354792
3.6376287266725593,7.0392233810496165,569.5046628924842,792,0.6917822993555859,11,59.54278391070412,6.510428604898092
-1.029268233731238,6.117992973126666,395.5617275474817,742,0.7187849243842807,8,71.71368868351821,4.267684073473866
1.9116386194150992,7.035225857878506,315.1814577894287,1334,0.6959322599052211,6,82.45158541183588,6.3559622920916565
2.2615194757967867,6.301981027239519,414.6833707189312,457,0.5196763125951465,1,60.958262961940136,6.12270329967397
4.498125235537668,6.758483731200735,466.93608240360777,489,0.6034829613476989,12,64.18787813057455,6.9029225682662005
3.609311147023273,5.778665423540494,417.767953078866,959,0.620974555665557,10,28.749083403990447,6.009824734205481
4.528261608185306,8.26729586901345,440.4704467613048,878,0.782529783422218,7,89.99683968823146,7.9319319534163
5.040479394979599,6.817363108559179,389.42850769966617,1365,0.782854185234936,4,29.034086398323915,8.126963631882651
3.98251781206475,6.44092939118217,457.0052163113181,1390,0.6707719264856103,4,53.64556901181996,6.730888432946295
3.944863317711144,6.843795548970728,280.75353702851805,534,0.978029958968912,5,44.16137777788451,7.201984821376085
3.0800100471882805,6.37411829249628,562.6050250772169,1006,0.7611355313029832,2,63.29516640126302,6.586180050053659
3.879747857056972,8.982257100706716,564.9273326285676,1181,0.7292191185312735,7,42.72494077648625,8.380494967364926
3.067176956186443,5.644646816202387,499.4030186282739,990,0.649721455071103,3,84.66352672216121,6.588941223562844
4.8234995934851135,4.8064931337912125,545.4001763493202,813,0.6135045695783382,5,80.01469968243981,6.301276538077896
6.053771987194408,6.997151320083897,497.70408272231214,974,0.6216768170722908,4,74.25199476657667,8.147668475995031
3.4073537002098067,7.040092607800868,442.5566570899954,1213,0.8170357184754204,5,110.65753364010855,6.737464871888856
3.447488584990646,6.350099038791264,495.2371796249734,1175,0.5816272341513755,5,69.00348029865259,6.641463383356382
1.414667112269806,9.47461526832016,339.4295331514064,889,0.5722961314196404,4,81.49595343007122,5.53074732654696
3.0504850279898195,7.987801231152907,482.6927373764163,791,0.6114770244742576,4,106.09787712608964,6.740558775720663
4.283213818900904,7.361789135645665,589.2002286344599,1223,0.6456474837070769,5,124.62899340858476,6.713987681805039
6.584815347244312,6.241349214897305,475.97225017214816,384,0.6972747222756905,6,120.003723294602,7.642612349930858
3.316914301818084,7.1815489193199005,288.3689391563412,870,0.6277305391588128,1,41.014910257438224,6.930263254893377
4.460719692801236,7.401738738782503,515.0201177958661,1224,0.679034531520978,5,103.70238685879738,8.08237699579656
4.9271739155871295,7.631473082683241,407.9813182904143,1363,0.6270862949484908,3,100.45057857476432,7.192750425884912
4.193886939280927,5.639928513123226,411.468640313824,1294,0.5688474643727723,7,118.70286868471308,6.774351323482013
3.7757743171305433,5.1600967650655605,461.0922589709866,718,0.6083627482663752,6,50.32136834179994,5.947246500999905
5.133154481325008,4.861551182004497,525.3341621104532,501,0.6290059653776606,7,56.15396472066944,6.982418237149546
3.1175663096694533,6.085981135667916,359.2436337958402,499,0.7965790373848365,4,103.86743737596557,6.293247033745185
2.081739680085903,8.026539427689766,420.97254558113485,991,0.6269979621853211,3,35.33100957843254,6.27105744076919
8.164877834008042,8.731092977406403,461.7327383308782,704,0.431955887999945,10,82.0372049654839,10.272539769933005
1.442489454154301,6.407806548092003,387.44372984904703,1422,0.7686073075353902,6,52.62325370903852,5.203348973592021
4.870657432078378,6.284392347540284,603.0750832343697,1417,0.5346959889654602,3,70.48191227222979,7.232578875327337
3.2384686131457463,4.683625251509379,521.7542255795962,723,0.6421106920447177,5,105.4263917646158,5.571838688766944
2.9224672824307047,5.828098587025808,509.0654830692309,976,0.5265734430573255,2,110.12523650780908,5.803843113098862
3.0537766986892247,7.381814231755349,529.4264679621828,1036,0.5458510613245644,5,79.62702735482712,6.597884041808492
4.060022839567098,6.0388781968489225,237.8145100991405,790,0.8134929256937677,9,83.44972009847024,6.583150830729425
2.3622569979498955,6.955879588316501,465.0393786476208,936,0.782504314631518,3,111.09613064394352,5.81147393981986
4.750000867670461,6.642869946391172,394.4522880839745,778,0.7311624859564005,9,44.91006751048481,7.070496024695398
1.6172969420399077,6.037692787384694,620.2214944635238,963,0.5695347971823581,5,85.48471586601354,5.457332076545781
2.7130063893997955,6.501535016443412,385.3772690156197,725,0.4759237414990399,4,67.49754592280746,6.289834981065308
1.035216783268749,4.767686502199698,479.6984673233186,953,0.7751379902407576,4,72.52441252949254,5.335985636496492
5.444094592672094,5.356322804949205,330.636316824352,591,0.7738494052347915,4,94.05882284307076,7.041163600822882
1.8405597313825488,6.118315633145767,494.7708560017315,1004,0.746834376408493,5,92.88300776540964,5.466692417561729
2.8731356813511644,6.853409195579968,394.2508214992166,668,0.7198604848691303,8,59.59449769018208,6.059893437488046
2.051502794715188,8.820353871251175,427.3515901150168,270,0.6984920946162239,5,84.15226348166601,5.630762868399301
2.146922668463734,8.832666156103347,407.9354677234641,1472,0.6119219127659248,7,62.86340920733349,5.961753682488724
3.570402353090554,6.770230976559954,383.1855914461006,1337,0.4393122109850867,5,118.22594125605522,6.855396527470871
2.6962978054215534,8.061976561754511,472.4092481810417,1104,0.6267414589355931,7,91.6318023969288,6.734985544756942
3.6157347443265753,6.134428143174628,525.9155160302647,717,0.654510434950974,6,41.95857144476775,6.546781436738009
3.762817128362768,6.774798757614982,283.05947188786286,623,0.7436064391586967,6,57.72733988956272,6.574728287093087
1.6413393865191486,7.148696924591551,531.351721736967,1373,0.5562831017491393,8,92.94572636730229,6.269743054756291
3.885798455533891,7.9398306394339,433.986720443336,1436,0.6911989740571398,9,114.82475771284923,7.105040338672738
0.3091588694727569,4.050618865207513,587.570681331162,1424,0.7176676869168869,7,65.60464674885156,5.155152047348181
4.539286376356155,8.665676736075266,504.62842480036994,979,0.6048133104810026,3,95.72446697547566,7.957863230769276
0.6799849491383547,8.045233295821006,494.0474737960399,1251,0.5993858908228282,5,40.71643564443446,4.522519601923053
3.777065712171625,4.888924091546859,506.8983079185275,1331,0.5877056261351586,7,73.42249037874082,6.465918428763244
2.487598971814172,7.2310344354216225,582.8194141849058,245,0.7106492108131366,3,33.30127095045779,6.114529315059688
3.6278141744508514,7.217258378511555,297.44748290752614,926,0.7322639535023132,12,41.21472310850568,6.594715489063941
2.039931742959448,5.534440405114515,511.91542610051977,1452,0.7276646309855643,2,60.43422289910446,5.815548372329772
1.5793166434962995,6.48722827968875,369.6325432030269,421,0.6363836683649498,6,100.18346588819148,6.064849658061341
